goodreads_book_id,genre_final
1,"['fantasy', 'fiction', 'children']"
2,"['fantasy', 'children', 'fiction']"
3,"['fantasy', 'fiction', 'children']"
5,"['fantasy', 'fiction', 'children']"
6,"['fantasy', 'fiction', 'children']"
8,"['fantasy', 'fiction', 'children']"
10,"['fantasy', 'fiction', 'children']"
11,"['fiction', 'sci-fi', 'fantasy']"
13,"['fiction', 'sci-fi', 'fantasy']"
21,"['historical', 'fiction', 'nonfiction']"
24,"['fiction', 'historical', 'horror']"
25,"['historical', 'fiction', 'nonfiction']"
26,"['fiction', 'historical', 'nonfiction']"
27,"['fiction', 'historical', 'nonfiction']"
28,"['fiction', 'historical', 'nonfiction']"
29,"['fiction', 'historical', 'nonfiction']"
30,"['fantasy', 'fiction', 'horror']"
33,"['fantasy', 'fiction', 'historical']"
34,"['fantasy', 'fiction', 'historical']"
36,"['fiction', 'fantasy', 'nonfiction']"
50,"['children', 'fiction', 'horror']"
67,"['fiction', 'historical', 'nonfiction']"
93,"['children', 'historical', 'fiction']"
98,"['children', 'fiction', 'nonfiction']"
105,"['fiction', 'sci-fi', 'fantasy']"
106,"['fiction', 'fantasy', 'sci-fi']"
112,"['fiction', 'sci-fi', 'fantasy']"
117,"['fiction', 'sci-fi', 'fantasy']"
119,"['fiction', 'fantasy', 'nonfiction']"
122,"['fiction', 'historical', 'nonfiction']"
231,"['fiction', 'nonfiction', 'poetry']"
249,"['fiction', 'historical', 'romance']"
250,"['fiction', 'historical', 'romance']"
264,"['historical', 'fiction', 'romance']"
275,"['fiction', 'historical', 'romance']"
291,"['poetry', 'fiction', 'philosophy']"
295,"['historical', 'fiction', 'children']"
304,"['historical', 'fiction', 'romance']"
320,"['historical', 'fiction', 'fantasy']"
343,"['fiction', 'historical', 'mystery']"
348,"['fiction', 'sci-fi', 'fantasy']"
350,"['fiction', 'sci-fi', 'fantasy']"
353,"['fiction', 'sci-fi', 'fantasy']"
355,"['fiction', 'sci-fi', 'fantasy']"
357,"['fiction', 'fantasy', 'sci-fi']"
359,"['fiction', 'sci-fi', 'fantasy']"
360,"['fiction', 'sci-fi', 'fantasy']"
365,"['fiction', 'fantasy', 'sci-fi']"
378,"['children', 'fantasy', 'fiction']"
386,"['historical', 'fiction', 'poetry']"
400,"['fiction', 'historical', 'nonfiction']"
415,"['fiction', 'historical', 'sci-fi']"
424,"['fiction', 'nonfiction', 'historical']"
428,"['fiction', 'historical', 'nonfiction']"
431,"['fiction', 'mystery', 'nonfiction']"
432,"['fiction', 'mystery', 'historical']"
446,"['fiction', 'poetry', 'children']"
447,"['fiction', 'poetry', 'nonfiction']"
449,"['fiction', 'historical', 'poetry']"
456,"['fiction', 'mystery', 'poetry']"
475,"['fiction', 'historical', 'nonfiction']"
597,"['fiction', 'poetry', 'historical']"
599,"['fiction', 'nonfiction', 'poetry']"
621,"['fiction', 'nonfiction', 'children']"
629,"['philosophy', 'fiction', 'historical']"
647,"['fiction', 'nonfiction', 'philosophy']"
656,"['historical', 'fiction', 'romance']"
662,"['fiction', 'historical', 'philosophy']"
665,"['philosophy', 'fiction', 'nonfiction']"
667,"['fiction', 'sci-fi', 'philosophy']"
668,"['historical', 'fiction', 'philosophy']"
676,"['poetry', 'fiction', 'historical']"
698,"['fiction', 'children', 'romance']"
703,"['fiction', 'historical', 'sci-fi']"
706,"['fiction', 'nonfiction', 'historical']"
760,"['fiction', 'historical', 'romance']"
771,"['nonfiction', 'sci-fi', 'fiction']"
816,"['fiction', 'sci-fi', 'fantasy']"
822,"['fiction', 'historical', 'fantasy']"
823,"['fiction', 'fantasy', 'historical']"
825,"['fiction', 'sci-fi', 'mystery']"
827,"['fiction', 'sci-fi', 'fantasy']"
830,"['fiction', 'sci-fi', 'fantasy']"
840,"['graphic', 'fiction', 'nonfiction']"
865,"['fiction', 'philosophy', 'historical']"
870,"['graphic', 'fiction', 'sci-fi']"
880,"['fiction', 'historical', 'mystery']"
890,"['historical', 'fiction', 'children']"
900,"['fiction', 'philosophy', 'historical']"
902,"['mystery', 'children', 'fiction']"
903,"['children', 'fiction', 'mystery']"
930,"['fiction', 'historical', 'romance']"
952,"['children', 'fiction', 'romance']"
960,"['mystery', 'fiction', 'horror']"
968,"['fiction', 'mystery', 'horror']"
976,"['mystery', 'fiction', 'horror']"
998,"['fiction', 'nonfiction', 'philosophy']"
1005,"['fiction', 'historical', 'poetry']"
1032,"['historical', 'fiction', 'nonfiction']"
1052,"['fiction', 'nonfiction', 'philosophy']"
1067,"['historical', 'fiction', 'nonfiction']"
1078,"['fiction', 'children', 'nonfiction']"
1097,"['fiction', 'nonfiction', 'philosophy']"
1103,"['fiction', 'historical', 'romance']"
1110,"['mystery', 'fiction', 'horror']"
1171,"['fiction', 'historical', 'nonfiction']"
1191,"['fiction', 'children']"
1192,"['fiction', 'nonfiction']"
1202,"['fiction', 'nonfiction', 'philosophy']"
1232,"['fiction', 'mystery', 'fantasy']"
1241,"['fiction', 'historical', 'philosophy']"
1274,"['fiction', 'philosophy', 'romance']"
1295,"['fiction', 'historical', 'romance']"
1301,"['fiction', 'historical', 'nonfiction']"
1303,"['fiction', 'philosophy', 'historical']"
1305,"['fiction', 'historical', 'fantasy']"
1307,"['fantasy', 'fiction', 'sci-fi']"
1319,"['poetry', 'fiction', 'philosophy']"
1362,"['historical', 'fiction', 'fantasy']"
1371,"['historical', 'fiction', 'poetry']"
1375,"['historical', 'fiction', 'poetry']"
1381,"['historical', 'fiction', 'poetry']"
1420,"['historical', 'fiction', 'poetry']"
1426,"['philosophy', 'fiction', 'poetry']"
1427,"['philosophy', 'fiction', 'romance']"
1428,"['fiction', 'philosophy', 'romance']"
1430,"['fiction', 'romance', 'philosophy']"
1431,"['fiction', 'philosophy', 'romance']"
1519,"['historical', 'fiction', 'fantasy']"
1524,"['historical', 'fiction', 'fantasy']"
1540,"['historical', 'fiction', 'fantasy']"
1554,"['fiction', 'children', 'historical']"
1591,"['fiction', 'historical', 'romance']"
1617,"['historical', 'fiction', 'children']"
1618,"['fiction', 'historical', 'mystery']"
1622,"['historical', 'fiction', 'poetry']"
1624,"['historical', 'fiction', 'horror']"
1625,"['historical', 'fiction', 'poetry']"
1627,"['fiction', 'romance', 'nonfiction']"
1633,"['fiction', 'nonfiction', 'poetry']"
1635,"['fiction', 'philosophy', 'nonfiction']"
1715,"['poetry', 'fiction', 'fantasy']"
1823,"['fiction', 'nonfiction', 'philosophy']"
1824,"['fiction', 'historical', 'nonfiction']"
1842,"['fiction', 'historical', 'nonfiction']"
1845,"['fiction', 'historical', 'horror']"
1846,"['philosophy', 'fiction', 'romance']"
1848,"['historical', 'fiction', 'nonfiction']"
1849,"['mystery', 'fiction', 'horror']"
1852,"['historical', 'fiction', 'children']"
1869,"['fiction', 'historical', 'nonfiction']"
1875,"['fiction', 'philosophy', 'romance']"
1885,"['historical', 'fiction', 'romance']"
1897,"['fiction', 'horror', 'historical']"
1898,"['fiction', 'historical', 'horror']"
1911,"['fiction', 'nonfiction', 'historical']"
1934,"['historical', 'fiction', 'children']"
1953,"['historical', 'fiction', 'children']"
1990,"['historical', 'fiction', 'nonfiction']"
2002,"['fantasy', 'fiction', 'children']"
2049,"['mystery', 'fiction', 'historical']"
2050,"['mystery', 'fiction', 'historical']"
2052,"['mystery', 'fiction', 'historical']"
2054,"['mystery', 'fiction', 'historical']"
2067,"['philosophy', 'fiction', 'nonfiction']"
2068,"['nonfiction', 'philosophy', 'fiction']"
2094,"['fiction', 'nonfiction', 'sci-fi']"
2095,"['sci-fi', 'nonfiction', 'fiction']"
2122,"['fiction', 'historical', 'philosophy']"
2137,"['fiction', 'romance', 'poetry']"
2142,"['fiction', 'mystery', 'horror']"
2152,"['fiction', 'romance', 'nonfiction']"
2156,"['historical', 'fiction', 'romance']"
2159,"['fiction', 'nonfiction', 'historical']"
2165,"['historical', 'fiction', 'children']"
2175,"['historical', 'fiction', 'romance']"
2183,"['fiction', 'historical', 'poetry']"
2187,"['fiction', 'historical', 'romance']"
2199,"['historical', 'fiction', 'nonfiction']"
2203,"['historical', 'fiction', 'nonfiction']"
2255,"['philosophy', 'fiction', 'historical']"
2265,"['historical', 'fiction', 'nonfiction']"
2279,"['historical', 'fiction', 'nonfiction']"
2368,"['historical', 'fiction', 'nonfiction']"
2371,"['historical', 'fiction', 'horror']"
2372,"['fiction', 'historical', 'nonfiction']"
2373,"['mystery', 'fiction', 'poetry']"
2430,"['mystery', 'nonfiction', 'fiction']"
2442,"['fantasy', 'fiction', 'horror']"
2493,"['fiction', 'historical', 'sci-fi']"
2517,"['fiction', 'mystery', 'historical']"
2526,"['fiction', 'sci-fi', 'historical']"
2528,"['fiction', 'fantasy', 'nonfiction']"
2530,"['fiction', 'historical', 'romance']"
2547,"['philosophy', 'poetry', 'fiction']"
2612,"['fiction', 'philosophy', 'nonfiction']"
2615,"['fiction', 'nonfiction', 'sci-fi']"
2623,"['historical', 'fiction', 'children']"
2657,"['historical', 'fiction', 'children']"
2666,"['fiction', 'historical', 'mystery']"
2677,"['fiction', 'nonfiction', 'historical']"
2696,"['poetry', 'fiction', 'historical']"
2715,"['fiction', 'historical', 'nonfiction']"
2743,"['fiction', 'historical', 'children']"
2744,"['fantasy', 'fiction', 'horror']"
2748,"['fiction', 'sci-fi', 'historical']"
2767,"['historical', 'fiction', 'nonfiction']"
2784,"['fiction', 'philosophy', 'nonfiction']"
2794,"['fiction', 'historical', 'mystery']"
2839,"['children', 'fiction', 'historical']"
2865,"['fiction', 'historical', 'romance']"
2872,"['fiction', 'historical', 'romance']"
2873,"['fiction', 'historical', 'romance']"
2879,"['graphic', 'horror', 'fiction']"
2880,"['graphic', 'fantasy', 'horror']"
2915,"['fiction', 'children', 'horror']"
2932,"['historical', 'fiction', 'horror']"
2956,"['historical', 'fiction', 'children']"
2978,"['fiction', 'sci-fi', 'fantasy']"
2998,"['historical', 'children', 'fiction']"
3008,"['historical', 'children', 'fiction']"
3028,"['nonfiction', 'fiction', 'philosophy']"
3049,"['historical', 'fiction', 'poetry']"
3061,"['fiction', 'graphic', 'nonfiction']"
3087,"['historical', 'fiction', 'romance']"
3102,"['fiction', 'historical', 'romance']"
3103,"['fiction', 'historical', 'romance']"
3109,"['fiction', 'nonfiction', 'historical']"
3110,"['fiction', 'historical', 'nonfiction']"
3273,"['fiction', 'historical', 'nonfiction']"
3291,"['fiction', 'nonfiction', 'fantasy']"
3300,"['fiction', 'historical', 'romance']"
3304,"['fantasy', 'fiction', 'children']"
3368,"['graphic', 'fiction', 'nonfiction']"
3378,"['fiction', 'historical', 'nonfiction']"
3379,"['fiction', 'poetry', 'children']"
3381,"['fiction', 'mystery', 'philosophy']"
3384,"['fiction', 'sci-fi', 'fantasy']"
3388,"['fiction', 'historical', 'poetry']"
3412,"['fiction', 'romance', 'historical']"
3431,"['fiction', 'philosophy', 'horror']"
3446,"['fiction', 'historical', 'children']"
3447,"['fiction', 'mystery', 'historical']"
3462,"['romance', 'fiction', 'children']"
3463,"['romance', 'fiction', 'mystery']"
3464,"['romance', 'fiction', 'mystery']"
3465,"['fiction', 'historical', 'romance']"
3466,"['romance', 'fiction', 'children']"
3467,"['sci-fi', 'fiction', 'children']"
3473,"['fiction', 'romance', 'nonfiction']"
3476,"['fiction', 'romance', 'children']"
3478,"['romance', 'fiction', 'nonfiction']"
3483,"['fiction', 'mystery', 'nonfiction']"
3507,"['mystery', 'fiction', 'romance']"
3559,"['historical', 'fiction', 'nonfiction']"
3562,"['children', 'historical', 'fiction']"
3579,"['children', 'fiction', 'romance']"
3581,"['mystery', 'historical', 'fiction']"
3586,"['mystery', 'historical', 'fiction']"
3590,"['mystery', 'historical', 'fiction']"
3636,"['fiction', 'children', 'sci-fi']"
3648,"['fiction', 'nonfiction', 'poetry']"
3656,"['fiction', 'historical', 'poetry']"
3679,"['fiction', 'nonfiction', 'romance']"
3682,"['fantasy', 'horror', 'fiction']"
3685,"['historical', 'children', 'fiction']"
3686,"['fiction', 'historical', 'nonfiction']"
3690,"['fiction', 'historical', 'philosophy']"
3692,"['fiction', 'historical', 'philosophy']"
3698,"['fiction', 'historical', 'mystery']"
3710,"['fiction', 'nonfiction', 'poetry']"
3711,"['fiction', 'nonfiction', 'historical']"
3717,"['nonfiction', 'fiction', 'historical']"
3750,"['mystery', 'fiction', 'horror']"
3757,"['fiction', 'mystery', 'horror']"
3758,"['mystery', 'fiction', 'historical']"
3759,"['mystery', 'fiction', 'horror']"
3760,"['mystery', 'fiction', 'horror']"
3762,"['fiction', 'mystery', 'horror']"
3763,"['mystery', 'fiction', 'horror']"
3764,"['mystery', 'fiction', 'horror']"
3805,"['fiction', 'historical', 'children']"
3832,"['mystery', 'fiction', 'historical']"
3836,"['historical', 'fiction', 'horror']"
3858,"['fiction', 'historical', 'philosophy']"
3867,"['fiction', 'romance', 'historical']"
3869,"['nonfiction', 'fiction', 'sci-fi']"
3872,"['fiction', 'historical', 'nonfiction']"
3873,"['philosophy', 'fiction', 'historical']"
3876,"['fiction', 'historical', 'children']"
3882,"['fiction', 'nonfiction']"
3885,"['fiction', 'nonfiction', 'mystery']"
3888,"['fiction', 'nonfiction']"
3895,"['fiction', 'nonfiction']"
3972,"['fiction', 'sci-fi', 'fantasy']"
3973,"['fantasy', 'fiction', 'sci-fi']"
3974,"['horror', 'fiction', 'mystery']"
3977,"['fiction', 'sci-fi', 'fantasy']"
3980,"['children', 'fiction', 'historical']"
3985,"['fiction', 'historical', 'graphic']"
4004,"['fiction', 'philosophy', 'historical']"
4005,"['fiction', 'philosophy', 'poetry']"
4006,"['fiction', 'philosophy', 'fantasy']"
4008,"['philosophy', 'fiction', 'fantasy']"
4009,"['fiction', 'nonfiction', 'historical']"
4031,"['fiction', 'horror', 'mystery']"
4035,"['mystery', 'fiction']"
4069,"['philosophy', 'fiction', 'historical']"
4076,"['fiction', 'nonfiction', 'historical']"
4099,"['historical', 'nonfiction', 'fiction']"
4122,"['fiction', 'nonfiction', 'philosophy']"
4135,"['fiction', 'historical', 'nonfiction']"
4136,"['fiction', 'nonfiction', 'historical']"
4137,"['fiction', 'historical', 'nonfiction']"
4138,"['fiction', 'historical', 'nonfiction']"
4143,"['fiction', 'nonfiction', 'historical']"
4214,"['fiction', 'fantasy', 'philosophy']"
4261,"['fiction', 'poetry', 'nonfiction']"
4264,"['fiction', 'historical', 'fantasy']"
4268,"['fiction', 'romance', 'historical']"
4271,"['fiction', 'children', 'romance']"
4325,"['romance', 'fiction', 'fantasy']"
4339,"['historical', 'fiction', 'nonfiction']"
4364,"['fiction', 'historical', 'nonfiction']"
4373,"['historical', 'fiction', 'nonfiction']"
4381,"['fiction', 'sci-fi', 'historical']"
4395,"['historical', 'fiction', 'children']"
4406,"['historical', 'fiction', 'children']"
4407,"['fantasy', 'fiction', 'horror']"
4473,"['fiction', 'historical', 'children']"
4477,"['fiction', 'nonfiction', 'historical']"
4507,"['historical', 'fiction', 'philosophy']"
4516,"['horror', 'fiction', 'mystery']"
4530,"['romance', 'fiction', 'mystery']"
4538,"['children', 'fiction', 'historical']"
4588,"['fiction', 'children', 'historical']"
4591,"['nonfiction', 'fiction', 'sci-fi']"
4599,"['fiction', 'mystery', 'fantasy']"
4600,"['children', 'fiction', 'poetry']"
4625,"['fiction', 'nonfiction', 'historical']"
4630,"['fiction', 'historical', 'horror']"
4631,"['historical', 'fiction', 'nonfiction']"
4633,"['fiction', 'historical', 'poetry']"
4645,"['fiction', 'historical', 'nonfiction']"
4652,"['fiction', 'historical', 'nonfiction']"
4656,"['fiction', 'poetry', 'romance']"
4657,"['fiction', 'historical', 'poetry']"
4659,"['fiction', 'romance', 'nonfiction']"
4660,"['fiction', 'romance', 'historical']"
4662,"['historical', 'fiction', 'nonfiction']"
4671,"['historical', 'fiction', 'children']"
4687,"['fiction', 'historical', 'romance']"
4692,"['fiction', 'historical', 'horror']"
4701,"['fiction', 'children', 'poetry']"
4708,"['historical', 'fiction', 'romance']"
4796,"['fiction', 'historical', 'poetry']"
4799,"['fiction', 'historical', 'poetry']"
4806,"['fiction', 'nonfiction', 'historical']"
4813,"['historical', 'fiction', 'nonfiction']"
4820,"['historical', 'fiction', 'philosophy']"
4830,"['fiction', 'fantasy', 'historical']"
4835,"['fiction', 'fantasy', 'children']"
4865,"['fiction', 'historical', 'philosophy']"
4866,"['fiction', 'philosophy', 'poetry']"
4887,"['philosophy', 'fiction', 'children']"
4894,"['fiction', 'philosophy', 'poetry']"
4898,"['fiction', 'nonfiction', 'graphic']"
4900,"['historical', 'fiction', 'children']"
4909,"['historical', 'fiction', 'nonfiction']"
4912,"['historical', 'fiction', 'nonfiction']"
4921,"['fiction', 'historical', 'horror']"
4929,"['fiction', 'fantasy', 'poetry']"
4934,"['historical', 'fiction', 'philosophy']"
4948,"['children', 'fiction', 'historical']"
4950,"['fiction', 'horror', 'historical']"
4952,"['fiction', 'historical', 'nonfiction']"
4953,"['fiction', 'historical', 'nonfiction']"
4954,"['fiction', 'poetry', 'horror']"
4955,"['fiction', 'nonfiction', 'historical']"
4965,"['fiction', 'historical', 'nonfiction']"
4978,"['horror', 'fantasy', 'fiction']"
4979,"['fiction', 'historical', 'nonfiction']"
4980,"['fiction', 'historical', 'sci-fi']"
4981,"['fiction', 'historical', 'sci-fi']"
4982,"['fiction', 'sci-fi', 'historical']"
4983,"['fiction', 'historical', 'sci-fi']"
4984,"['fiction', 'nonfiction', 'historical']"
4985,"['fiction', 'nonfiction', 'sci-fi']"
4986,"['fiction', 'nonfiction', 'historical']"
4987,"['fiction', 'historical', 'nonfiction']"
4989,"['fiction', 'historical', 'nonfiction']"
5015,"['fiction', 'nonfiction', 'poetry']"
5038,"['fantasy', 'fiction', 'romance']"
5043,"['fiction', 'historical', 'fantasy']"
5052,"['mystery', 'fiction', 'historical']"
5053,"['mystery', 'fiction', 'historical']"
5055,"['fiction', 'mystery', 'historical']"
5062,"['fiction', 'mystery', 'historical']"
5064,"['fiction', 'historical', 'romance']"
5068,"['fiction', 'historical', 'nonfiction']"
5084,"['historical', 'fiction', 'nonfiction']"
5091,"['fantasy', 'fiction', 'horror']"
5093,"['fantasy', 'nonfiction', 'fiction']"
5094,"['fantasy', 'fiction', 'nonfiction']"
5096,"['fantasy', 'nonfiction', 'fiction']"
5107,"['historical', 'fiction', 'children']"
5113,"['fiction', 'historical', 'nonfiction']"
5114,"['fiction', 'historical', 'nonfiction']"
5128,"['philosophy', 'fiction', 'nonfiction']"
5129,"['fiction', 'sci-fi', 'historical']"
5130,"['fiction', 'sci-fi', 'historical']"
5139,"['romance', 'fiction', 'nonfiction']"
5148,"['historical', 'fiction', 'children']"
5157,"['fiction', 'romance', 'mystery']"
5158,"['fiction', 'romance', 'nonfiction']"
5159,"['fiction', 'romance', 'fantasy']"
5160,"['historical', 'fiction', 'poetry']"
5161,"['fiction', 'mystery', 'romance']"
5166,"['fiction', 'mystery', 'romance']"
5167,"['fiction', 'historical', 'children']"
5168,"['fiction', 'romance', 'nonfiction']"
5171,"['fiction', 'mystery', 'historical']"
5174,"['fiction', 'historical', 'romance']"
5175,"['fiction', 'romance', 'nonfiction']"
5176,"['fiction', 'romance', 'mystery']"
5179,"['fiction', 'historical', 'romance']"
5180,"['fiction', 'philosophy', 'romance']"
5181,"['fiction', 'children', 'romance']"
5182,"['fiction', 'romance', 'children']"
5186,"['fiction', 'historical', 'nonfiction']"
5187,"['fiction', 'romance', 'children']"
5190,"['fiction', 'romance', 'children']"
5191,"['fiction', 'romance', 'mystery']"
5196,"['romance', 'fiction', 'children']"
5197,"['fiction', 'historical', 'children']"
5198,"['fiction', 'historical', 'romance']"
5203,"['fiction', 'romance', 'philosophy']"
5204,"['fiction', 'children', 'historical']"
5205,"['fiction', 'romance', 'children']"
5211,"['fiction', 'historical', 'nonfiction']"
5246,"['historical', 'fiction', 'children']"
5289,"['historical', 'fiction', 'poetry']"
5296,"['historical', 'fiction', 'romance']"
5297,"['historical', 'fiction', 'horror']"
5306,"['fiction', 'historical', 'horror']"
5308,"['historical', 'fiction', 'children']"
5326,"['historical', 'fiction', 'fantasy']"
5338,"['historical', 'fiction', 'nonfiction']"
5344,"['historical', 'fiction', 'children']"
5345,"['mystery', 'fiction', 'historical']"
5346,"['mystery', 'fiction', 'nonfiction']"
5347,"['fiction', 'mystery', 'horror']"
5348,"['mystery', 'fiction', 'horror']"
5349,"['mystery', 'fiction', 'children']"
5350,"['mystery', 'fiction', 'horror']"
5351,"['mystery', 'fiction', 'horror']"
5352,"['mystery', 'fiction', 'horror']"
5354,"['mystery', 'fiction', 'nonfiction']"
5355,"['mystery', 'fiction', 'horror']"
5356,"['mystery', 'fiction', 'horror']"
5357,"['fiction', 'mystery', 'children']"
5358,"['mystery', 'fiction', 'horror']"
5359,"['mystery', 'fiction', 'nonfiction']"
5360,"['fiction', 'mystery', 'children']"
5364,"['fiction', 'romance', 'fantasy']"
5367,"['fantasy', 'fiction', 'sci-fi']"
5368,"['fiction', 'historical', 'romance']"
5369,"['mystery', 'fiction', 'historical']"
5413,"['horror', 'nonfiction', 'fiction']"
5417,"['horror', 'nonfiction', 'fiction']"
5439,"['fiction', 'nonfiction', 'historical']"
5452,"['fiction', 'romance', 'children']"
5453,"['fiction', 'romance', 'children']"
5454,"['fiction', 'romance', 'children']"
5470,"['fiction', 'sci-fi', 'fantasy']"
5472,"['fiction', 'historical', 'sci-fi']"
5479,"['fiction', 'sci-fi', 'historical']"
5481,"['fiction', 'sci-fi', 'historical']"
5508,"['historical', 'fiction', 'nonfiction']"
5509,"['historical', 'fiction', 'children']"
5517,"['fiction', 'historical', 'children']"
5526,"['romance', 'fiction', 'nonfiction']"
5527,"['fiction', 'historical', 'nonfiction']"
5544,"['nonfiction', 'historical', 'fiction']"
5548,"['nonfiction', 'historical', 'fiction']"
5552,"['nonfiction', 'sci-fi', 'fiction']"
5553,"['fiction', 'nonfiction', 'sci-fi']"
5559,"['historical', 'fiction', 'nonfiction']"
5571,"['graphic', 'nonfiction', 'fiction']"
5575,"['mystery', 'fiction', 'horror']"
5659,"['children', 'historical', 'fiction']"
5693,"['fiction', 'nonfiction', 'historical']"
5695,"['fiction', 'philosophy', 'historical']"
5697,"['fiction', 'historical', 'nonfiction']"
5720,"['fiction', 'mystery', 'horror']"
5752,"['philosophy', 'nonfiction', 'fiction']"
5755,"['fiction', 'nonfiction', 'philosophy']"
5759,"['fiction', 'mystery', 'historical']"
5787,"['fiction', 'nonfiction', 'fantasy']"
5797,"['historical', 'fiction', 'romance']"
5805,"['graphic', 'fiction', 'sci-fi']"
5809,"['fiction', 'historical', 'poetry']"
5826,"['fiction', 'poetry', 'romance']"
5845,"['fiction', 'historical', 'nonfiction']"
5849,"['fiction', 'historical', 'poetry']"
5872,"['fiction', 'historical', 'nonfiction']"
5890,"['historical', 'mystery', 'fiction']"
5907,"['fantasy', 'fiction', 'historical']"
5932,"['historical', 'fiction', 'poetry']"
5936,"['poetry', 'fiction', 'historical']"
5942,"['fiction', 'mystery', 'historical']"
5946,"['fiction', 'historical', 'children']"
5954,"['fiction', 'historical', 'philosophy']"
6138,"['historical', 'mystery', 'fiction']"
6149,"['fiction', 'historical', 'fantasy']"
6150,"['fiction', 'historical', 'children']"
6159,"['fiction', 'fantasy', 'poetry']"
6174,"['historical', 'fiction', 'nonfiction']"
6185,"['historical', 'fiction', 'romance']"
6192,"['fiction', 'historical', 'children']"
6193,"['fiction', 'nonfiction', 'historical']"
6194,"['fiction', 'historical', 'children']"
6259,"['fiction', 'historical', 'romance']"
6288,"['fiction', 'sci-fi', 'horror']"
6294,"['fantasy', 'fiction', 'children']"
6295,"['poetry', 'historical', 'fiction']"
6310,"['children', 'fiction', 'historical']"
6319,"['children', 'fantasy', 'historical']"
6327,"['children', 'fantasy', 'fiction']"
6328,"['children', 'poetry', 'fiction']"
6334,"['fiction', 'sci-fi', 'fantasy']"
6419,"['mystery', 'fiction', 'romance']"
6420,"['mystery', 'fiction', 'romance']"
6422,"['mystery', 'fiction', 'romance']"
6423,"['mystery', 'fiction', 'romance']"
6424,"['mystery', 'fiction', 'romance']"
6425,"['mystery', 'fiction', 'romance']"
6426,"['mystery', 'romance', 'fiction']"
6427,"['mystery', 'fiction', 'romance']"
6440,"['historical', 'fiction', 'horror']"
6462,"['historical', 'fiction', 'nonfiction']"
6514,"['fiction', 'historical', 'romance']"
6520,"['fiction', 'historical', 'nonfiction']"
6526,"['mystery', 'fiction', 'sci-fi']"
6528,"['mystery', 'fiction', 'sci-fi']"
6530,"['mystery', 'fiction', 'sci-fi']"
6531,"['mystery', 'fiction', 'sci-fi']"
6534,"['mystery', 'fiction', 'horror']"
6537,"['mystery', 'fiction', 'sci-fi']"
6538,"['mystery', 'fiction', 'historical']"
6539,"['mystery', 'fiction', 'horror']"
6541,"['mystery', 'fiction', 'sci-fi']"
6551,"['fiction', 'historical', 'poetry']"
6554,"['horror', 'mystery', 'fiction']"
6572,"['horror', 'mystery', 'fiction']"
6588,"['mystery', 'fiction', 'philosophy']"
6596,"['philosophy', 'fiction', 'poetry']"
6613,"['romance', 'fiction', 'nonfiction']"
6614,"['romance', 'fiction']"
6628,"['fiction', 'fantasy', 'mystery']"
6656,"['historical', 'fiction', 'poetry']"
6667,"['historical', 'fiction', 'children']"
6670,"['children', 'fiction', 'fantasy']"
6671,"['children', 'fiction', 'nonfiction']"
6678,"['historical', 'fiction', 'children']"
6687,"['children', 'fiction', 'fantasy']"
6689,"['children', 'fiction', 'fantasy']"
6690,"['children', 'fiction', 'historical']"
6693,"['children', 'fiction', 'fantasy']"
6694,"['children', 'fiction', 'fantasy']"
6697,"['fiction', 'romance', 'children']"
6708,"['philosophy', 'fiction', 'poetry']"
6709,"['philosophy', 'fiction', 'poetry']"
6748,"['fiction', 'nonfiction', 'historical']"
6749,"['fiction', 'nonfiction', 'philosophy']"
6750,"['fiction', 'philosophy', 'poetry']"
6751,"['fiction', 'nonfiction', 'philosophy']"
6753,"['nonfiction', 'fiction', 'poetry']"
6759,"['fiction', 'historical', 'sci-fi']"
6819,"['fiction', 'fantasy', 'sci-fi']"
6820,"['fiction', 'fantasy', 'mystery']"
6853,"['mystery', 'fiction', 'romance']"
6854,"['mystery', 'fiction', 'romance']"
6858,"['mystery', 'fiction', 'romance']"
6862,"['fiction', 'nonfiction', 'poetry']"
6867,"['fiction', 'historical', 'romance']"
6870,"['fiction', 'mystery', 'nonfiction']"
6872,"['fiction', 'mystery', 'horror']"
6882,"['fiction', 'historical', 'horror']"
6900,"['fiction', 'historical', 'philosophy']"
6952,"['fiction', 'fantasy', 'romance']"
6969,"['historical', 'fiction', 'romance']"
6976,"['fiction', 'romance', 'philosophy']"
7035,"['mystery', 'fiction', 'romance']"
7036,"['mystery', 'fiction', 'romance']"
7039,"['mystery', 'fiction', 'romance']"
7053,"['mystery', 'fiction', 'romance']"
7058,"['mystery', 'fiction', 'romance']"
7061,"['mystery', 'fiction', 'nonfiction']"
7062,"['fiction', 'historical', 'nonfiction']"
7069,"['fiction', 'historical', 'poetry']"
7073,"['fiction', 'poetry', 'mystery']"
7081,"['fiction', 'sci-fi', 'fantasy']"
7082,"['sci-fi', 'fantasy', 'fiction']"
7126,"['historical', 'fiction', 'horror']"
7144,"['fiction', 'philosophy', 'mystery']"
7184,"['historical', 'fiction', 'horror']"
7186,"['historical', 'fiction', 'romance']"
7190,"['historical', 'fiction', 'horror']"
7194,"['mystery', 'fiction', 'horror']"
7199,"['fiction', 'mystery', 'historical']"
7201,"['fiction', 'mystery', 'historical']"
7214,"['philosophy', 'fiction', 'historical']"
7244,"['fiction', 'historical', 'philosophy']"
7252,"['historical', 'fiction', 'nonfiction']"
7329,"['fantasy', 'fiction', 'nonfiction']"
7332,"['fiction', 'fantasy', 'historical']"
7354,"['fiction', 'historical', 'nonfiction']"
7389,"['graphic', 'fantasy', 'fiction']"
7432,"['mystery', 'fiction', 'historical']"
7433,"['mystery', 'fiction', 'historical']"
7437,"['fiction', 'historical', 'poetry']"
7442,"['fiction', 'historical', 'nonfiction']"
7445,"['historical', 'fiction', 'nonfiction']"
7455,"['romance', 'fiction', 'nonfiction']"
7493,"['historical', 'fiction', 'nonfiction']"
7494,"['romance', 'fiction', 'mystery']"
7510,"['mystery', 'fiction', 'horror']"
7520,"['mystery', 'fiction', 'horror']"
7531,"['fiction', 'historical', 'nonfiction']"
7572,"['fiction', 'fantasy', 'romance']"
7579,"['philosophy', 'fiction', 'poetry']"
7588,"['fiction', 'historical', 'children']"
7603,"['historical', 'fiction', 'nonfiction']"
7604,"['fiction', 'historical', 'romance']"
7613,"['historical', 'fiction', 'sci-fi']"
7624,"['historical', 'fiction', 'sci-fi']"
7628,"['fiction', 'historical', 'children']"
7661,"['fiction', 'mystery', 'sci-fi']"
7663,"['mystery', 'fiction', 'sci-fi']"
7667,"['fiction', 'mystery', 'sci-fi']"
7668,"['mystery', 'fiction', 'sci-fi']"
7669,"['fiction', 'sci-fi', 'mystery']"
7670,"['fiction', 'sci-fi', 'mystery']"
7672,"['fiction', 'mystery', 'sci-fi']"
7673,"['fiction', 'fantasy', 'mystery']"
7675,"['fiction', 'mystery', 'sci-fi']"
7677,"['fiction', 'sci-fi', 'mystery']"
7679,"['fiction', 'mystery', 'sci-fi']"
7682,"['fiction', 'mystery', 'historical']"
7707,"['historical', 'fiction', 'romance']"
7714,"['historical', 'fiction', 'children']"
7723,"['fiction', 'historical', 'nonfiction']"
7728,"['historical', 'fiction', 'children']"
7733,"['historical', 'fiction', 'fantasy']"
7742,"['fiction', 'historical', 'nonfiction']"
7745,"['fiction', 'historical', 'nonfiction']"
7748,"['fiction', 'nonfiction', 'historical']"
7763,"['fiction', 'historical', 'children']"
7769,"['children', 'fiction', 'poetry']"
7770,"['children', 'fiction', 'poetry']"
7779,"['children', 'fiction', 'historical']"
7780,"['fiction', 'nonfiction', 'children']"
7784,"['children', 'historical', 'fiction']"
7785,"['children', 'fiction', 'poetry']"
7788,"['children', 'historical', 'fiction']"
7797,"['children', 'fiction', 'poetry']"
7805,"['fiction', 'historical', 'poetry']"
7815,"['historical', 'fiction', 'nonfiction']"
7869,"['mystery', 'fiction', 'horror']"
7882,"['children', 'fiction', 'historical']"
7909,"['children', 'fiction', 'historical']"
7911,"['children', 'fiction', 'historical']"
7926,"['children', 'fiction', 'historical']"
7967,"['fiction', 'sci-fi', 'fantasy']"
7968,"['fantasy', 'fiction', 'historical']"
7973,"['fantasy', 'fiction', 'children']"
7979,"['fantasy', 'children', 'fiction']"
7980,"['fantasy', 'children', 'fiction']"
7981,"['fantasy', 'children', 'fiction']"
7983,"['fantasy', 'children', 'fiction']"
7987,"['fantasy', 'children', 'fiction']"
7993,"['fantasy', 'children', 'fiction']"
7996,"['fantasy', 'children', 'fiction']"
7998,"['fantasy', 'children', 'fiction']"
7999,"['fantasy', 'children', 'fiction']"
8073,"['children', 'fiction', 'fantasy']"
8087,"['fantasy', 'children', 'fiction']"
8088,"['horror', 'fantasy', 'fiction']"
8089,"['fantasy', 'children', 'fiction']"
8127,"['children', 'fiction', 'historical']"
8155,"['fiction', 'romance', 'historical']"
8172,"['graphic', 'fiction', 'fantasy']"
8248,"['children', 'fiction', 'historical']"
8252,"['children', 'fiction', 'historical']"
8253,"['children', 'fiction', 'historical']"
8282,"['children', 'fiction', 'historical']"
8296,"['children', 'fiction', 'historical']"
8337,"['children', 'historical', 'fiction']"
8492,"['fiction', 'mystery', 'philosophy']"
8515,"['fiction', 'historical', 'nonfiction']"
8600,"['fiction', 'poetry', 'nonfiction']"
8646,"['fiction', 'children', 'romance']"
8647,"['fiction', 'sci-fi', 'fantasy']"
8648,"['fiction', 'sci-fi', 'fantasy']"
8650,"['fiction', 'mystery', 'horror']"
8676,"['philosophy', 'fiction', 'poetry']"
8680,"['fiction', 'fantasy', 'philosophy']"
8682,"['fiction', 'fantasy', 'philosophy']"
8694,"['fiction', 'sci-fi', 'fantasy']"
8695,"['fiction', 'sci-fi', 'fantasy']"
8696,"['fiction', 'nonfiction', 'sci-fi']"
8698,"['fiction', 'sci-fi', 'fantasy']"
8725,"['historical', 'fiction', 'nonfiction']"
8732,"['fiction', 'historical', 'children']"
8745,"['historical', 'fiction', 'nonfiction']"
8765,"['fiction', 'historical', 'nonfiction']"
8852,"['fiction', 'children', 'horror']"
8908,"['horror', 'fiction', 'sci-fi']"
8909,"['fiction', 'historical', 'sci-fi']"
8914,"['historical', 'fiction', 'nonfiction']"
8921,"['mystery', 'historical', 'fiction']"
8948,"['horror', 'fiction', 'children']"
8949,"['horror', 'fantasy', 'fiction']"
8951,"['horror', 'fantasy', 'children']"
8952,"['horror', 'fantasy', 'children']"
8953,"['fiction', 'children', 'horror']"
8957,"['horror', 'fantasy', 'fiction']"
8960,"['horror', 'fantasy', 'fiction']"
8962,"['horror', 'fantasy', 'children']"
8963,"['horror', 'children', 'fiction']"
8964,"['fiction', 'philosophy', 'historical']"
8965,"['horror', 'fantasy', 'children']"
8966,"['horror', 'fantasy', 'fiction']"
8967,"['horror', 'fantasy', 'fiction']"
8968,"['horror', 'fantasy', 'fiction']"
9010,"['fiction', 'historical', 'nonfiction']"
9013,"['fiction', 'historical', 'horror']"
9014,"['sci-fi', 'fiction', 'mystery']"
9282,"['fiction', 'romance', 'mystery']"
9298,"['romance', 'fiction', 'historical']"
9300,"['romance', 'fiction', 'children']"
9301,"['romance', 'fiction', 'children']"
9302,"['romance', 'fiction', 'nonfiction']"
9303,"['romance', 'fiction', 'nonfiction']"
9328,"['fiction', 'fantasy', 'historical']"
9355,"['fiction', 'poetry', 'children']"
9370,"['fiction', 'fantasy', 'philosophy']"
9375,"['fiction', 'romance', 'historical']"
9416,"['fiction', 'romance', 'nonfiction']"
9417,"['fiction', 'romance', 'nonfiction']"
9418,"['fiction', 'romance', 'nonfiction']"
9419,"['romance', 'fiction', 'nonfiction']"
9420,"['romance', 'fiction', 'nonfiction']"
9454,"['fiction', 'philosophy', 'historical']"
9475,"['children', 'fiction', 'fantasy']"
9503,"['fiction', 'horror', 'historical']"
9516,"['historical', 'fiction', 'graphic']"
9517,"['historical', 'fiction', 'graphic']"
9522,"['graphic', 'historical', 'fiction']"
9526,"['graphic', 'historical', 'fiction']"
9530,"['fiction', 'historical', 'horror']"
9531,"['fantasy', 'children', 'fiction']"
9532,"['fiction', 'sci-fi', 'fantasy']"
9534,"['sci-fi', 'fiction', 'fantasy']"
9539,"['fantasy', 'fiction', 'horror']"
9549,"['historical', 'fiction', 'sci-fi']"
9555,"['fiction', 'nonfiction', 'fantasy']"
9557,"['fiction', 'fantasy', 'romance']"
9566,"['fiction', 'fantasy', 'historical']"
9567,"['fiction', 'fantasy', 'philosophy']"
9569,"['fiction', 'fantasy', 'philosophy']"
9570,"['fiction', 'philosophy', 'fantasy']"
9589,"['fiction', 'sci-fi', 'historical']"
9590,"['fiction', 'historical', 'sci-fi']"
9592,"['fiction', 'historical', 'sci-fi']"
9593,"['fiction', 'sci-fi', 'historical']"
9594,"['fiction', 'historical', 'sci-fi']"
9595,"['fiction', 'sci-fi', 'historical']"
9597,"['fiction', 'sci-fi', 'historical']"
9598,"['fiction', 'horror', 'sci-fi']"
9601,"['fiction', 'historical', 'sci-fi']"
9646,"['historical', 'fiction', 'nonfiction']"
9648,"['fiction', 'historical', 'nonfiction']"
9650,"['fiction', 'historical', 'nonfiction']"
9654,"['fiction', 'romance', 'historical']"
9712,"['fiction', 'historical', 'fantasy']"
9717,"['fiction', 'historical', 'philosophy']"
9742,"['fiction', 'historical', 'nonfiction']"
9762,"['philosophy', 'fiction', 'romance']"
9777,"['fiction', 'historical', 'children']"
9784,"['historical', 'fiction', 'romance']"
9791,"['fiction', 'historical', 'horror']"
9799,"['fiction', 'fantasy', 'poetry']"
9804,"['fiction', 'historical', 'fantasy']"
9809,"['fiction', 'fantasy', 'historical']"
9820,"['fiction', 'historical', 'nonfiction']"
9822,"['children', 'fantasy', 'fiction']"
9827,"['fiction', 'historical', 'mystery']"
9833,"['fiction', 'nonfiction', 'fantasy']"
9838,"['historical', 'fiction', 'nonfiction']"
9844,"['fiction', 'romance', 'children']"
9854,"['nonfiction', 'fiction', 'philosophy']"
9864,"['fiction', 'fantasy', 'poetry']"
9865,"['fiction', 'fantasy', 'historical']"
9912,"['fiction', 'romance', 'historical']"
9913,"['fiction', 'mystery', 'horror']"
9914,"['fiction', 'nonfiction', 'mystery']"
9915,"['fiction', 'historical', 'poetry']"
9943,"['fiction', 'romance', 'philosophy']"
9957,"['fiction', 'horror', 'poetry']"
9998,"['fiction', 'historical', 'fantasy']"
10006,"['fiction', 'mystery', 'poetry']"
10009,"['fiction', 'historical', 'children']"
10031,"['fiction', 'philosophy', 'nonfiction']"
10033,"['philosophy', 'fiction', 'historical']"
10037,"['fiction', 'philosophy', 'historical']"
10058,"['historical', 'fiction', 'nonfiction']"
10065,"['children', 'fiction', 'fantasy']"
10073,"['fiction', 'nonfiction', 'historical']"
10084,"['fantasy', 'fiction', 'sci-fi']"
10090,"['fantasy', 'fiction', 'sci-fi']"
10092,"['fantasy', 'fiction', 'sci-fi']"
10104,"['historical', 'fiction', 'nonfiction']"
10105,"['fiction', 'historical', 'romance']"
10108,"['fiction', 'historical', 'nonfiction']"
10115,"['fiction', 'historical', 'romance']"
10155,"['fiction', 'historical', 'fantasy']"
10176,"['fiction', 'historical', 'nonfiction']"
10210,"['fiction', 'historical', 'horror']"
10222,"['fiction', 'historical', 'romance']"
10235,"['fiction', 'historical', 'nonfiction']"
10238,"['nonfiction', 'philosophy', 'fiction']"
10365,"['children', 'fiction', 'historical']"
10374,"['fiction', 'fantasy', 'sci-fi']"
10395,"['fiction', 'nonfiction', 'historical']"
10412,"['fiction', 'romance', 'philosophy']"
10441,"['fiction', 'romance', 'children']"
10444,"['children', 'fiction', 'historical']"
10461,"['fiction', 'historical', 'poetry']"
10505,"['fiction', 'historical', 'philosophy']"
10506,"['fiction', 'fantasy', 'historical']"
10507,"['fiction', 'historical', 'fantasy']"
10534,"['fiction', 'philosophy', 'nonfiction']"
10538,"['historical', 'fiction', 'nonfiction']"
10541,"['fiction', 'historical', 'nonfiction']"
10566,"['horror', 'nonfiction', 'fiction']"
10567,"['horror', 'nonfiction', 'fiction']"
10569,"['fiction', 'poetry', 'historical']"
10572,"['fantasy', 'fiction', 'nonfiction']"
10574,"['mystery', 'nonfiction', 'fiction']"
10577,"['nonfiction', 'horror', 'fiction']"
10579,"['horror', 'nonfiction', 'fiction']"
10583,"['horror', 'nonfiction', 'fiction']"
10584,"['fiction', 'mystery', 'horror']"
10585,"['horror', 'nonfiction', 'fiction']"
10588,"['horror', 'nonfiction', 'fiction']"
10589,"['horror', 'nonfiction', 'fiction']"
10592,"['horror', 'fiction', 'nonfiction']"
10596,"['horror', 'nonfiction', 'fiction']"
10603,"['horror', 'nonfiction', 'fiction']"
10605,"['horror', 'fiction', 'mystery']"
10607,"['horror', 'nonfiction', 'fantasy']"
10611,"['fantasy', 'nonfiction', 'fiction']"
10614,"['horror', 'nonfiction', 'fiction']"
10617,"['horror', 'nonfiction', 'fiction']"
10618,"['nonfiction', 'horror', 'fiction']"
10619,"['horror', 'nonfiction', 'fiction']"
10625,"['horror', 'nonfiction', 'mystery']"
10628,"['horror', 'nonfiction', 'fiction']"
10629,"['horror', 'mystery', 'fiction']"
10639,"['fiction', 'philosophy', 'nonfiction']"
10669,"['fiction', 'nonfiction', 'historical']"
10692,"['fiction', 'mystery', 'fantasy']"
10739,"['fiction', 'historical', 'philosophy']"
10765,"['fiction', 'historical', 'romance']"
10775,"['historical', 'fiction', 'romance']"
10799,"['fiction', 'historical', 'romance']"
10836,"['historical', 'fiction', 'nonfiction']"
10847,"['fiction', 'philosophy', 'historical']"
10867,"['fiction', 'romance', 'philosophy']"
10873,"['fiction', 'romance', 'nonfiction']"
10878,"['nonfiction', 'historical', 'fiction']"
10882,"['fiction', 'historical', 'nonfiction']"
10883,"['historical', 'fiction', 'nonfiction']"
10884,"['historical', 'fiction', 'nonfiction']"
10890,"['philosophy', 'fiction', 'historical']"
10907,"['historical', 'fiction', 'nonfiction']"
10908,"['fiction', 'romance', 'graphic']"
10909,"['fiction', 'romance', 'mystery']"
10910,"['fiction', 'romance', 'graphic']"
10911,"['fiction', 'horror', 'romance']"
10912,"['fiction', 'romance', 'graphic']"
10913,"['fiction', 'romance', 'philosophy']"
10914,"['fiction', 'romance', 'graphic']"
10915,"['fiction', 'romance', 'mystery']"
10916,"['fiction', 'romance', 'mystery']"
10917,"['fiction', 'romance', 'children']"
10920,"['fiction', 'historical', 'romance']"
10929,"['fiction', 'poetry', 'philosophy']"
10956,"['fiction', 'historical', 'nonfiction']"
10959,"['fiction', 'philosophy', 'children']"
10964,"['fiction', 'romance', 'fantasy']"
10965,"['romance', 'fiction', 'fantasy']"
10967,"['fiction', 'romance', 'fantasy']"
10975,"['fiction', 'children', 'historical']"
10979,"['fiction', 'historical', 'nonfiction']"
10987,"['fiction', 'romance', 'fantasy']"
10988,"['fiction', 'romance', 'fantasy']"
10990,"['fiction', 'mystery', 'historical']"
11003,"['mystery', 'fiction', 'romance']"
11012,"['fiction', 'historical', 'nonfiction']"
11031,"['mystery', 'fiction', 'historical']"
11041,"['romance', 'fiction', 'nonfiction']"
11077,"['fiction', 'historical', 'horror']"
11125,"['mystery', 'fiction', 'sci-fi']"
11127,"['children', 'fiction', 'fantasy']"
11138,"['philosophy', 'fiction', 'historical']"
11149,"['philosophy', 'fiction', 'historical']"
11206,"['fiction', 'historical', 'children']"
11208,"['fiction', 'nonfiction', 'children']"
11229,"['fiction', 'historical', 'nonfiction']"
11275,"['fiction', 'fantasy', 'mystery']"
11279,"['horror', 'fiction', 'mystery']"
11286,"['horror', 'fiction', 'fantasy']"
11289,"['fiction', 'sci-fi', 'fantasy']"
11297,"['fiction', 'romance', 'fantasy']"
11298,"['fiction', 'fantasy', 'poetry']"
11299,"['fiction', 'nonfiction', 'fantasy']"
11301,"['children', 'fiction', 'historical']"
11306,"['fantasy', 'children', 'fiction']"
11312,"['children', 'fantasy', 'fiction']"
11313,"['fantasy', 'children', 'fiction']"
11318,"['mystery', 'fiction', 'nonfiction']"
11324,"['fiction', 'historical', 'nonfiction']"
11334,"['fiction', 'historical', 'children']"
11337,"['fiction', 'historical', 'children']"
11339,"['historical', 'fiction', 'poetry']"
11346,"['fiction', 'historical', 'children']"
11359,"['fiction', 'historical', 'nonfiction']"
11366,"['historical', 'fiction', 'nonfiction']"
11376,"['fiction', 'historical', 'nonfiction']"
11413,"['fiction', 'philosophy', 'romance']"
11422,"['romance', 'fiction', 'philosophy']"
11429,"['fiction', 'romance', 'philosophy']"
11430,"['fiction', 'romance', 'philosophy']"
11432,"['fiction', 'romance', 'poetry']"
11433,"['fiction', 'romance', 'philosophy']"
11436,"['fiction', 'romance', 'philosophy']"
11437,"['fiction', 'nonfiction', 'historical']"
11438,"['nonfiction', 'fiction', 'historical']"
11446,"['nonfiction', 'fiction', 'historical']"
11449,"['nonfiction', 'fiction', 'historical']"
11466,"['historical', 'fiction', 'children']"
11472,"['fiction', 'historical', 'nonfiction']"
11486,"['fiction', 'historical', 'nonfiction']"
11507,"['fiction', 'historical', 'philosophy']"
11525,"['fiction', 'horror', 'historical']"
11553,"['horror', 'fiction', 'fantasy']"
11557,"['horror', 'fiction', 'sci-fi']"
11563,"['fiction', 'nonfiction', 'horror']"
11564,"['horror', 'fiction', 'nonfiction']"
11566,"['fiction', 'horror', 'nonfiction']"
11570,"['horror', 'nonfiction', 'fiction']"
11573,"['mystery', 'horror', 'fiction']"
11574,"['fiction', 'nonfiction', 'mystery']"
11580,"['horror', 'nonfiction', 'graphic']"
11588,"['fiction', 'mystery', 'horror']"
11590,"['horror', 'mystery', 'fiction']"
11597,"['fiction', 'mystery', 'horror']"
11602,"['horror', 'fiction', 'nonfiction']"
11605,"['nonfiction', 'horror', 'fiction']"
11607,"['sci-fi', 'horror', 'nonfiction']"
11623,"['historical', 'fiction', 'nonfiction']"
11650,"['fiction', 'historical', 'nonfiction']"
11666,"['fiction', 'historical', 'nonfiction']"
11686,"['fiction', 'nonfiction', 'historical']"
11690,"['historical', 'fiction', 'graphic']"
11691,"['fiction', 'historical', 'nonfiction']"
11711,"['fiction', 'historical', 'mystery']"
11713,"['fiction', 'historical', 'romance']"
11734,"['fiction', 'historical', 'poetry']"
11741,"['fiction', 'historical', 'nonfiction']"
11761,"['fiction', 'historical', 'poetry']"
11762,"['fiction', 'historical', 'sci-fi']"
11768,"['fiction', 'historical', 'poetry']"
11824,"['children', 'fiction', 'historical']"
11831,"['fiction', 'children', 'historical']"
11899,"['fiction', 'romance', 'historical']"
11901,"['horror', 'fantasy', 'fiction']"
11908,"['fiction', 'historical', 'poetry']"
11915,"['horror', 'fantasy', 'romance']"
11918,"['fantasy', 'horror', 'romance']"
11919,"['fantasy', 'horror', 'romance']"
11922,"['fantasy', 'horror', 'romance']"
11987,"['philosophy', 'fiction', 'nonfiction']"
11989,"['fiction', 'historical', 'philosophy']"
11991,"['fiction', 'philosophy', 'historical']"
12007,"['fiction', 'sci-fi', 'fantasy']"
12009,"['fiction', 'sci-fi', 'fantasy']"
12013,"['fiction', 'sci-fi', 'fantasy']"
12016,"['fiction', 'sci-fi', 'fantasy']"
12017,"['sci-fi', 'fiction', 'fantasy']"
12021,"['fiction', 'mystery', 'poetry']"
12067,"['fantasy', 'fiction', 'horror']"
12073,"['philosophy', 'fiction', 'historical']"
12075,"['philosophy', 'fiction', 'nonfiction']"
12083,"['fiction', 'historical', 'children']"
12125,"['children', 'fiction', 'horror']"
12194,"['fiction', 'historical', 'horror']"
12204,"['poetry', 'historical', 'fiction']"
12220,"['historical', 'fiction', 'children']"
12296,"['fiction', 'children', 'historical']"
12321,"['philosophy', 'fiction', 'historical']"
12349,"['fiction', 'nonfiction', 'children']"
12357,"['fiction', 'nonfiction', 'historical']"
12358,"['fiction', 'historical', 'nonfiction']"
12374,"['fiction', 'nonfiction', 'historical']"
12395,"['fiction', 'historical', 'poetry']"
12448,"['fiction', 'historical', 'poetry']"
12467,"['fiction', 'historical', 'poetry']"
12468,"['fiction', 'mystery', 'historical']"
12497,"['fiction', 'mystery', 'nonfiction']"
12499,"['fiction', 'children', 'historical']"
12505,"['fiction', 'historical', 'philosophy']"
12527,"['fiction', 'historical', 'nonfiction']"
12535,"['philosophy', 'fiction', 'historical']"
12540,"['historical', 'fiction', 'children']"
12542,"['philosophy', 'fiction', 'historical']"
12543,"['fiction', 'poetry', 'historical']"
12555,"['fiction', 'historical', 'children']"
12557,"['fiction', 'historical', 'children']"
12609,"['fiction', 'historical', 'nonfiction']"
12617,"['nonfiction', 'fiction', 'philosophy']"
12651,"['philosophy', 'fiction', 'nonfiction']"
12657,"['fiction', 'historical', 'philosophy']"
12658,"['fiction', 'historical', 'horror']"
12659,"['fiction', 'historical', 'horror']"
12661,"['fiction', 'historical', 'horror']"
12663,"['fiction', 'historical', 'nonfiction']"
12691,"['fiction', 'historical', 'nonfiction']"
12722,"['fiction', 'historical', 'nonfiction']"
12749,"['fiction', 'historical', 'philosophy']"
12781,"['fiction', 'fantasy', 'historical']"
12786,"['fiction', 'historical', 'mystery']"
12839,"['philosophy', 'fiction', 'fantasy']"
12857,"['fiction', 'historical', 'philosophy']"
12873,"['historical', 'fiction', 'mystery']"
12898,"['historical', 'fiction', 'children']"
12914,"['historical', 'poetry', 'fiction']"
12923,"['horror', 'historical', 'fiction']"
12930,"['sci-fi', 'fiction', 'fantasy']"
12936,"['fiction', 'sci-fi', 'children']"
12938,"['historical', 'fiction', 'poetry']"
12948,"['horror', 'fiction', 'mystery']"
12957,"['historical', 'fiction', 'poetry']"
12967,"['fiction', 'fantasy', 'historical']"
12985,"['fiction', 'historical', 'poetry']"
12996,"['historical', 'fiction', 'poetry']"
13006,"['historical', 'fiction', 'poetry']"
13020,"['historical', 'fiction', 'poetry']"
13023,"['historical', 'fantasy', 'children']"
13060,"['fiction', 'mystery', 'horror']"
13061,"['fiction', 'mystery', 'horror']"
13062,"['mystery', 'fiction', 'horror']"
13063,"['mystery', 'fiction', 'nonfiction']"
13064,"['mystery', 'fiction', 'poetry']"
13065,"['mystery', 'fiction', 'horror']"
13066,"['fiction', 'mystery', 'horror']"
13067,"['fiction', 'children', 'mystery']"
13068,"['mystery', 'fiction', 'horror']"
13074,"['mystery', 'fiction', 'horror']"
13079,"['fiction', 'mystery', 'romance']"
13083,"['children', 'fiction', 'mystery']"
13103,"['fiction', 'philosophy', 'fantasy']"
13105,"['philosophy', 'fiction', 'horror']"
13128,"['mystery', 'fiction', 'horror']"
13130,"['mystery', 'fiction', 'horror']"
13131,"['mystery', 'fiction', 'horror']"
13132,"['mystery', 'fiction', 'horror']"
13133,"['mystery', 'fiction', 'horror']"
13134,"['mystery', 'fiction', 'horror']"
13136,"['mystery', 'fiction', 'horror']"
13137,"['mystery', 'fiction', 'horror']"
13139,"['fantasy', 'fiction', 'sci-fi']"
13140,"['mystery', 'fiction', 'horror']"
13143,"['mystery', 'fiction', 'horror']"
13145,"['mystery', 'fiction', 'horror']"
13147,"['mystery', 'fiction', 'romance']"
13148,"['mystery', 'fiction', 'horror']"
13151,"['mystery', 'fiction', 'horror']"
13152,"['fantasy', 'fiction', 'sci-fi']"
13153,"['mystery', 'fiction', 'horror']"
13157,"['mystery', 'fiction', 'historical']"
13162,"['mystery', 'fiction', 'fantasy']"
13168,"['children', 'fiction', 'fantasy']"
13214,"['historical', 'fiction', 'poetry']"
13235,"['historical', 'poetry', 'fiction']"
13258,"['fiction', 'romance', 'nonfiction']"
13270,"['philosophy', 'fiction', 'historical']"
13350,"['fantasy', 'fiction', 'horror']"
13360,"['philosophy', 'fiction', 'poetry']"
13374,"['fiction', 'philosophy', 'children']"
13376,"['sci-fi', 'fiction', 'fantasy']"
13440,"['horror', 'nonfiction', 'fiction']"
13451,"['nonfiction', 'horror', 'fiction']"
13496,"['fiction', 'fantasy', 'nonfiction']"
13497,"['fantasy', 'fiction', 'nonfiction']"
13501,"['fantasy', 'graphic', 'fiction']"
13521,"['fantasy', 'fiction', 'horror']"
13529,"['fiction', 'historical', 'nonfiction']"
13570,"['graphic', 'fantasy', 'romance']"
13614,"['graphic', 'fantasy', 'mystery']"
13615,"['mystery', 'graphic', 'horror']"
13616,"['graphic', 'fantasy', 'mystery']"
13617,"['graphic', 'fantasy', 'mystery']"
13618,"['graphic', 'fantasy', 'mystery']"
13619,"['graphic', 'fantasy', 'mystery']"
13620,"['graphic', 'mystery', 'fantasy']"
13621,"['graphic', 'fantasy', 'mystery']"
13642,"['fantasy', 'fiction', 'historical']"
13651,"['fiction', 'sci-fi', 'fantasy']"
13658,"['fantasy', 'fiction', 'nonfiction']"
13659,"['fantasy', 'fiction', 'nonfiction']"
13661,"['fantasy', 'fiction', 'nonfiction']"
13662,"['fantasy', 'fiction', 'children']"
13667,"['fantasy', 'fiction', 'historical']"
13747,"['fiction', 'historical', 'romance']"
13809,"['fantasy', 'fiction', 'historical']"
13810,"['fantasy', 'fiction', 'historical']"
13811,"['fantasy', 'fiction', 'historical']"
13812,"['fantasy', 'fiction', 'sci-fi']"
13813,"['fantasy', 'fiction', 'historical']"
13815,"['fantasy', 'fiction', 'historical']"
13817,"['fantasy', 'fiction', 'historical']"
13821,"['fantasy', 'sci-fi', 'fiction']"
13829,"['fantasy', 'fiction', 'mystery']"
13830,"['fantasy', 'fiction', 'children']"
13831,"['fantasy', 'fiction', 'children']"
13833,"['fantasy', 'fiction', 'children']"
13834,"['fantasy', 'children', 'fiction']"
13835,"['fantasy', 'fiction', 'children']"
13836,"['fantasy', 'fiction', 'children']"
13837,"['fantasy', 'fiction', 'children']"
13839,"['fiction', 'nonfiction', 'historical']"
13872,"['fiction', 'horror', 'fantasy']"
13878,"['fantasy', 'fiction', 'historical']"
13881,"['fantasy', 'fiction', 'historical']"
13888,"['fantasy', 'fiction', 'horror']"
13890,"['fantasy', 'fiction', 'horror']"
13891,"['fantasy', 'fiction', 'horror']"
13895,"['fantasy', 'fiction', 'horror']"
13912,"['historical', 'fiction', 'nonfiction']"
13925,"['fantasy', 'fiction', 'romance']"
13927,"['fantasy', 'fiction', 'romance']"
13928,"['fantasy', 'fiction', 'romance']"
13929,"['fantasy', 'children', 'fiction']"
13986,"['fantasy', 'fiction', 'horror']"
14014,"['fantasy', 'fiction', 'romance']"
14028,"['fiction', 'historical', 'romance']"
14050,"['fiction', 'romance', 'sci-fi']"
14064,"['horror', 'fiction', 'sci-fi']"
14069,"['fantasy', 'historical', 'fiction']"
14082,"['fiction', 'nonfiction', 'historical']"
14096,"['philosophy', 'fiction', 'poetry']"
14118,"['children', 'fiction', 'fantasy']"
14142,"['philosophy', 'fiction', 'romance']"
14185,"['fiction', 'sci-fi', 'fantasy']"
14201,"['fantasy', 'fiction', 'historical']"
14241,"['historical', 'fiction', 'nonfiction']"
14249,"['fiction', 'nonfiction', 'romance']"
14250,"['fiction', 'children', 'nonfiction']"
14280,"['fiction', 'nonfiction', 'poetry']"
14295,"['nonfiction', 'fiction', 'sci-fi']"
14316,"['fiction', 'nonfiction', 'children']"
14318,"['historical', 'poetry', 'fiction']"
14358,"['fiction', 'children', 'fantasy']"
14362,"['fiction', 'historical', 'fantasy']"
14376,"['fiction', 'nonfiction', 'sci-fi']"
14383,"['romance', 'horror', 'fantasy']"
14384,"['romance', 'horror', 'fantasy']"
14403,"['historical', 'children', 'fiction']"
14404,"['mystery', 'fiction', 'nonfiction']"
14460,"['fantasy', 'horror', 'romance']"
14461,"['fantasy', 'horror', 'romance']"
14469,"['historical', 'fiction', 'nonfiction']"
14480,"['children', 'fiction', 'graphic']"
14481,"['children', 'fiction', 'historical']"
14497,"['fantasy', 'fiction', 'horror']"
14498,"['fantasy', 'graphic', 'fiction']"
14554,"['mystery', 'fiction', 'romance']"
14570,"['historical', 'fiction', 'children']"
14572,"['philosophy', 'fiction', 'poetry']"
14595,"['poetry', 'fiction', 'historical']"
14662,"['historical', 'fiction', 'children']"
14680,"['fiction', 'historical', 'poetry']"
14706,"['historical', 'fiction', 'poetry']"
14743,"['philosophy', 'fiction', 'nonfiction']"
14748,"['romance', 'fiction', 'nonfiction']"
14755,"['romance', 'fiction', 'nonfiction']"
14756,"['romance', 'fiction', 'mystery']"
14758,"['romance', 'fiction', 'nonfiction']"
14785,"['mystery', 'fiction', 'horror']"
14817,"['fiction', 'sci-fi', 'fantasy']"
14836,"['fiction', 'fantasy', 'historical']"
14839,"['mystery', 'fiction', 'horror']"
14864,"['fiction', 'mystery', 'philosophy']"
14865,"['fiction', 'romance', 'mystery']"
14866,"['fiction', 'romance', 'mystery']"
14891,"['historical', 'fiction', 'children']"
14905,"['fiction', 'romance', 'historical']"
14935,"['fiction', 'romance', 'historical']"
14940,"['fiction', 'historical', 'children']"
14942,"['historical', 'fiction', 'romance']"
14963,"['fiction', 'romance', 'nonfiction']"
14964,"['fiction', 'romance', 'children']"
14965,"['fiction', 'romance', 'children']"
14975,"['fiction', 'mystery', 'fantasy']"
14990,"['fiction', 'nonfiction', 'horror']"
14995,"['horror', 'mystery', 'fiction']"
14996,"['horror', 'mystery', 'fiction']"
15014,"['fiction', 'philosophy', 'romance']"
15015,"['philosophy', 'fiction', 'poetry']"
15018,"['philosophy', 'fiction', 'poetry']"
15019,"['philosophy', 'fiction', 'poetry']"
15047,"['fiction', 'fantasy', 'romance']"
15050,"['fiction', 'fantasy', 'romance']"
15054,"['fiction', 'romance', 'nonfiction']"
15055,"['fiction', 'romance', 'historical']"
15096,"['fiction', 'historical', 'mystery']"
15101,"['fiction', 'fantasy', 'romance']"
15154,"['mystery', 'fiction', 'horror']"
15157,"['mystery', 'fiction', 'historical']"
15158,"['mystery', 'fiction', 'horror']"
15159,"['mystery', 'fiction', 'nonfiction']"
15161,"['fantasy', 'nonfiction', 'fiction']"
15171,"['historical', 'fiction', 'nonfiction']"
15195,"['fiction', 'historical', 'graphic']"
15196,"['historical', 'fiction', 'graphic']"
15197,"['historical', 'fiction', 'graphic']"
15241,"['fantasy', 'fiction', 'historical']"
15309,"['fantasy', 'horror', 'romance']"
15398,"['fiction', 'historical', 'nonfiction']"
15433,"['fantasy', 'fiction', 'sci-fi']"
15447,"['fantasy', 'fiction', 'sci-fi']"
15547,"['fantasy', 'fiction', 'horror']"
15549,"['fantasy', 'fiction', 'sci-fi']"
15557,"['fantasy', 'fiction', 'horror']"
15559,"['fantasy', 'fiction', 'horror']"
15560,"['fantasy', 'fiction', 'horror']"
15561,"['fantasy', 'fiction', 'horror']"
15566,"['fantasy', 'fiction', 'horror']"
15567,"['fantasy', 'fiction', 'horror']"
15568,"['fantasy', 'fiction', 'horror']"
15575,"['fantasy', 'fiction', 'horror']"
15595,"['fiction', 'children', 'historical']"
15613,"['fiction', 'historical', 'children']"
15622,"['fiction', 'historical', 'children']"
15638,"['historical', 'fiction', 'romance']"
15645,"['historical', 'poetry', 'fiction']"
15654,"['mystery', 'fiction', 'historical']"
15655,"['fiction', 'children', 'mystery']"
15673,"['children', 'fiction', 'fantasy']"
15676,"['mystery', 'fiction', 'horror']"
15677,"['mystery', 'fiction', 'historical']"
15719,"['graphic', 'fantasy', 'fiction']"
15746,"['horror', 'mystery', 'fiction']"
15752,"['mystery', 'horror', 'fiction']"
15760,"['mystery', 'horror', 'fiction']"
15764,"['fiction', 'romance', 'nonfiction']"
15769,"['mystery', 'fiction', 'horror']"
15779,"['children', 'fiction', 'nonfiction']"
15836,"['fiction', 'historical', 'poetry']"
15852,"['nonfiction', 'fiction', 'sci-fi']"
15858,"['fantasy', 'fiction', 'children']"
15860,"['fiction', 'mystery', 'sci-fi']"
15881,"['fantasy', 'fiction', 'children']"
15888,"['fiction', 'mystery', 'historical']"
15904,"['mystery', 'fiction', 'philosophy']"
15924,"['romance', 'fiction', 'mystery']"
15925,"['romance', 'fiction', 'mystery']"
15926,"['romance', 'fiction', 'nonfiction']"
15931,"['fiction', 'romance', 'historical']"
15957,"['fiction', 'children', 'nonfiction']"
15997,"['historical', 'fiction', 'poetry']"
16006,"['romance', 'fiction', 'nonfiction']"
16012,"['graphic', 'romance', 'fiction']"
16055,"['fiction', 'fantasy', 'romance']"
16059,"['fiction', 'romance', 'nonfiction']"
16076,"['fiction', 'historical', 'nonfiction']"
16130,"['historical', 'fiction', 'nonfiction']"
16176,"['fiction', 'nonfiction', 'philosophy']"
16178,"['fiction', 'romance', 'fantasy']"
16180,"['fiction', 'historical', 'romance']"
16181,"['fiction', 'historical', 'romance']"
16183,"['fiction', 'romance', 'historical']"
16188,"['fiction', 'historical', 'romance']"
16200,"['fiction', 'sci-fi', 'fantasy']"
16204,"['historical', 'fiction', 'children']"
16213,"['fiction', 'nonfiction', 'historical']"
16235,"['fiction', 'romance', 'children']"
16243,"['mystery', 'fiction', 'nonfiction']"
16249,"['fiction', 'romance', 'nonfiction']"
16255,"['fiction', 'romance', 'historical']"
16256,"['fiction', 'romance', 'historical']"
16286,"['fiction', 'historical', 'fantasy']"
16297,"['mystery', 'fiction', 'historical']"
16298,"['mystery', 'fiction', 'historical']"
16299,"['mystery', 'fiction', 'historical']"
16300,"['mystery', 'fiction', 'historical']"
16304,"['mystery', 'fiction', 'historical']"
16305,"['mystery', 'fiction', 'historical']"
16307,"['mystery', 'fiction', 'historical']"
16312,"['mystery', 'fiction', 'historical']"
16315,"['mystery', 'fiction', 'historical']"
16316,"['mystery', 'fiction', 'historical']"
16319,"['mystery', 'fiction', 'historical']"
16322,"['mystery', 'fiction', 'historical']"
16326,"['mystery', 'fiction', 'historical']"
16328,"['mystery', 'fiction', 'historical']"
16331,"['mystery', 'historical', 'fiction']"
16333,"['mystery', 'fiction', 'historical']"
16335,"['mystery', 'fiction', 'historical']"
16341,"['mystery', 'fiction', 'historical']"
16342,"['mystery', 'fiction', 'historical']"
16343,"['mystery', 'fiction', 'historical']"
16349,"['mystery', 'fiction', 'historical']"
16360,"['mystery', 'fiction', 'historical']"
16363,"['mystery', 'fiction', 'historical']"
16372,"['mystery', 'fiction', 'historical']"
16387,"['fiction', 'historical', 'nonfiction']"
16396,"['fiction', 'historical', 'nonfiction']"
16424,"['mystery', 'fiction', 'historical']"
16429,"['mystery', 'fiction', 'horror']"
16431,"['mystery', 'horror', 'fiction']"
16433,"['horror', 'mystery', 'fiction']"
16434,"['horror', 'mystery', 'fiction']"
16435,"['mystery', 'horror', 'fiction']"
16527,"['fiction', 'historical', 'romance']"
16532,"['fiction', 'fantasy', 'romance']"
16619,"['historical', 'nonfiction', 'fiction']"
16631,"['fiction', 'historical', 'philosophy']"
16634,"['fiction', 'historical', 'philosophy']"
16640,"['historical', 'fiction', 'romance']"
16685,"['fiction', 'sci-fi', 'fantasy']"
16690,"['sci-fi', 'fiction', 'fantasy']"
16696,"['fiction', 'mystery', 'historical']"
16697,"['fiction', 'romance', 'poetry']"
16703,"['fiction', 'historical', 'mystery']"
16707,"['fiction', 'poetry', 'nonfiction']"
16729,"['fiction', 'romance', 'children']"
16735,"['fiction', 'romance', 'historical']"
16788,"['fantasy', 'nonfiction', 'fiction']"
16790,"['fantasy', 'nonfiction', 'fiction']"
16791,"['graphic', 'fantasy', 'fiction']"
16793,"['fantasy', 'fiction', 'romance']"
16842,"['fiction', 'historical', 'romance']"
16884,"['historical', 'fiction', 'nonfiction']"
16900,"['fiction', 'historical', 'philosophy']"
16902,"['historical', 'fiction', 'philosophy']"
16948,"['fiction', 'sci-fi', 'fantasy']"
16951,"['fiction', 'historical', 'mystery']"
16981,"['fiction', 'historical', 'children']"
16982,"['graphic', 'fiction', 'sci-fi']"
16992,"['graphic', 'fiction', 'fantasy']"
17020,"['fiction', 'romance', 'horror']"
17061,"['fantasy', 'children', 'horror']"
17125,"['fiction', 'historical', 'children']"
17136,"['fiction', 'sci-fi', 'fantasy']"
17143,"['fiction', 'historical', 'philosophy']"
17150,"['fiction', 'historical', 'children']"
17157,"['historical', 'fiction', 'nonfiction']"
17162,"['fiction', 'historical', 'children']"
17174,"['fiction', 'historical', 'children']"
17184,"['fiction', 'historical', 'sci-fi']"
17204,"['fiction', 'romance', 'children']"
17206,"['fantasy', 'children', 'fiction']"
17208,"['fiction', 'sci-fi', 'fantasy']"
17214,"['fiction', 'sci-fi', 'fantasy']"
17231,"['mystery', 'fiction', 'horror']"
17245,"['historical', 'horror', 'fiction']"
17250,"['historical', 'fiction', 'children']"
17267,"['philosophy', 'fiction', 'fantasy']"
17303,"['fiction', 'philosophy', 'fantasy']"
17309,"['fiction', 'philosophy', 'fantasy']"
17324,"['fiction', 'mystery', 'horror']"
17343,"['fiction', 'fantasy', 'historical']"
17349,"['philosophy', 'fiction', 'nonfiction']"
17461,"['children', 'fiction', 'historical']"
17478,"['children', 'fiction', 'historical']"
17487,"['children', 'mystery', 'fiction']"
17488,"['children', 'fiction', 'mystery']"
17490,"['children', 'fantasy', 'fiction']"
17491,"['children', 'fantasy', 'fiction']"
17529,"['children', 'historical', 'fiction']"
17533,"['fiction', 'children', 'historical']"
17567,"['historical', 'fiction', 'children']"
17645,"['fiction', 'fantasy', 'historical']"
17650,"['fiction', 'nonfiction', 'romance']"
17660,"['horror', 'fiction', 'nonfiction']"
17683,"['fantasy', 'horror', 'mystery']"
17688,"['fiction', 'historical', 'nonfiction']"
17689,"['fiction', 'historical', 'philosophy']"
17690,"['fiction', 'historical', 'philosophy']"
17716,"['fiction', 'historical', 'philosophy']"
17717,"['fiction', 'nonfiction', 'fantasy']"
17728,"['fiction', 'historical', 'nonfiction']"
17768,"['fiction', 'historical', 'horror']"
17780,"['fiction', 'historical', 'horror']"
17781,"['romance', 'fantasy', 'fiction']"
17799,"['fiction', 'romance', 'fantasy']"
17800,"['fiction', 'fantasy', 'mystery']"
17801,"['fiction', 'historical', 'philosophy']"
17803,"['fiction', 'fantasy', 'poetry']"
17810,"['fiction', 'mystery', 'horror']"
17841,"['fiction', 'mystery', 'historical']"
17863,"['fiction', 'sci-fi', 'fantasy']"
17876,"['fiction', 'historical', 'philosophy']"
17877,"['fiction', 'historical', 'philosophy']"
17961,"['fiction', 'nonfiction', 'fantasy']"
17977,"['nonfiction', 'fiction', 'sci-fi']"
17994,"['fiction', 'nonfiction', 'historical']"
18005,"['children', 'fiction', 'horror']"
18035,"['fiction', 'historical', 'nonfiction']"
18116,"['fiction', 'fantasy', 'children']"
18122,"['fantasy', 'fiction', 'children']"
18130,"['fantasy', 'fiction', 'children']"
18131,"['fantasy', 'fiction', 'children']"
18135,"['historical', 'fiction', 'romance']"
18254,"['historical', 'fiction', 'children']"
18266,"['fiction', 'historical', 'fantasy']"
18288,"['philosophy', 'fiction', 'historical']"
18304,"['philosophy', 'historical', 'fiction']"
18342,"['horror', 'fiction', 'nonfiction']"
18373,"['fiction', 'historical', 'sci-fi']"
18386,"['fiction', 'nonfiction', 'philosophy']"
18392,"['fantasy', 'fiction', 'children']"
18402,"['fiction', 'mystery', 'historical']"
18405,"['historical', 'fiction', 'romance']"
18414,"['historical', 'fiction', 'philosophy']"
18419,"['children', 'fiction', 'fantasy']"
18420,"['philosophy', 'fiction', 'nonfiction']"
18422,"['historical', 'fiction', 'nonfiction']"
18423,"['fiction', 'sci-fi', 'fantasy']"
18431,"['mystery', 'fiction', 'historical']"
18452,"['fiction', 'historical', 'horror']"
18490,"['historical', 'fiction', 'horror']"
18512,"['fantasy', 'fiction', 'historical']"
18521,"['fiction', 'historical', 'romance']"
18525,"['fiction', 'horror', 'fantasy']"
18545,"['fiction', 'historical', 'poetry']"
18553,"['children', 'fiction', 'historical']"
18580,"['fiction', 'historical', 'children']"
18600,"['fiction', 'historical', 'horror']"
18630,"['fiction', 'sci-fi', 'fantasy']"
18646,"['historical', 'fiction', 'nonfiction']"
18723,"['fiction', 'romance', 'nonfiction']"
18728,"['historical', 'fiction', 'nonfiction']"
18749,"['fiction', 'historical', 'nonfiction']"
18750,"['romance', 'fiction', 'children']"
18765,"['fiction', 'historical', 'nonfiction']"
18825,"['fiction', 'historical', 'mystery']"
18839,"['fiction', 'historical', 'fantasy']"
18864,"['fiction', 'historical', 'nonfiction']"
18878,"['fantasy', 'fiction', 'horror']"
18884,"['fantasy', 'fiction', 'horror']"
18889,"['fantasy', 'fiction', 'nonfiction']"
18892,"['fantasy', 'fiction', 'nonfiction']"
18931,"['historical', 'fiction', 'nonfiction']"
18943,"['fantasy', 'fiction', 'children']"
18956,"['fiction', 'mystery', 'historical']"
18989,"['mystery', 'fiction', 'historical']"
18990,"['fiction', 'mystery', 'historical']"
18999,"['mystery', 'fiction', 'historical']"
19000,"['fiction', 'mystery', 'nonfiction']"
19001,"['fiction', 'mystery', 'historical']"
19049,"['philosophy', 'fiction', 'nonfiction']"
19057,"['fiction', 'mystery', 'fantasy']"
19063,"['fiction', 'historical', 'children']"
19068,"['philosophy', 'historical', 'nonfiction']"
19083,"['philosophy', 'historical', 'nonfiction']"
19089,"['historical', 'fiction', 'romance']"
19106,"['fiction', 'historical', 'nonfiction']"
19117,"['fiction', 'historical', 'children']"
19164,"['historical', 'poetry', 'fiction']"
19302,"['children', 'fiction', 'historical']"
19307,"['children', 'fiction', 'historical']"
19312,"['children', 'fantasy', 'fiction']"
19314,"['children', 'fantasy', 'fiction']"
19321,"['children', 'historical', 'fiction']"
19330,"['children', 'historical', 'fiction']"
19351,"['historical', 'fiction', 'poetry']"
19380,"['fiction', 'philosophy', 'children']"
19400,"['historical', 'fiction', 'nonfiction']"
19448,"['romance', 'fiction', 'children']"
19452,"['romance', 'fiction', 'children']"
19469,"['mystery', 'fiction', 'children']"
19494,"['mystery', 'fiction', 'historical']"
19501,"['fiction', 'historical', 'romance']"
19534,"['fiction', 'historical', 'children']"
19543,"['children', 'fiction', 'historical']"
19552,"['fiction', 'nonfiction']"
19581,"['horror', 'fiction', 'mystery']"
19596,"['fiction', 'historical', 'nonfiction']"
19631,"['nonfiction', 'fiction', 'poetry']"
19661,"['fiction', 'children', 'romance']"
19668,"['mystery', 'fiction', 'horror']"
19670,"['mystery', 'fiction', 'horror']"
19674,"['mystery', 'fiction', 'horror']"
19675,"['mystery', 'fiction', 'horror']"
19687,"['fiction', 'mystery', 'horror']"
19688,"['fiction', 'mystery', 'sci-fi']"
19691,"['fiction', 'mystery', 'horror']"
19707,"['mystery', 'fiction', 'horror']"
19793,"['philosophy', 'fiction', 'poetry']"
19797,"['historical', 'fiction', 'nonfiction']"
20082,"['fantasy', 'fiction', 'sci-fi']"
20249,"['fiction', 'sci-fi', 'fantasy']"
20252,"['fiction', 'sci-fi', 'fantasy']"
20253,"['fiction', 'sci-fi', 'fantasy']"
20413,"['poetry', 'children', 'historical']"
20417,"['fiction', 'sci-fi', 'fantasy']"
20563,"['historical', 'fiction', 'romance']"
20564,"['historical', 'fiction', 'nonfiction']"
20995,"['philosophy', 'fiction', 'romance']"
21025,"['philosophy', 'fiction', 'nonfiction']"
21027,"['fiction', 'philosophy', 'nonfiction']"
21031,"['philosophy', 'fiction', 'historical']"
21060,"['fantasy', 'romance', 'fiction']"
21323,"['horror', 'fiction', 'mystery']"
21324,"['graphic', 'fantasy', 'children']"
21325,"['graphic', 'fantasy', 'fiction']"
21326,"['graphic', 'fantasy', 'fiction']"
21327,"['graphic', 'fantasy', 'children']"
21328,"['fantasy', 'children', 'fiction']"
21329,"['fantasy', 'graphic', 'children']"
21330,"['fantasy', 'graphic', 'children']"
21337,"['horror', 'mystery', 'fantasy']"
21340,"['horror', 'mystery', 'fiction']"
21343,"['fiction', 'philosophy', 'nonfiction']"
21348,"['children', 'fiction', 'nonfiction']"
21362,"['mystery', 'horror', 'fiction']"
21436,"['mystery', 'fiction', 'graphic']"
21445,"['mystery', 'fiction', 'horror']"
21484,"['fiction', 'historical', 'romance']"
21611,"['fiction', 'sci-fi', 'fantasy']"
21618,"['fiction', 'sci-fi', 'historical']"
21671,"['mystery', 'fiction', 'horror']"
21681,"['mystery', 'fiction', 'nonfiction']"
21683,"['mystery', 'fiction', 'historical']"
21685,"['mystery', 'fiction', 'children']"
21686,"['mystery', 'fiction', 'horror']"
21704,"['mystery', 'fiction', 'historical']"
21717,"['mystery', 'fiction', 'horror']"
21718,"['mystery', 'fiction', 'horror']"
21719,"['mystery', 'fiction', 'romance']"
21720,"['mystery', 'fiction', 'nonfiction']"
21721,"['mystery', 'fiction', 'romance']"
21722,"['mystery', 'fiction', 'romance']"
21726,"['horror', 'fiction', 'mystery']"
21727,"['mystery', 'fiction', 'horror']"
21745,"['mystery', 'fiction', 'children']"
21787,"['fiction', 'children', 'fantasy']"
21796,"['mystery', 'fiction', 'horror']"
21996,"['fiction', 'historical', 'mystery']"
22026,"['fiction', 'mystery', 'historical']"
22028,"['fiction', 'mystery', 'historical']"
22034,"['fiction', 'mystery', 'historical']"
22076,"['mystery', 'horror', 'fiction']"
22175,"['fiction', 'nonfiction', 'fantasy']"
22188,"['romance', 'fiction', 'children']"
22192,"['romance', 'fiction', 'children']"
22193,"['romance', 'fiction', 'children']"
22200,"['sci-fi', 'fiction', 'fantasy']"
22205,"['romance', 'fiction', 'poetry']"
22206,"['fiction', 'horror', 'fantasy']"
22207,"['fiction', 'children', 'nonfiction']"
22232,"['fiction', 'children', 'romance']"
22283,"['fiction', 'mystery', 'horror']"
22284,"['fiction', 'horror', 'mystery']"
22285,"['fiction', 'sci-fi', 'horror']"
22288,"['fiction', 'horror', 'nonfiction']"
22290,"['fiction', 'mystery', 'historical']"
22304,"['fiction', 'nonfiction', 'philosophy']"
22320,"['fiction', 'sci-fi', 'mystery']"
22321,"['sci-fi', 'fiction', 'fantasy']"
22322,"['fiction', 'sci-fi', 'mystery']"
22323,"['sci-fi', 'fiction', 'nonfiction']"
22325,"['sci-fi', 'fiction', 'fantasy']"
22326,"['sci-fi', 'fiction', 'fantasy']"
22327,"['historical', 'fiction', 'children']"
22328,"['sci-fi', 'fiction', 'fantasy']"
22358,"['graphic', 'fiction', 'sci-fi']"
22369,"['graphic', 'fiction', 'fantasy']"
22374,"['graphic', 'nonfiction', 'mystery']"
22411,"['mystery', 'fiction', 'graphic']"
22416,"['graphic', 'fiction', 'sci-fi']"
22417,"['graphic', 'sci-fi', 'fiction']"
22418,"['graphic', 'sci-fi', 'fiction']"
22420,"['graphic', 'fiction', 'sci-fi']"
22421,"['graphic', 'fiction', 'sci-fi']"
22435,"['nonfiction', 'fiction', 'sci-fi']"
22463,"['nonfiction', 'fiction', 'historical']"
22469,"['graphic', 'fiction', 'sci-fi']"
22543,"['nonfiction', 'fiction', 'sci-fi']"
22584,"['fiction', 'sci-fi', 'fantasy']"
22590,"['fiction', 'sci-fi', 'fantasy']"
22628,"['fiction', 'historical', 'children']"
22632,"['philosophy', 'historical', 'fiction']"
22649,"['romance', 'fiction']"
22680,"['historical', 'fiction', 'nonfiction']"
22686,"['romance', 'fiction', 'historical']"
22695,"['fiction', 'romance', 'children']"
22875,"['fantasy', 'fiction', 'sci-fi']"
22896,"['fantasy', 'fiction', 'romance']"
22904,"['fiction', 'nonfiction', 'historical']"
22911,"['fiction', 'historical', 'philosophy']"
22917,"['historical', 'children', 'fantasy']"
22995,"['fiction', 'historical', 'children']"
23031,"['fiction', 'historical', 'fantasy']"
23196,"['fiction', 'philosophy', 'horror']"
23217,"['romance', 'mystery', 'fiction']"
23219,"['romance', 'fiction', 'nonfiction']"
23220,"['romance', 'mystery', 'fiction']"
23221,"['romance', 'fiction', 'children']"
23223,"['romance', 'fiction', 'nonfiction']"
23224,"['horror', 'fantasy', 'romance']"
23225,"['horror', 'romance', 'fantasy']"
23228,"['romance', 'fiction', 'fantasy']"
23232,"['poetry', 'fiction', 'romance']"
23289,"['fiction', 'historical', 'nonfiction']"
23316,"['fiction', 'historical', 'horror']"
23419,"['philosophy', 'fiction', 'historical']"
23422,"['fiction', 'philosophy', 'nonfiction']"
23426,"['fiction', 'philosophy', 'romance']"
23454,"['fantasy', 'fiction', 'horror']"
23522,"['fiction', 'historical', 'fantasy']"
23529,"['graphic', 'fiction', 'horror']"
23534,"['fiction', 'poetry', 'historical']"
23577,"['fiction', 'nonfiction', 'historical']"
23686,"['graphic', 'fantasy', 'fiction']"
23753,"['graphic', 'fantasy', 'fiction']"
23754,"['graphic', 'fantasy', 'fiction']"
23772,"['children', 'fiction', 'historical']"
23807,"['mystery', 'fiction', 'horror']"
23814,"['historical', 'fiction', 'horror']"
23875,"['fiction', 'historical', 'fantasy']"
23876,"['fiction', 'fantasy', 'historical']"
23878,"['fiction', 'historical', 'fantasy']"
23884,"['fiction', 'historical', 'fantasy']"
23885,"['fiction', 'nonfiction', 'fantasy']"
23887,"['fiction', 'fantasy', 'poetry']"
23919,"['historical', 'poetry', 'horror']"
23940,"['fiction', 'historical', 'mystery']"
23955,"['fiction', 'historical', 'mystery']"
23960,"['fiction', 'mystery', 'poetry']"
23965,"['fiction', 'mystery', 'historical']"
23966,"['fiction', 'mystery', 'historical']"
24019,"['fiction', 'nonfiction']"
24093,"['fantasy', 'fiction', 'children']"
24094,"['fantasy', 'fiction', 'children']"
24096,"['historical', 'fiction', 'nonfiction']"
24100,"['fiction', 'historical', 'romance']"
24113,"['nonfiction', 'fiction', 'philosophy']"
24128,"['historical', 'fiction', 'poetry']"
24137,"['fiction', 'children', 'historical']"
24178,"['children', 'historical', 'fiction']"
24192,"['mystery', 'fiction', 'nonfiction']"
24213,"['historical', 'fantasy', 'children']"
24215,"['children', 'historical', 'fantasy']"
24244,"['mystery', 'fiction', 'horror']"
24271,"['fantasy', 'children', 'fiction']"
24280,"['historical', 'fiction', 'romance']"
24335,"['children', 'historical', 'fiction']"
24337,"['fantasy', 'children', 'fiction']"
24384,"['children', 'fiction', 'historical']"
24408,"['fiction', 'children', 'historical']"
24431,"['fantasy', 'fiction', 'horror']"
24472,"['fiction', 'romance', 'historical']"
24475,"['fiction', 'nonfiction', 'poetry']"
24476,"['fiction', 'poetry', 'historical']"
24494,"['graphic', 'fiction', 'children']"
24580,"['fiction', 'children', 'historical']"
24583,"['historical', 'fiction', 'children']"
24687,"['historical', 'fiction', 'nonfiction']"
24724,"['fiction', 'historical', 'nonfiction']"
24731,"['fiction', 'children', 'nonfiction']"
24761,"['fantasy', 'fiction', 'children']"
24765,"['sci-fi', 'fiction', 'fantasy']"
24766,"['fantasy', 'horror', 'fiction']"
24767,"['fantasy', 'horror', 'fiction']"
24768,"['sci-fi', 'fiction', 'fantasy']"
24769,"['fantasy', 'horror', 'fiction']"
24770,"['sci-fi', 'fiction', 'fantasy']"
24779,"['fantasy', 'children', 'fiction']"
24780,"['fantasy', 'children', 'fiction']"
24781,"['fantasy', 'children', 'fiction']"
24782,"['fantasy', 'children', 'fiction']"
24784,"['fantasy', 'children', 'fiction']"
24790,"['historical', 'fiction', 'nonfiction']"
24796,"['fiction', 'historical', 'horror']"
24800,"['horror', 'fiction', 'mystery']"
24807,"['fiction', 'nonfiction', 'historical']"
24812,"['graphic', 'fiction', 'children']"
24813,"['graphic', 'fiction', 'children']"
24814,"['graphic', 'fiction', 'children']"
24815,"['graphic', 'children', 'fiction']"
24816,"['graphic', 'fiction', 'children']"
24818,"['graphic', 'fiction', 'children']"
24830,"['fiction', 'sci-fi', 'nonfiction']"
24861,"['fiction', 'historical', 'philosophy']"
24870,"['fantasy', 'fiction', 'sci-fi']"
24929,"['fiction', 'fantasy', 'horror']"
24937,"['fiction', 'fantasy', 'children']"
24938,"['poetry', 'fantasy', 'fiction']"
24963,"['children', 'fantasy', 'fiction']"
24965,"['philosophy', 'fiction', 'historical']"
24983,"['fiction', 'sci-fi', 'fantasy']"
25014,"['historical', 'fiction', 'nonfiction']"
25017,"['fiction', 'historical', 'nonfiction']"
25019,"['historical', 'fiction', 'mystery']"
25051,"['children', 'fiction', 'fantasy']"
25052,"['children', 'fiction', 'fantasy']"
25053,"['children', 'fiction', 'fantasy']"
25078,"['fiction', 'nonfiction', 'philosophy']"
25099,"['graphic', 'fantasy', 'fiction']"
25100,"['graphic', 'fantasy', 'fiction']"
25101,"['graphic', 'fantasy', 'fiction']"
25102,"['graphic', 'fantasy', 'fiction']"
25103,"['graphic', 'fantasy', 'fiction']"
25104,"['graphic', 'fantasy', 'fiction']"
25105,"['graphic', 'fantasy', 'fiction']"
25106,"['graphic', 'fiction', 'fantasy']"
25148,"['fiction', 'nonfiction', 'historical']"
25176,"['mystery', 'fiction', 'nonfiction']"
25179,"['fiction', 'historical', 'graphic']"
25190,"['romance', 'fiction', 'children']"
25200,"['fiction', 'philosophy', 'historical']"
25295,"['fantasy', 'fiction', 'horror']"
25307,"['philosophy', 'fiction', 'historical']"
25346,"['fiction', 'children', 'poetry']"
25347,"['fiction', 'philosophy', 'historical']"
25350,"['fiction', 'sci-fi', 'fantasy']"
25354,"['fiction', 'historical', 'romance']"
25365,"['mystery', 'fiction', 'horror']"
25373,"['romance', 'fiction', 'poetry']"
25378,"['poetry', 'historical', 'fiction']"
25403,"['fiction', 'philosophy', 'romance']"
25460,"['fiction', 'historical', 'nonfiction']"
25657,"['fiction', 'historical', 'romance']"
25669,"['historical', 'fiction', 'philosophy']"
25698,"['nonfiction', 'fiction', 'historical']"
25790,"['fantasy', 'fiction', 'nonfiction']"
25807,"['mystery', 'fiction', 'historical']"
25955,"['fiction', 'philosophy', 'graphic']"
26023,"['historical', 'fiction', 'romance']"
26046,"['romance', 'horror', 'fantasy']"
26050,"['romance', 'mystery', 'fiction']"
26085,"['graphic', 'fiction', 'mystery']"
26097,"['fiction', 'philosophy', 'historical']"
26101,"['fiction', 'nonfiction', 'historical']"
26114,"['fiction', 'historical', 'philosophy']"
26123,"['fiction', 'philosophy', 'romance']"
26324,"['philosophy', 'fiction', 'nonfiction']"
26329,"['fiction', 'nonfiction', 'philosophy']"
26435,"['philosophy', 'fiction', 'historical']"
26506,"['romance', 'fiction', 'children']"
26581,"['romance', 'fiction', 'fantasy']"
26582,"['romance', 'fiction', 'fantasy']"
26596,"['poetry', 'historical', 'fiction']"
26599,"['poetry', 'historical', 'fiction']"
26661,"['fiction', 'philosophy', 'poetry']"
26722,"['mystery', 'fiction', 'horror']"
26999,"['fantasy', 'fiction', 'mystery']"
27000,"['fantasy', 'fiction', 'mystery']"
27001,"['fiction', 'fantasy', 'mystery']"
27002,"['fantasy', 'fiction', 'mystery']"
27003,"['fantasy', 'fiction', 'mystery']"
27037,"['historical', 'philosophy', 'fiction']"
27126,"['romance', 'historical', 'fiction']"
27208,"['fiction', 'fantasy', 'historical']"
27252,"['fiction', 'historical', 'philosophy']"
27266,"['horror', 'fantasy', 'romance']"
27297,"['philosophy', 'historical', 'fiction']"
27298,"['fiction', 'historical', 'romance']"
27323,"['historical', 'fiction', 'nonfiction']"
27333,"['fiction', 'nonfiction', 'historical']"
27397,"['fiction', 'mystery', 'historical']"
27398,"['fiction', 'historical', 'mystery']"
27494,"['historical', 'fiction', 'poetry']"
27523,"['fiction', 'philosophy', 'fantasy']"
27525,"['fiction', 'philosophy', 'horror']"
27526,"['fiction', 'philosophy', 'mystery']"
27528,"['fiction', 'philosophy', 'fantasy']"
27530,"['fiction', 'philosophy', 'mystery']"
27712,"['fantasy', 'children', 'fiction']"
27822,"['fiction', 'poetry', 'romance']"
27999,"['fiction', 'nonfiction', 'poetry']"
28078,"['fiction', 'historical', 'romance']"
28116,"['historical', 'fiction', 'nonfiction']"
28184,"['mystery', 'fiction', 'romance']"
28186,"['fantasy', 'children', 'fiction']"
28187,"['fantasy', 'children', 'fiction']"
28194,"['fantasy', 'children', 'fiction']"
28195,"['children', 'fantasy', 'horror']"
28212,"['fiction', 'historical', 'nonfiction']"
28239,"['fiction', 'historical', 'horror']"
28248,"['fantasy', 'fiction', 'romance']"
28249,"['fantasy', 'fiction', 'horror']"
28250,"['fantasy', 'fiction', 'horror']"
28251,"['fantasy', 'fiction', 'romance']"
28351,"['children', 'fiction', 'historical']"
28381,"['fiction', 'historical', 'nonfiction']"
28407,"['fiction', 'historical', 'nonfiction']"
28481,"['fantasy', 'fiction', 'sci-fi']"
28482,"['fantasy', 'fiction', 'sci-fi']"
28483,"['fantasy', 'fiction', 'horror']"
28484,"['fantasy', 'fiction', 'sci-fi']"
28485,"['fantasy', 'fiction', 'sci-fi']"
28507,"['fantasy', 'fiction', 'horror']"
28541,"['fantasy', 'fiction', 'sci-fi']"
28547,"['fantasy', 'fiction', 'sci-fi']"
28553,"['fantasy', 'fiction', 'sci-fi']"
28568,"['mystery', 'fiction', 'poetry']"
28634,"['fiction', 'philosophy', 'historical']"
28635,"['fiction', 'philosophy', 'historical']"
28676,"['fiction', 'horror', 'mystery']"
28689,"['fantasy', 'fiction', 'horror']"
28691,"['fantasy', 'fiction', 'horror']"
28695,"['fantasy', 'fiction', 'sci-fi']"
28698,"['fantasy', 'fiction', 'horror']"
28700,"['fiction', 'historical', 'nonfiction']"
28703,"['fiction', 'nonfiction', 'poetry']"
28734,"['fantasy', 'fiction', 'romance']"
28735,"['fantasy', 'fiction', 'romance']"
28747,"['fiction', 'nonfiction', 'sci-fi']"
28759,"['fantasy', 'fiction', 'romance']"
28760,"['fantasy', 'fiction', 'romance']"
28815,"['fiction', 'philosophy', 'nonfiction']"
28859,"['fiction', 'philosophy', 'historical']"
28862,"['historical', 'philosophy', 'fiction']"
28866,"['horror', 'romance', 'fantasy']"
28876,"['fantasy', 'fiction', 'historical']"
28877,"['mystery', 'horror', 'fiction']"
28881,"['fiction', 'philosophy', 'fantasy']"
28899,"['fiction', 'children', 'fantasy']"
28921,"['fiction', 'historical', 'poetry']"
28922,"['fiction', 'historical', 'poetry']"
28923,"['fiction', 'mystery', 'historical']"
28940,"['fiction', 'mystery', 'historical']"
29022,"['historical', 'fiction', 'nonfiction']"
29034,"['historical', 'fiction', 'children']"
29036,"['historical', 'fiction', 'nonfiction']"
29044,"['fiction', 'mystery', 'historical']"
29059,"['fiction', 'poetry', 'horror']"
29127,"['fantasy', 'children', 'fiction']"
29187,"['fantasy', 'fiction', 'sci-fi']"
29209,"['historical', 'fiction', 'children']"
29254,"['philosophy', 'fiction', 'historical']"
29291,"['children', 'fiction', 'historical']"
29393,"['historical', 'poetry', 'nonfiction']"
29394,"['fantasy', 'fiction', 'horror']"
29396,"['fantasy', 'fiction', 'horror']"
29397,"['sci-fi', 'fiction', 'fantasy']"
29484,"['nonfiction', 'horror', 'fantasy']"
29486,"['historical', 'fiction', 'romance']"
29501,"['philosophy', 'fiction', 'nonfiction']"
29547,"['romance', 'fiction', 'nonfiction']"
29579,"['fiction', 'sci-fi', 'fantasy']"
29580,"['fiction', 'sci-fi', 'fantasy']"
29581,"['fiction', 'sci-fi', 'fantasy']"
29582,"['fiction', 'sci-fi', 'fantasy']"
29641,"['historical', 'fiction', 'romance']"
29744,"['nonfiction', 'fiction', 'historical']"
29797,"['historical', 'fiction', 'philosophy']"
29800,"['graphic', 'fiction', 'fantasy']"
29801,"['graphic', 'fiction', 'fantasy']"
29802,"['graphic', 'fiction', 'fantasy']"
29923,"['fiction', 'historical', 'horror']"
29925,"['fiction', 'historical', 'nonfiction']"
29946,"['fiction', 'philosophy', 'historical']"
29948,"['fiction', 'philosophy', 'romance']"
29981,"['fiction', 'horror', 'historical']"
29999,"['mystery', 'fiction', 'historical']"
30005,"['mystery', 'fiction', 'historical']"
30013,"['fiction', 'sci-fi', 'fantasy']"
30016,"['sci-fi', 'fiction', 'mystery']"
30036,"['fantasy', 'fiction', 'historical']"
30043,"['fiction', 'historical', 'nonfiction']"
30065,"['horror', 'fiction', 'graphic']"
30068,"['mystery', 'fiction', 'horror']"
30069,"['horror', 'graphic', 'fiction']"
30071,"['horror', 'graphic', 'fiction']"
30118,"['children', 'poetry', 'fiction']"
30119,"['children', 'poetry', 'fiction']"
30120,"['children', 'fiction', 'poetry']"
30122,"['children', 'poetry', 'fiction']"
30125,"['children', 'poetry', 'fiction']"
30183,"['horror', 'fantasy', 'romance']"
30224,"['fantasy', 'romance', 'horror']"
30225,"['horror', 'fantasy', 'romance']"
30226,"['fantasy', 'romance', 'horror']"
30228,"['horror', 'fantasy', 'romance']"
30240,"['fantasy', 'romance', 'horror']"
30241,"['horror', 'fantasy', 'romance']"
30242,"['horror', 'romance', 'fantasy']"
30243,"['fantasy', 'romance', 'horror']"
30244,"['horror', 'fantasy', 'romance']"
30245,"['horror', 'fantasy', 'romance']"
30246,"['horror', 'fantasy', 'romance']"
30248,"['horror', 'fantasy', 'romance']"
30259,"['fantasy', 'horror', 'romance']"
30260,"['fantasy', 'horror', 'romance']"
30262,"['fantasy', 'horror', 'romance']"
30263,"['fantasy', 'horror', 'romance']"
30264,"['fantasy', 'horror', 'fiction']"
30271,"['horror', 'fantasy', 'romance']"
30273,"['horror', 'fantasy', 'romance']"
30274,"['horror', 'fantasy', 'romance']"
30281,"['horror', 'fantasy', 'romance']"
30289,"['philosophy', 'historical', 'fiction']"
30292,"['philosophy', 'historical', 'fiction']"
30324,"['fantasy', 'horror', 'romance']"
30334,"['fantasy', 'romance', 'horror']"
30343,"['mystery', 'romance', 'fiction']"
30347,"['mystery', 'romance', 'fiction']"
30474,"['philosophy', 'fiction', 'nonfiction']"
30512,"['fiction', 'children', 'historical']"
30593,"['fiction', 'historical', 'poetry']"
30597,"['historical', 'fiction', 'horror']"
30633,"['philosophy', 'fiction', 'historical']"
30636,"['philosophy', 'fiction', 'historical']"
30658,"['philosophy', 'historical', 'fiction']"
30659,"['historical', 'philosophy', 'fiction']"
30672,"['fiction', 'historical', 'nonfiction']"
30852,"['fiction', 'historical', 'romance']"
30868,"['fiction', 'children', 'historical']"
30919,"['fiction', 'historical']"
30933,"['fiction', 'historical', 'philosophy']"
31072,"['fiction', 'historical', 'poetry']"
31087,"['fiction', 'historical', 'romance']"
31098,"['fiction', 'romance']"
31099,"['romance', 'fiction', 'children']"
31100,"['fiction', 'romance']"
31101,"['romance', 'fiction', 'nonfiction']"
31106,"['romance', 'fiction', 'children']"
31122,"['fiction', 'historical', 'romance']"
31157,"['fiction', 'philosophy', 'mystery']"
31168,"['historical', 'fiction', 'romance']"
31173,"['historical', 'fiction', 'romance']"
31175,"['fiction', 'historical', 'romance']"
31178,"['fiction', 'romance', 'nonfiction']"
31181,"['fiction', 'nonfiction', 'romance']"
31196,"['fiction', 'historical', 'philosophy']"
31231,"['mystery', 'fiction', 'horror']"
31242,"['historical', 'fiction', 'mystery']"
31244,"['historical', 'fiction', 'mystery']"
31250,"['historical', 'fiction', 'romance']"
31259,"['mystery', 'fiction', 'horror']"
31266,"['mystery', 'fiction', 'horror']"
31268,"['mystery', 'fiction', 'horror']"
31271,"['mystery', 'fiction', 'horror']"
31300,"['mystery', 'fiction', 'historical']"
31304,"['mystery', 'fiction', 'historical']"
31312,"['fiction', 'philosophy', 'romance']"
31313,"['romance', 'horror', 'fantasy']"
31314,"['children', 'fiction', 'poetry']"
31331,"['horror', 'fiction', 'fantasy']"
31332,"['horror', 'fantasy', 'fiction']"
31333,"['horror', 'fiction', 'fantasy']"
31334,"['romance', 'fiction', 'horror']"
31335,"['fiction', 'horror', 'historical']"
31336,"['horror', 'fantasy', 'fiction']"
31337,"['horror', 'fantasy', 'fiction']"
31338,"['horror', 'fantasy', 'fiction']"
31340,"['horror', 'fantasy', 'fiction']"
31341,"['horror', 'fantasy', 'fiction']"
31342,"['horror', 'fantasy', 'fiction']"
31343,"['horror', 'fiction', 'fantasy']"
31357,"['fantasy', 'fiction', 'historical']"
31360,"['fiction', 'sci-fi', 'fantasy']"
31374,"['mystery', 'fiction', 'horror']"
31426,"['poetry', 'historical', 'fiction']"
31456,"['children', 'fiction', 'nonfiction']"
31463,"['fiction', 'historical', 'nonfiction']"
31491,"['fiction', 'romance', 'historical']"
31493,"['fiction', 'romance', 'children']"
31548,"['fiction', 'historical', 'romance']"
31555,"['nonfiction', 'philosophy', 'fiction']"
31623,"['mystery', 'fiction', 'sci-fi']"
31741,"['fiction', 'nonfiction', 'fantasy']"
31795,"['philosophy', 'fiction', 'historical']"
31818,"['fiction', 'historical', 'philosophy']"
31819,"['philosophy', 'fiction', 'fantasy']"
31862,"['philosophy', 'fiction', 'historical']"
31975,"['graphic', 'sci-fi', 'fiction']"
31979,"['graphic', 'sci-fi', 'fiction']"
32067,"['historical', 'fiction', 'romance']"
32071,"['historical', 'fiction', 'romance']"
32085,"['fiction', 'historical', 'nonfiction']"
32127,"['fiction', 'children', 'mystery']"
32145,"['fiction', 'nonfiction', 'historical']"
32234,"['fiction', 'romance', 'nonfiction']"
32254,"['mystery', 'fiction', 'horror']"
32255,"['mystery', 'fiction', 'horror']"
32257,"['mystery', 'fiction', 'nonfiction']"
32258,"['mystery', 'fiction', 'nonfiction']"
32261,"['historical', 'fiction', 'romance']"
32263,"['mystery', 'fiction', 'horror']"
32276,"['nonfiction', 'fiction', 'philosophy']"
32349,"['fiction', 'philosophy', 'historical']"
32370,"['historical', 'fiction', 'nonfiction']"
32416,"['horror', 'mystery', 'fiction']"
32418,"['mystery', 'fiction', 'horror']"
32421,"['mystery', 'horror', 'fiction']"
32422,"['horror', 'mystery', 'fiction']"
32423,"['mystery', 'fiction', 'horror']"
32424,"['mystery', 'horror', 'fiction']"
32426,"['horror', 'mystery', 'fiction']"
32428,"['mystery', 'horror', 'fiction']"
32429,"['horror', 'mystery', 'fiction']"
32430,"['horror', 'mystery', 'fiction']"
32432,"['mystery', 'horror', 'fiction']"
32433,"['mystery', 'horror', 'fiction']"
32434,"['mystery', 'fiction', 'horror']"
32435,"['horror', 'mystery', 'fiction']"
32437,"['mystery', 'horror', 'fiction']"
32438,"['horror', 'mystery', 'fiction']"
32439,"['mystery', 'horror', 'fiction']"
32441,"['mystery', 'horror', 'fiction']"
32442,"['horror', 'mystery', 'fiction']"
32443,"['mystery', 'fiction', 'horror']"
32445,"['horror', 'mystery', 'fiction']"
32446,"['mystery', 'horror', 'fiction']"
32453,"['horror', 'mystery', 'fiction']"
32456,"['mystery', 'fiction', 'horror']"
32499,"['mystery', 'fiction', 'horror']"
32501,"['mystery', 'fiction', 'nonfiction']"
32502,"['mystery', 'fiction', 'horror']"
32504,"['mystery', 'fiction', 'horror']"
32505,"['mystery', 'fiction', 'horror']"
32506,"['mystery', 'fiction', 'horror']"
32507,"['mystery', 'fiction', 'romance']"
32508,"['mystery', 'fiction', 'nonfiction']"
32523,"['mystery', 'fiction', 'romance']"
32525,"['historical', 'fiction', 'nonfiction']"
32527,"['mystery', 'fiction', 'romance']"
32529,"['mystery', 'fiction', 'romance']"
32530,"['mystery', 'fiction', 'romance']"
32542,"['mystery', 'fiction', 'historical']"
32552,"['historical', 'poetry', 'fiction']"
32559,"['fiction', 'nonfiction', 'horror']"
32585,"['fiction', 'historical', 'philosophy']"
32626,"['horror', 'fiction', 'nonfiction']"
32628,"['horror', 'fantasy', 'fiction']"
32636,"['fantasy', 'fiction', 'horror']"
32638,"['horror', 'children', 'fantasy']"
32650,"['fiction', 'historical', 'romance']"
32669,"['fiction', 'mystery', 'horror']"
32682,"['mystery', 'fiction', 'horror']"
32692,"['fiction', 'mystery', 'horror']"
32767,"['horror', 'fiction', 'historical']"
32769,"['horror', 'fiction', 'fantasy']"
32807,"['fiction', 'mystery', 'horror']"
32812,"['historical', 'fiction', 'philosophy']"
32827,"['historical', 'fiction', 'sci-fi']"
32829,"['fiction', 'historical', 'sci-fi']"
32831,"['fiction', 'horror', 'fantasy']"
32929,"['children', 'historical', 'fiction']"
32979,"['mystery', 'children', 'fiction']"
32987,"['historical', 'fiction', 'nonfiction']"
33144,"['fiction', 'romance', 'horror']"
33293,"['nonfiction', 'fiction', 'children']"
33313,"['fiction', 'historical', 'nonfiction']"
33333,"['philosophy', 'fiction', 'historical']"
33335,"['fiction', 'philosophy', 'nonfiction']"
33356,"['fiction', 'sci-fi', 'fantasy']"
33418,"['nonfiction', 'fiction', 'sci-fi']"
33426,"['nonfiction', 'fiction', 'sci-fi']"
33441,"['fiction', 'fantasy', 'sci-fi']"
33443,"['mystery', 'fiction', 'romance']"
33449,"['fiction', 'nonfiction', 'poetry']"
33453,"['fiction', 'horror', 'fantasy']"
33454,"['horror', 'fiction', 'fantasy']"
33455,"['fiction', 'fantasy', 'horror']"
33456,"['fantasy', 'fiction', 'horror']"
33457,"['fiction', 'fantasy', 'horror']"
33458,"['fiction', 'fantasy', 'horror']"
33459,"['fiction', 'fantasy', 'horror']"
33507,"['fiction', 'historical', 'sci-fi']"
33512,"['fiction', 'historical', 'nonfiction']"
33514,"['fiction', 'poetry', 'nonfiction']"
33547,"['horror', 'fiction', 'mystery']"
33569,"['fiction', 'children', 'historical']"
33600,"['fiction', 'historical', 'horror']"
33609,"['fiction', 'historical', 'romance']"
33668,"['mystery', 'fiction', 'horror']"
33676,"['fantasy', 'fiction', 'sci-fi']"
33722,"['romance', 'fiction', 'nonfiction']"
33723,"['romance', 'nonfiction', 'fiction']"
33724,"['romance', 'fiction', 'nonfiction']"
33726,"['romance', 'fiction', 'mystery']"
33727,"['romance', 'fiction', 'mystery']"
33729,"['romance', 'fiction', 'mystery']"
33732,"['romance', 'fiction', 'nonfiction']"
33770,"['romance', 'fiction', 'children']"
33808,"['mystery', 'fiction', 'horror']"
33810,"['mystery', 'fiction', 'horror']"
33813,"['mystery', 'fiction', 'historical']"
33820,"['mystery', 'fiction', 'historical']"
33896,"['fiction', 'historical', 'horror']"
33906,"['fiction', 'romance', 'children']"
33917,"['fiction', 'children', 'nonfiction']"
33926,"['romance', 'fiction', 'nonfiction']"
34053,"['children', 'historical', 'fiction']"
34057,"['fiction', 'historical', 'horror']"
34072,"['graphic', 'fiction', 'children']"
34080,"['poetry', 'fiction', 'historical']"
34084,"['fantasy', 'nonfiction', 'fiction']"
34262,"['children', 'fantasy', 'fiction']"
34268,"['historical', 'children', 'fantasy']"
34295,"['fiction', 'romance', 'nonfiction']"
34310,"['fiction', 'romance', 'historical']"
34312,"['fiction', 'romance', 'historical']"
34451,"['fiction', 'nonfiction']"
34452,"['philosophy', 'fiction', 'historical']"
34484,"['fantasy', 'fiction', 'philosophy']"
34492,"['fantasy', 'fiction', 'children']"
34494,"['fantasy', 'fiction', 'children']"
34497,"['fantasy', 'fiction', 'sci-fi']"
34498,"['fantasy', 'fiction', 'nonfiction']"
34499,"['fantasy', 'fiction', 'sci-fi']"
34501,"['fantasy', 'fiction', 'children']"
34502,"['fantasy', 'fiction', 'horror']"
34503,"['fantasy', 'fiction', 'graphic']"
34504,"['fantasy', 'fiction', 'sci-fi']"
34506,"['fantasy', 'fiction', 'horror']"
34507,"['fantasy', 'fiction', 'sci-fi']"
34508,"['fantasy', 'fiction', 'sci-fi']"
34510,"['fantasy', 'fiction', 'sci-fi']"
34511,"['fiction', 'fantasy', 'horror']"
34517,"['fantasy', 'fiction', 'horror']"
34527,"['fantasy', 'fiction', 'mystery']"
34529,"['fantasy', 'fiction', 'sci-fi']"
34532,"['fantasy', 'fiction', 'horror']"
34534,"['fantasy', 'fiction', 'children']"
34541,"['fantasy', 'fiction', 'horror']"
34548,"['historical', 'fiction', 'nonfiction']"
34605,"['horror', 'fiction', 'fantasy']"
34760,"['fiction', 'philosophy', 'nonfiction']"
34871,"['horror', 'fantasy', 'fiction']"
34897,"['fantasy', 'fiction', 'horror']"
34898,"['children', 'fantasy', 'fiction']"
34919,"['fantasy', 'fiction', 'horror']"
34941,"['historical', 'fiction', 'sci-fi']"
34988,"['fantasy', 'fiction', 'horror']"
34993,"['mystery', 'fiction', 'horror']"
35100,"['historical', 'fiction', 'nonfiction']"
35125,"['fiction', 'sci-fi', 'horror']"
35210,"['fiction', 'philosophy', 'romance']"
35220,"['historical', 'fiction', 'children']"
35231,"['fantasy', 'fiction', 'horror']"
35233,"['fantasy', 'fiction', 'horror']"
35332,"['fiction', 'romance', 'philosophy']"
35354,"['mystery', 'fiction', 'romance']"
35430,"['historical', 'fiction', 'sci-fi']"
35476,"['historical', 'fiction', 'philosophy']"
35488,"['historical', 'fiction', 'nonfiction']"
35519,"['philosophy', 'historical', 'fiction']"
35539,"['historical', 'poetry', 'fiction']"
35729,"['horror', 'romance', 'fantasy']"
35743,"['fiction', 'historical', 'fantasy']"
35805,"['children', 'fiction', 'horror']"
35816,"['fiction', 'sci-fi', 'nonfiction']"
35921,"['sci-fi', 'fiction', 'fantasy']"
35982,"['fiction', 'historical', 'romance']"
36058,"['mystery', 'fiction', 'horror']"
36064,"['mystery', 'fiction', 'historical']"
36071,"['fiction', 'philosophy', 'poetry']"
36072,"['fiction', 'philosophy', 'poetry']"
36076,"['fiction', 'philosophy', 'romance']"
36086,"['historical', 'fiction', 'nonfiction']"
36159,"['fantasy', 'fiction', 'sci-fi']"
36315,"['horror', 'fiction', 'nonfiction']"
36529,"['historical', 'fiction', 'children']"
36638,"['children', 'fiction', 'fantasy']"
37034,"['horror', 'fiction', 'mystery']"
37095,"['fiction', 'romance', 'historical']"
37100,"['mystery', 'fiction', 'historical']"
37186,"['children', 'fiction', 'fantasy']"
37187,"['children', 'fiction', 'fantasy']"
37190,"['children', 'fantasy', 'fiction']"
37296,"['mystery', 'fiction']"
37297,"['mystery', 'fiction', 'horror']"
37298,"['mystery', 'fiction', 'philosophy']"
37300,"['mystery', 'fiction', 'horror']"
37301,"['mystery', 'fiction', 'nonfiction']"
37302,"['mystery', 'fiction', 'horror']"
37303,"['mystery', 'fiction']"
37304,"['mystery', 'fiction', 'nonfiction']"
37338,"['romance', 'mystery', 'fiction']"
37377,"['children', 'fiction', 'poetry']"
37380,"['fiction', 'historical', 'nonfiction']"
37398,"['fiction', 'historical', 'nonfiction']"
37415,"['fiction', 'historical', 'children']"
37426,"['fiction', 'romance', 'children']"
37435,"['fiction', 'historical', 'romance']"
37442,"['fantasy', 'fiction', 'children']"
37451,"['romance', 'fiction', 'children']"
37470,"['fiction', 'historical', 'romance']"
37526,"['historical', 'fiction', 'poetry']"
37586,"['fantasy', 'sci-fi', 'children']"
37619,"['fiction', 'historical', 'horror']"
37677,"['historical', 'fiction', 'horror']"
37732,"['children', 'fiction', 'historical']"
37737,"['children', 'fiction', 'historical']"
37738,"['children', 'fiction', 'historical']"
37739,"['children', 'fiction', 'historical']"
37741,"['children', 'fiction', 'historical']"
37743,"['romance', 'fiction', 'children']"
37781,"['fiction', 'historical', 'children']"
37793,"['fiction', 'romance', 'historical']"
37847,"['fiction', 'historical', 'nonfiction']"
37875,"['fiction', 'nonfiction', 'philosophy']"
38030,"['romance', 'mystery', 'fiction']"
38169,"['fiction', 'sci-fi', 'historical']"
38180,"['fiction', 'sci-fi', 'historical']"
38210,"['philosophy', 'fiction', 'romance']"
38262,"['historical', 'fiction', 'children']"
38296,"['historical', 'fiction', 'horror']"
38315,"['nonfiction', 'fiction', 'philosophy']"
38333,"['fiction', 'graphic', 'sci-fi']"
38412,"['nonfiction', 'fiction', 'historical']"
38447,"['fiction', 'sci-fi', 'historical']"
38462,"['fiction', 'historical', 'romance']"
38500,"['fiction', 'historical', 'poetry']"
38501,"['fiction', 'historical', 'poetry']"
38502,"['fiction', 'nonfiction', 'poetry']"
38503,"['fiction', 'nonfiction', 'poetry']"
38505,"['fiction', 'historical', 'poetry']"
38529,"['horror', 'romance', 'fantasy']"
38548,"['romance', 'horror', 'fantasy']"
38562,"['horror', 'romance', 'fantasy']"
38568,"['horror', 'romance', 'fantasy']"
38619,"['fantasy', 'horror', 'romance']"
38703,"['fiction', 'children', 'romance']"
38709,"['children', 'fiction', 'historical']"
38723,"['fiction', 'romance', 'historical']"
38739,"['fiction', 'historical', 'nonfiction']"
38743,"['fiction', 'historical', 'nonfiction']"
38787,"['fiction', 'fantasy', 'historical']"
38855,"['historical', 'fiction', 'nonfiction']"
38980,"['romance', 'fiction', 'children']"
38990,"['historical', 'fiction', 'graphic']"
39020,"['historical', 'fiction', 'nonfiction']"
39026,"['mystery', 'fiction', 'horror']"
39028,"['mystery', 'fiction', 'horror']"
39030,"['mystery', 'fiction', 'horror']"
39031,"['mystery', 'fiction', 'horror']"
39032,"['mystery', 'fiction', 'horror']"
39033,"['mystery', 'fiction', 'horror']"
39045,"['fiction', 'romance', 'children']"
39542,"['fiction', 'nonfiction']"
39662,"['nonfiction', 'fiction', 'horror']"
39664,"['fiction', 'nonfiction', 'mystery']"
39792,"['mystery', 'fiction', 'nonfiction']"
39795,"['mystery', 'fiction', 'horror']"
39796,"['mystery', 'fiction', 'nonfiction']"
39798,"['mystery', 'fiction', 'horror']"
39799,"['mystery', 'fiction', 'nonfiction']"
39801,"['mystery', 'fiction', 'nonfiction']"
39916,"['graphic', 'historical', 'fiction']"
39926,"['fiction', 'philosophy', 'nonfiction']"
39933,"['fiction', 'poetry', 'nonfiction']"
39963,"['fiction', 'children', 'historical']"
39980,"['fiction', 'children', 'historical']"
39988,"['children', 'fiction', 'fantasy']"
39999,"['fiction', 'historical', 'children']"
40024,"['mystery', 'fiction', 'historical']"
40067,"['fiction', 'historical', 'mystery']"
40102,"['fiction', 'philosophy', 'nonfiction']"
40136,"['fiction', 'historical', 'nonfiction']"
40158,"['fantasy', 'fiction', 'horror']"
40159,"['fantasy', 'fiction', 'horror']"
40168,"['fiction', 'poetry', 'nonfiction']"
40173,"['fiction', 'historical', 'nonfiction']"
40189,"['fiction', 'historical', 'nonfiction']"
40200,"['fiction', 'historical', 'romance']"
40217,"['fantasy', 'romance', 'fiction']"
40223,"['fantasy', 'romance', 'fiction']"
40271,"['fantasy', 'fiction', 'historical']"
40289,"['fiction', 'sci-fi', 'mystery']"
40290,"['fantasy', 'fiction', 'historical']"
40293,"['fiction', 'sci-fi', 'fantasy']"
40313,"['romance', 'mystery', 'fiction']"
40317,"['mystery', 'fiction', 'romance']"
40320,"['romance', 'mystery', 'fiction']"
40329,"['mystery', 'romance', 'fiction']"
40331,"['mystery', 'fiction', 'romance']"
40395,"['fiction', 'sci-fi', 'fantasy']"
40425,"['historical', 'fiction', 'fantasy']"
40440,"['fiction', 'mystery', 'horror']"
40445,"['sci-fi', 'fiction', 'mystery']"
40465,"['fiction', 'nonfiction', 'historical']"
40470,"['fiction', 'nonfiction', 'historical']"
40471,"['fiction', 'horror', 'nonfiction']"
40482,"['mystery', 'fiction', 'horror']"
40483,"['romance', 'fiction', 'historical']"
40493,"['fiction', 'historical', 'fantasy']"
40496,"['fiction', 'historical', 'nonfiction']"
40526,"['fiction', 'sci-fi', 'fantasy']"
40580,"['fiction', 'nonfiction', 'historical']"
40710,"['mystery', 'fiction', 'horror']"
40722,"['fiction', 'historical', 'children']"
40745,"['fiction', 'philosophy', 'nonfiction']"
40923,"['historical', 'fiction', 'nonfiction']"
40929,"['historical', 'fiction', 'nonfiction']"
40992,"['fantasy', 'fiction', 'sci-fi']"
41069,"['fiction', 'sci-fi', 'historical']"
41193,"['fiction', 'nonfiction', 'children']"
41219,"['fiction', 'historical', 'romance']"
41424,"['children', 'fantasy', 'romance']"
41490,"['mystery', 'fiction', 'romance']"
41502,"['fiction', 'historical', 'mystery']"
41667,"['children', 'fiction', 'horror']"
41681,"['fiction', 'historical', 'children']"
41684,"['historical', 'children', 'fiction']"
41689,"['mystery', 'fiction', 'historical']"
41698,"['mystery', 'fiction', 'horror']"
41701,"['mystery', 'fiction', 'horror']"
41704,"['mystery', 'fiction', 'horror']"
41706,"['mystery', 'fiction', 'horror']"
41707,"['mystery', 'fiction', 'horror']"
41710,"['mystery', 'fiction', 'horror']"
41716,"['mystery', 'fiction', 'horror']"
41804,"['sci-fi', 'fiction', 'historical']"
41810,"['fiction', 'sci-fi', 'mystery']"
41811,"['fiction', 'sci-fi', 'mystery']"
41820,"['fiction', 'sci-fi', 'fantasy']"
41821,"['sci-fi', 'fiction', 'fantasy']"
41865,"['horror', 'fantasy', 'fiction']"
41899,"['children', 'fiction', 'fantasy']"
41913,"['fiction', 'sci-fi', 'mystery']"
41918,"['fiction', 'historical', 'nonfiction']"
41950,"['fiction', 'romance', 'mystery']"
41951,"['fiction', 'romance', 'children']"
41958,"['fiction', 'romance', 'nonfiction']"
41962,"['fiction', 'romance', 'historical']"
41967,"['fiction', 'romance', 'children']"
41977,"['fiction', 'romance', 'historical']"
42038,"['poetry', 'historical', 'fiction']"
42058,"['historical', 'fiction', 'poetry']"
42149,"['romance', 'fiction', 'children']"
42155,"['romance', 'fiction', 'nonfiction']"
42156,"['romance', 'fiction', 'nonfiction']"
42172,"['fiction', 'romance', 'poetry']"
42369,"['children', 'fiction', 'historical']"
42389,"['historical', 'fiction', 'nonfiction']"
42407,"['children', 'fiction', 'historical']"
42432,"['fiction', 'sci-fi', 'fantasy']"
42435,"['historical', 'fiction', 'horror']"
42512,"['historical', 'fiction', 'nonfiction']"
42547,"['historical', 'nonfiction', 'fiction']"
42603,"['historical', 'fiction', 'nonfiction']"
42607,"['historical', 'fiction', 'poetry']"
42631,"['fiction', 'philosophy', 'poetry']"
42641,"['fiction', 'historical', 'philosophy']"
42661,"['historical', 'fiction', 'nonfiction']"
42691,"['fiction', 'historical', 'philosophy']"
42692,"['fiction', 'historical', 'mystery']"
42696,"['fiction', 'historical', 'horror']"
42697,"['fiction', 'historical', 'philosophy']"
42898,"['horror', 'romance', 'fantasy']"
42899,"['horror', 'romance', 'fantasy']"
42900,"['romance', 'horror', 'historical']"
42909,"['fiction', 'historical', 'nonfiction']"
42933,"['fiction', 'historical', 'horror']"
42986,"['fiction', 'historical', 'romance']"
43015,"['historical', 'fiction', 'children']"
43035,"['historical', 'fiction', 'horror']"
43037,"['fiction', 'historical', 'children']"
43049,"['fiction', 'historical', 'horror']"
43070,"['graphic', 'fiction', 'children']"
43081,"['fiction', 'historical', 'mystery']"
43255,"['historical', 'fiction', 'nonfiction']"
43324,"['mystery', 'fiction', 'romance']"
43325,"['mystery', 'fiction', 'romance']"
43326,"['mystery', 'fiction', 'nonfiction']"
43327,"['mystery', 'fiction', 'romance']"
43328,"['mystery', 'fiction', 'romance']"
43330,"['mystery', 'fiction', 'romance']"
43339,"['mystery', 'fiction', 'horror']"
43342,"['mystery', 'fiction', 'romance']"
43345,"['mystery', 'fiction', 'romance']"
43352,"['mystery', 'fiction', 'romance']"
43357,"['mystery', 'fiction', 'romance']"
43369,"['philosophy', 'fiction', 'nonfiction']"
43448,"['fiction', 'horror', 'mystery']"
43545,"['historical', 'fantasy', 'fiction']"
43615,"['fantasy', 'fiction', 'horror']"
43641,"['fiction', 'romance', 'historical']"
43739,"['graphic', 'fiction', 'nonfiction']"
43758,"['horror', 'fantasy', 'fiction']"
43763,"['horror', 'fantasy', 'fiction']"
43780,"['horror', 'fantasy', 'fiction']"
43781,"['horror', 'fiction', 'fantasy']"
43782,"['horror', 'fantasy', 'fiction']"
43797,"['horror', 'fantasy', 'fiction']"
43798,"['fiction', 'horror', 'fantasy']"
43799,"['romance', 'fiction', 'fantasy']"
43805,"['horror', 'fantasy', 'fiction']"
43808,"['horror', 'fantasy', 'graphic']"
43814,"['horror', 'fantasy', 'fiction']"
43818,"['horror', 'fantasy', 'fiction']"
43841,"['fiction', 'historical', 'romance']"
43877,"['philosophy', 'fiction', 'poetry']"
43884,"['fantasy', 'fiction', 'romance']"
43886,"['fantasy', 'fiction', 'horror']"
43887,"['fantasy', 'fiction', 'romance']"
43889,"['fantasy', 'fiction', 'horror']"
43892,"['fantasy', 'fiction', 'horror']"
43893,"['fantasy', 'fiction', 'romance']"
43908,"['fantasy', 'fiction', 'historical']"
43915,"['fantasy', 'fiction', 'graphic']"
43916,"['fantasy', 'fiction', 'historical']"
43917,"['fantasy', 'fiction', 'historical']"
43924,"['mystery', 'fiction', 'children']"
43926,"['mystery', 'fiction', 'horror']"
43927,"['mystery', 'fiction', 'horror']"
43928,"['mystery', 'fiction', 'nonfiction']"
43929,"['mystery', 'fiction', 'nonfiction']"
43930,"['mystery', 'fiction', 'horror']"
43931,"['mystery', 'fiction', 'horror']"
43932,"['mystery', 'fiction', 'horror']"
43933,"['mystery', 'fiction', 'nonfiction']"
43944,"['fiction', 'historical', 'nonfiction']"
43945,"['fiction', 'historical', 'poetry']"
43992,"['mystery', 'fiction', 'horror']"
43993,"['mystery', 'fiction', 'horror']"
44001,"['fiction', 'historical', 'nonfiction']"
44133,"['fiction', 'poetry', 'historical']"
44170,"['fantasy', 'fiction', 'children']"
44184,"['fiction', 'historical', 'mystery']"
44186,"['children', 'fiction', 'historical']"
44255,"['fiction', 'historical', 'nonfiction']"
44360,"['philosophy', 'fiction', 'romance']"
44361,"['philosophy', 'fiction', 'poetry']"
44399,"['philosophy', 'poetry', 'fiction']"
44543,"['fiction', 'historical', 'romance']"
44559,"['fiction', 'philosophy', 'historical']"
44597,"['fiction', 'historical', 'romance']"
44644,"['fiction', 'philosophy', 'nonfiction']"
44652,"['fantasy', 'children', 'fiction']"
44659,"['fantasy', 'fiction', 'horror']"
44660,"['fantasy', 'fiction', 'horror']"
44687,"['fantasy', 'fiction', 'horror']"
44688,"['fantasy', 'fiction', 'horror']"
44796,"['fiction', 'historical', 'nonfiction']"
44905,"['poetry', 'fiction', 'philosophy']"
45020,"['mystery', 'fiction', 'romance']"
45032,"['fiction', 'romance', 'historical']"
45100,"['fantasy', 'fiction', 'horror']"
45101,"['fantasy', 'fiction', 'horror']"
45102,"['fantasy', 'fiction', 'horror']"
45106,"['fantasy', 'fiction', 'horror']"
45107,"['fantasy', 'fiction', 'horror']"
45108,"['fantasy', 'fiction', 'nonfiction']"
45109,"['fantasy', 'fiction', 'horror']"
45110,"['fantasy', 'fiction', 'horror']"
45112,"['fantasy', 'fiction', 'horror']"
45162,"['fiction', 'romance', 'historical']"
45169,"['mystery', 'fiction', 'horror']"
45181,"['children', 'fantasy', 'historical']"
45195,"['fiction', 'historical', 'children']"
45220,"['fiction', 'philosophy', 'historical']"
45234,"['fiction', 'mystery', 'horror']"
45244,"['sci-fi', 'fiction', 'fantasy']"
45245,"['sci-fi', 'fiction', 'fantasy']"
45252,"['sci-fi', 'fiction', 'fantasy']"
45260,"['sci-fi', 'fiction', 'fantasy']"
45369,"['fiction', 'historical', 'mystery']"
45432,"['fiction', 'sci-fi', 'fantasy']"
45546,"['historical', 'fiction', 'horror']"
45685,"['historical', 'fiction', 'horror']"
45760,"['fiction', 'nonfiction', 'poetry']"
45967,"['fiction', 'horror', 'fantasy']"
45974,"['fiction', 'poetry', 'historical']"
45978,"['fantasy', 'children', 'fiction']"
46012,"['romance', 'fiction', 'nonfiction']"
46114,"['fiction', 'historical', 'poetry']"
46164,"['historical', 'fiction', 'romance']"
46165,"['fiction', 'historical', 'romance']"
46170,"['fiction', 'historical', 'poetry']"
46182,"['fiction', 'fantasy', 'sci-fi']"
46190,"['historical', 'fiction', 'poetry']"
46191,"['romance', 'fiction', 'philosophy']"
46199,"['poetry', 'fiction', 'historical']"
46201,"['poetry', 'fiction', 'historical']"
46202,"['fantasy', 'romance', 'horror']"
46227,"['fiction', 'historical', 'poetry']"
46292,"['poetry', 'fiction', 'historical']"
46306,"['children', 'historical', 'fiction']"
46349,"['historical', 'fiction', 'nonfiction']"
46438,"['mystery', 'fiction', 'historical']"
46460,"['mystery', 'fiction', 'historical']"
46544,"['fiction', 'historical', 'fantasy']"
46601,"['fiction', 'romance', 'historical']"
46654,"['sci-fi', 'fiction', 'fantasy']"
46656,"['fiction', 'sci-fi', 'fantasy']"
46661,"['fiction', 'romance', 'children']"
46674,"['fiction', 'philosophy', 'nonfiction']"
46676,"['philosophy', 'fiction', 'poetry']"
46677,"['children', 'fiction', 'historical']"
46755,"['fiction', 'romance', 'historical']"
46756,"['fiction', 'sci-fi', 'fantasy']"
46777,"['fantasy', 'horror', 'fiction']"
46787,"['historical', 'fiction', 'children']"
46799,"['fiction', 'historical', 'children']"
46815,"['historical', 'fiction', 'philosophy']"
46906,"['graphic', 'fantasy', 'romance']"
46908,"['graphic', 'fantasy', 'romance']"
46913,"['fiction', 'graphic', 'nonfiction']"
46917,"['fiction', 'historical', 'poetry']"
46945,"['fiction', 'mystery', 'historical']"
47021,"['historical', 'fiction', 'poetry']"
47076,"['fiction', 'children', 'romance']"
47212,"['fantasy', 'mystery', 'horror']"
47281,"['children', 'fiction', 'historical']"
47304,"['fiction', 'historical', 'nonfiction']"
47345,"['fiction', 'romance', 'children']"
47401,"['fiction', 'fantasy', 'romance']"
47520,"['fantasy', 'children', 'fiction']"
47558,"['children', 'fiction', 'graphic']"
47559,"['graphic', 'fiction', 'poetry']"
47613,"['fantasy', 'children', 'fiction']"
47618,"['fantasy', 'children', 'fiction']"
47619,"['fantasy', 'children', 'fiction']"
47620,"['fantasy', 'children', 'fiction']"
47624,"['fantasy', 'fiction', 'horror']"
47667,"['fiction', 'sci-fi', 'nonfiction']"
47697,"['graphic', 'fantasy', 'fiction']"
47701,"['fantasy', 'fiction', 'sci-fi']"
47720,"['fantasy', 'graphic', 'fiction']"
47730,"['poetry', 'historical', 'fiction']"
47780,"['fiction', 'nonfiction', 'romance']"
47878,"['fantasy', 'children', 'fiction']"
47881,"['fantasy', 'children', 'fiction']"
47922,"['romance', 'fiction', 'children']"
47944,"['romance', 'fiction', 'children']"
47956,"['fantasy', 'romance', 'fiction']"
47957,"['fantasy', 'romance', 'fiction']"
47959,"['fantasy', 'romance', 'fiction']"
47989,"['fantasy', 'fiction', 'sci-fi']"
47990,"['fantasy', 'fiction', 'mystery']"
47994,"['fantasy', 'fiction', 'sci-fi']"
48002,"['fantasy', 'fiction', 'sci-fi']"
48019,"['fiction', 'nonfiction', 'philosophy']"
48037,"['horror', 'historical', 'fiction']"
48132,"['historical', 'fiction', 'children']"
48183,"['fiction', 'romance', 'mystery']"
48304,"['fiction', 'nonfiction']"
48318,"['philosophy', 'fantasy', 'fiction']"
48328,"['fiction', 'historical', 'romance']"
48464,"['fiction', 'historical', 'nonfiction']"
48467,"['fiction', 'historical', 'philosophy']"
48484,"['fiction', 'sci-fi', 'horror']"
48697,"['historical', 'nonfiction', 'fiction']"
48757,"['philosophy', 'fiction', 'historical']"
48758,"['fiction', 'romance', 'philosophy']"
48811,"['children', 'mystery', 'historical']"
48834,"['historical', 'fiction', 'children']"
48855,"['historical', 'fiction', 'children']"
48862,"['fiction', 'historical', 'mystery']"
48974,"['fiction', 'mystery', 'children']"
49006,"['historical', 'fantasy', 'children']"
49011,"['nonfiction', 'fantasy', 'fiction']"
49041,"['horror', 'fantasy', 'romance']"
49158,"['romance', 'philosophy', 'fiction']"
49176,"['philosophy', 'fiction', 'nonfiction']"
49195,"['historical', 'fiction', 'nonfiction']"
49221,"['philosophy', 'historical', 'fiction']"
49234,"['nonfiction', 'fiction', 'historical']"
49245,"['romance', 'fiction', 'philosophy']"
49250,"['historical', 'fiction']"
49251,"['historical', 'fiction', 'nonfiction']"
49322,"['philosophy', 'fiction', 'nonfiction']"
49350,"['mystery', 'fiction', 'horror']"
49353,"['mystery', 'fiction', 'horror']"
49436,"['fiction', 'historical', 'nonfiction']"
49455,"['fiction', 'historical', 'philosophy']"
49465,"['fiction', 'historical', 'nonfiction']"
49540,"['historical', 'fiction', 'romance']"
49552,"['fiction', 'historical', 'philosophy']"
49596,"['mystery', 'fiction', 'historical']"
49628,"['fiction', 'sci-fi', 'fantasy']"
49750,"['fiction', 'romance', 'fantasy']"
49824,"['fiction', 'historical', 'romance']"
50001,"['fantasy', 'fiction', 'nonfiction']"
50027,"['fantasy', 'fiction', 'horror']"
50033,"['fiction', 'historical', 'fantasy']"
50039,"['historical', 'fiction', 'poetry']"
50051,"['fiction', 'historical', 'nonfiction']"
50091,"['fiction', 'sci-fi', 'nonfiction']"
50140,"['fiction', 'historical', 'poetry']"
50144,"['fiction', 'nonfiction', 'romance']"
50275,"['fiction', 'historical', 'mystery']"
50365,"['fiction', 'historical', 'romance']"
50398,"['historical', 'fiction', 'romance']"
50453,"['fiction', 'nonfiction', 'poetry']"
50618,"['fiction', 'mystery', 'poetry']"
50695,"['fiction', 'historical', 'poetry']"
50750,"['romance', 'fantasy', 'horror']"
50798,"['historical', 'fiction', 'romance']"
50833,"['fiction', 'historical', 'romance']"
50930,"['fiction', 'philosophy', 'mystery']"
50937,"['fiction', 'philosophy', 'poetry']"
51019,"['fiction', 'romance', 'historical']"
51070,"['fiction', 'children', 'historical']"
51078,"['graphic', 'fiction', 'fantasy']"
51113,"['fiction', 'historical', 'nonfiction']"
51114,"['fiction', 'historical', 'nonfiction']"
51299,"['philosophy', 'fiction', 'nonfiction']"
51362,"['mystery', 'fiction', 'romance']"
51364,"['fiction', 'philosophy', 'historical']"
51370,"['fiction', 'philosophy', 'nonfiction']"
51428,"['fantasy', 'fiction', 'horror']"
51496,"['historical', 'fiction', 'horror']"
51497,"['historical', 'fiction', 'horror']"
51504,"['fiction', 'historical', 'poetry']"
51606,"['fiction', 'historical', 'horror']"
51715,"['philosophy', 'fiction', 'nonfiction']"
51737,"['romance', 'fiction', 'children']"
51738,"['romance', 'fiction', 'poetry']"
51740,"['fiction', 'children', 'fantasy']"
51799,"['historical', 'fiction', 'nonfiction']"
51893,"['fiction', 'historical', 'philosophy']"
51964,"['fiction', 'sci-fi', 'fantasy']"
51985,"['philosophy', 'fiction', 'nonfiction']"
52036,"['fiction', 'philosophy', 'historical']"
52258,"['fiction', 'romance', 'historical']"
52309,"['historical', 'nonfiction', 'fiction']"
52318,"['fiction', 'fantasy', 'sci-fi']"
52350,"['fiction', 'horror', 'sci-fi']"
52357,"['historical', 'poetry', 'fiction']"
52367,"['graphic', 'fiction', 'nonfiction']"
52372,"['graphic', 'fiction', 'nonfiction']"
52397,"['fiction', 'sci-fi', 'fantasy']"
52415,"['mystery', 'fiction', 'nonfiction']"
52471,"['fiction', 'romance', 'children']"
52529,"['fiction', 'philosophy', 'poetry']"
52588,"['romance', 'fiction', 'philosophy']"
52629,"['fiction', 'fantasy', 'horror']"
52635,"['horror', 'fiction', 'fantasy']"
52640,"['fantasy', 'horror', 'fiction']"
52783,"['fiction', 'historical', 'nonfiction']"
52823,"['historical', 'fiction', 'children']"
52872,"['fiction', 'fantasy', 'sci-fi']"
52873,"['nonfiction', 'fiction', 'children']"
53022,"['poetry', 'historical', 'fiction']"
53061,"['fiction', 'historical', 'nonfiction']"
53064,"['fiction', 'historical', 'nonfiction']"
53168,"['horror', 'fantasy', 'fiction']"
53200,"['nonfiction', 'fiction', 'sci-fi']"
53343,"['poetry', 'fiction', 'nonfiction']"
53413,"['fiction', 'historical', 'fantasy']"
53447,"['fiction', 'historical', 'philosophy']"
53496,"['children', 'fiction', 'historical']"
53498,"['poetry', 'children', 'fiction']"
53580,"['children', 'fiction', 'graphic']"
53625,"['mystery', 'fiction', 'horror']"
53639,"['fiction', 'historical', 'philosophy']"
53645,"['historical', 'fiction', 'nonfiction']"
53764,"['fiction', 'sci-fi', 'fantasy']"
53809,"['philosophy', 'nonfiction', 'fiction']"
53817,"['philosophy', 'fiction', 'poetry']"
53834,"['philosophy', 'fiction', 'poetry']"
53835,"['historical', 'fiction', 'romance']"
53926,"['fiction', 'romance', 'nonfiction']"
53969,"['fiction', 'historical', 'nonfiction']"
54120,"['fiction', 'fantasy', 'poetry']"
54270,"['historical', 'fiction', 'nonfiction']"
54479,"['historical', 'fiction', 'horror']"
54492,"['historical', 'fiction', 'horror']"
54499,"['historical', 'fiction', 'horror']"
54529,"['historical', 'fiction', 'nonfiction']"
54539,"['historical', 'fiction', 'children']"
54620,"['fiction', 'historical', 'romance']"
54666,"['nonfiction', 'fiction', 'historical']"
54984,"['fiction', 'historical', 'nonfiction']"
55018,"['mystery', 'fiction', 'horror']"
55019,"['mystery', 'fiction', 'historical']"
55022,"['mystery', 'fiction', 'horror']"
55030,"['nonfiction', 'fiction', 'sci-fi']"
55095,"['historical', 'fiction', 'nonfiction']"
55229,"['historical', 'fiction', 'nonfiction']"
55352,"['fiction', 'historical', 'nonfiction']"
55354,"['fiction', 'nonfiction', 'historical']"
55398,"['fantasy', 'fiction', 'nonfiction']"
55399,"['fantasy', 'fiction', 'sci-fi']"
55401,"['fantasy', 'fiction', 'nonfiction']"
55403,"['historical', 'fiction', 'nonfiction']"
56034,"['fiction', 'historical', 'romance']"
56066,"['mystery', 'fiction', 'romance']"
56073,"['historical', 'fiction', 'nonfiction']"
56157,"['fiction', 'romance', 'philosophy']"
56353,"['fiction', 'historical', 'nonfiction']"
56373,"['fiction', 'romance', 'historical']"
56405,"['romance', 'fiction', 'philosophy']"
56452,"['fiction', 'philosophy', 'nonfiction']"
56454,"['fiction', 'philosophy', 'nonfiction']"
56465,"['fiction', 'philosophy', 'nonfiction']"
56466,"['fiction', 'poetry', 'philosophy']"
56480,"['fiction', 'philosophy', 'romance']"
56495,"['philosophy', 'fiction', 'poetry']"
56594,"['historical', 'fiction', 'philosophy']"
56616,"['mystery', 'fiction', 'historical']"
56627,"['fiction', 'philosophy', 'nonfiction']"
56634,"['historical', 'fiction', 'philosophy']"
56674,"['fiction', 'historical', 'children']"
56728,"['children', 'fiction', 'philosophy']"
56759,"['historical', 'fiction', 'children']"
56842,"['fiction', 'historical', 'mystery']"
56899,"['fiction', 'fantasy', 'horror']"
56912,"['historical', 'fiction', 'nonfiction']"
56913,"['fiction', 'historical', 'mystery']"
56919,"['fiction', 'historical', 'romance']"
57605,"['children', 'fiction', 'historical']"
57727,"['mystery', 'fiction', 'historical']"
57736,"['fiction', 'fantasy', 'historical']"
57854,"['philosophy', 'historical', 'fiction']"
57891,"['sci-fi', 'fiction', 'horror']"
57913,"['fiction', 'fantasy', 'sci-fi']"
57951,"['mystery', 'fiction', 'horror']"
58027,"['fiction', 'mystery', 'historical']"
58033,"['fiction', 'historical', 'poetry']"
58077,"['mystery', 'horror', 'fantasy']"
58098,"['poetry', 'fiction', 'romance']"
58314,"['fiction', 'philosophy', 'poetry']"
58345,"['historical', 'fiction', 'romance']"
58547,"['poetry', 'fiction', 'historical']"
58696,"['historical', 'fiction', 'children']"
58728,"['historical', 'fiction', 'nonfiction']"
58822,"['fiction', 'romance', 'nonfiction']"
58889,"['fantasy', 'children', 'fiction']"
58890,"['fantasy', 'children', 'fiction']"
58893,"['fantasy', 'children', 'fiction']"
58894,"['fantasy', 'children', 'fiction']"
58922,"['children', 'fiction', 'historical']"
58962,"['mystery', 'fiction', 'horror']"
59091,"['fiction', 'historical', 'nonfiction']"
59142,"['fiction', 'historical', 'romance']"
59145,"['historical', 'fiction', 'children']"
59151,"['fiction', 'nonfiction', 'historical']"
59219,"['horror', 'fantasy', 'fiction']"
59263,"['fantasy', 'fiction', 'children']"
59264,"['fantasy', 'children', 'horror']"
59715,"['graphic', 'fiction', 'children']"
59716,"['fiction', 'historical', 'romance']"
59780,"['fiction', 'nonfiction', 'fantasy']"
59810,"['romance', 'fantasy', 'fiction']"
59813,"['romance', 'horror', 'fantasy']"
59819,"['romance', 'fiction', 'fantasy']"
59821,"['romance', 'horror', 'fiction']"
59822,"['romance', 'fantasy', 'horror']"
59825,"['romance', 'fiction', 'mystery']"
59829,"['romance', 'fantasy', 'horror']"
59830,"['romance', 'fantasy', 'horror']"
59836,"['romance', 'fiction', 'historical']"
59882,"['fiction', 'romance', 'children']"
59887,"['romance', 'fiction', 'nonfiction']"
59889,"['romance', 'fiction', 'children']"
59924,"['fiction', 'sci-fi', 'fantasy']"
59952,"['graphic', 'fiction', 'historical']"
59960,"['graphic', 'fiction', 'fantasy']"
59969,"['graphic', 'mystery', 'fiction']"
59978,"['mystery', 'fiction', 'graphic']"
59980,"['fiction', 'graphic', 'mystery']"
60057,"['fiction', 'romance', 'children']"
60080,"['philosophy', 'fiction', 'children']"
60142,"['fiction', 'historical', 'nonfiction']"
60177,"['fantasy', 'children', 'historical']"
60211,"['fantasy', 'fiction', 'sci-fi']"
60220,"['romance', 'fantasy', 'nonfiction']"
60223,"['romance', 'fiction', 'fantasy']"
60229,"['fiction', 'sci-fi', 'fantasy']"
60400,"['fantasy', 'children', 'fiction']"
60431,"['fiction', 'nonfiction', 'graphic']"
60471,"['fiction', 'romance', 'historical']"
60510,"['fantasy', 'fiction', 'horror']"
60551,"['philosophy', 'fiction', 'nonfiction']"
60748,"['historical', 'fiction', 'children']"
60792,"['fiction', 'romance', 'historical']"
60925,"['horror', 'fantasy', 'fiction']"
60929,"['fiction', 'sci-fi', 'fantasy']"
60931,"['fiction', 'sci-fi', 'fantasy']"
60932,"['fiction', 'sci-fi', 'fantasy']"
60935,"['fiction', 'romance', 'nonfiction']"
60937,"['fiction', 'romance', 'fantasy']"
61115,"['historical', 'fiction', 'nonfiction']"
61179,"['fiction', 'sci-fi', 'fantasy']"
61181,"['fiction', 'sci-fi', 'fantasy']"
61264,"['fiction', 'romance', 'historical']"
61266,"['fiction', 'poetry', 'historical']"
61329,"['fiction', 'nonfiction', 'sci-fi']"
61505,"['historical', 'fiction', 'children']"
61535,"['fiction', 'philosophy', 'nonfiction']"
61539,"['fiction', 'historical', 'philosophy']"
61549,"['children', 'fiction', 'historical']"
61663,"['nonfiction', 'fiction', 'sci-fi']"
61665,"['nonfiction', 'fiction', 'sci-fi']"
61666,"['fiction', 'sci-fi', 'nonfiction']"
61672,"['fiction', 'historical', 'romance']"
61794,"['historical', 'fiction', 'children']"
61834,"['fiction', 'historical', 'horror']"
61886,"['fantasy', 'fiction', 'romance']"
61899,"['fiction', 'sci-fi', 'romance']"
61903,"['sci-fi', 'fiction', 'fantasy']"
61904,"['fantasy', 'fiction', 'historical']"
61905,"['fiction', 'sci-fi', 'fantasy']"
61906,"['fiction', 'sci-fi', 'fantasy']"
61909,"['fiction', 'sci-fi', 'fantasy']"
61915,"['fiction', 'sci-fi', 'fantasy']"
61926,"['fantasy', 'sci-fi', 'fiction']"
61938,"['fiction', 'fantasy', 'sci-fi']"
61942,"['fantasy', 'fiction', 'sci-fi']"
61958,"['fantasy', 'fiction', 'sci-fi']"
61974,"['fantasy', 'fiction', 'sci-fi']"
61975,"['fantasy', 'fiction', 'sci-fi']"
62012,"['fantasy', 'fiction', 'sci-fi']"
62032,"['fantasy', 'fiction', 'children']"
62103,"['fiction', 'historical', 'poetry']"
62111,"['historical', 'fiction', 'children']"
62212,"['fiction', 'historical', 'romance']"
62233,"['fantasy', 'fiction', 'sci-fi']"
62291,"['fantasy', 'fiction', 'nonfiction']"
62446,"['historical', 'fiction', 'children']"
62479,"['fantasy', 'fiction', 'horror']"
62485,"['fantasy', 'fiction', 'horror']"
62530,"['fantasy', 'fiction', 'mystery']"
62571,"['horror', 'fiction', 'fantasy']"
62953,"['graphic', 'fiction', 'nonfiction']"
63032,"['fiction', 'mystery', 'historical']"
63033,"['fiction', 'mystery', 'poetry']"
63432,"['fiction', 'sci-fi', 'nonfiction']"
63461,"['fiction', 'historical', 'romance']"
63689,"['fiction', 'historical', 'horror']"
63697,"['fiction', 'nonfiction', 'philosophy']"
63720,"['fantasy', 'fiction', 'horror']"
63832,"['fiction', 'historical', 'horror']"
64023,"['philosophy', 'fiction', 'poetry']"
64081,"['philosophy', 'fiction', 'historical']"
64216,"['fantasy', 'fiction', 'mystery']"
64217,"['fantasy', 'fiction', 'sci-fi']"
64218,"['fiction', 'fantasy', 'sci-fi']"
64222,"['fantasy', 'fiction', 'sci-fi']"
64394,"['fiction', 'sci-fi', 'fantasy']"
64401,"['fantasy', 'fiction', 'horror']"
64481,"['fiction', 'historical', 'mystery']"
64582,"['nonfiction', 'fiction', 'sci-fi']"
64666,"['fiction', 'nonfiction', 'philosophy']"
64732,"['fiction', 'sci-fi', 'fantasy']"
64794,"['nonfiction', 'fiction', 'philosophy']"
64854,"['mystery', 'fiction', 'romance']"
64857,"['mystery', 'fiction', 'graphic']"
64860,"['mystery', 'fiction', 'romance']"
64862,"['mystery', 'fiction', 'romance']"
64863,"['mystery', 'fiction', 'horror']"
64864,"['mystery', 'fiction', 'romance']"
64865,"['mystery', 'fiction', 'romance']"
64895,"['historical', 'fiction', 'nonfiction']"
64948,"['horror', 'mystery', 'fiction']"
64949,"['mystery', 'fiction', 'horror']"
64955,"['horror', 'mystery', 'fiction']"
64960,"['horror', 'mystery', 'fiction']"
65070,"['fiction', 'children', 'historical']"
65091,"['fantasy', 'children', 'fiction']"
65110,"['children', 'fiction', 'mystery']"
65111,"['children', 'fiction', 'fantasy']"
65112,"['children', 'fiction', 'fantasy']"
65113,"['children', 'fiction', 'fantasy']"
65118,"['children', 'fiction', 'fantasy']"
65119,"['children', 'fiction', 'fantasy']"
65217,"['children', 'fiction', 'historical']"
65336,"['poetry', 'fiction', 'historical']"
65399,"['fiction', 'romance', 'children']"
65497,"['fiction', 'romance', 'historical']"
65605,"['children', 'fiction', 'fantasy']"
65633,"['fiction', 'fantasy', 'sci-fi']"
65641,"['fantasy', 'children', 'fiction']"
65684,"['fiction', 'mystery', 'horror']"
65840,"['children', 'fiction', 'historical']"
65910,"['mystery', 'fiction', 'romance']"
65948,"['mystery', 'horror', 'fiction']"
66354,"['philosophy', 'fiction', 'nonfiction']"
66370,"['nonfiction', 'horror', 'mystery']"
66470,"['mystery', 'fiction', 'sci-fi']"
66559,"['mystery', 'fiction', 'horror']"
66655,"['horror', 'fantasy', 'fiction']"
66676,"['fantasy', 'fiction', 'horror']"
66678,"['fantasy', 'fiction', 'horror']"
66683,"['fantasy', 'fiction', 'horror']"
66692,"['fantasy', 'fiction', 'horror']"
66693,"['fantasy', 'fiction', 'horror']"
66695,"['fantasy', 'fiction', 'horror']"
66857,"['historical', 'fiction', 'nonfiction']"
66933,"['fiction', 'philosophy', 'historical']"
67035,"['mystery', 'horror', 'fiction']"
67238,"['fiction', 'historical', 'nonfiction']"
67513,"['fantasy', 'horror', 'romance']"
67657,"['fiction', 'nonfiction']"
67863,"['philosophy', 'fiction', 'fantasy']"
67920,"['fiction', 'historical', 'philosophy']"
67931,"['mystery', 'fiction', 'nonfiction']"
68099,"['mystery', 'fiction', 'nonfiction']"
68143,"['fiction', 'nonfiction', 'philosophy']"
68210,"['fiction', 'philosophy', 'historical']"
68378,"['fantasy', 'fiction', 'horror']"
68380,"['fantasy', 'fiction', 'horror']"
68396,"['fantasy', 'fiction', 'horror']"
68418,"['fantasy', 'fiction', 'horror']"
68427,"['fantasy', 'fiction', 'romance']"
68428,"['fantasy', 'fiction', 'sci-fi']"
68429,"['fantasy', 'fiction', 'sci-fi']"
68452,"['fantasy', 'fiction', 'horror']"
68453,"['fiction', 'fantasy', 'horror']"
68455,"['fantasy', 'fiction', 'horror']"
68458,"['fantasy', 'fiction', 'horror']"
68483,"['sci-fi', 'fiction', 'fantasy']"
68487,"['fantasy', 'fiction', 'horror']"
68488,"['fantasy', 'fiction', 'horror']"
68494,"['fantasy', 'fiction', 'sci-fi']"
68496,"['fantasy', 'fiction', 'children']"
68497,"['fantasy', 'fiction', 'sci-fi']"
68520,"['fiction', 'fantasy', 'nonfiction']"
68521,"['fiction', 'fantasy', 'historical']"
68524,"['fiction', 'fantasy', 'nonfiction']"
68526,"['fiction', 'historical', 'fantasy']"
68527,"['fiction', 'historical', 'fantasy']"
68528,"['fiction', 'historical', 'fantasy']"
68530,"['fiction', 'historical', 'fantasy']"
68531,"['fiction', 'historical', 'fantasy']"
68591,"['fiction', 'philosophy', 'fantasy']"
68783,"['historical', 'fiction', 'philosophy']"
68811,"['children', 'fiction', 'historical']"
68930,"['mystery', 'fiction', 'historical']"
68984,"['philosophy', 'fiction', 'poetry']"
68985,"['fiction', 'philosophy', 'nonfiction']"
69136,"['fantasy', 'fiction', 'horror']"
69242,"['fiction', 'philosophy', 'nonfiction']"
69392,"['fiction', 'historical', 'children']"
69477,"['sci-fi', 'fiction', 'horror']"
69571,"['fiction', 'nonfiction', 'philosophy']"
70241,"['fiction', 'sci-fi', 'romance']"
70287,"['fiction', 'historical', 'romance']"
70401,"['fiction', 'historical', 'horror']"
70420,"['nonfiction', 'fiction', 'philosophy']"
70487,"['graphic', 'fiction', 'children']"
70489,"['graphic', 'fiction', 'children']"
70509,"['fiction', 'nonfiction', 'poetry']"
70535,"['fiction', 'sci-fi', 'historical']"
70539,"['fiction', 'sci-fi', 'fantasy']"
70561,"['historical', 'fiction', 'nonfiction']"
70912,"['fiction', 'philosophy', 'mystery']"
71252,"['graphic', 'fantasy', 'fiction']"
71292,"['graphic', 'children', 'fiction']"
71332,"['fiction', 'nonfiction', 'historical']"
71458,"['fiction', 'historical', 'children']"
71622,"['fiction', 'historical', 'romance']"
71728,"['philosophy', 'fiction', 'fantasy']"
71771,"['fiction', 'historical', 'romance']"
71776,"['fiction', 'philosophy', 'romance']"
71784,"['fiction', 'philosophy', 'poetry']"
71787,"['fiction', 'philosophy', 'poetry']"
71811,"['fantasy', 'horror', 'romance']"
71823,"['nonfiction', 'horror', 'fiction']"
71863,"['fiction', 'sci-fi', 'horror']"
71864,"['fiction', 'sci-fi', 'horror']"
71865,"['sci-fi', 'fiction', 'horror']"
71867,"['fiction', 'sci-fi', 'horror']"
71869,"['fiction', 'sci-fi', 'horror']"
71870,"['fiction', 'sci-fi', 'horror']"
71984,"['historical', 'fiction', 'nonfiction']"
72003,"['fiction', 'romance', 'historical']"
72148,"['fiction', 'mystery', 'historical']"
72159,"['fiction', 'historical', 'children']"
72223,"['historical', 'fiction', 'nonfiction']"
72536,"['fiction', 'philosophy', 'nonfiction']"
72623,"['romance', 'mystery', 'horror']"
72657,"['nonfiction', 'philosophy', 'fiction']"
72659,"['fiction', 'historical', 'nonfiction']"
72854,"['fiction', 'romance', 'historical']"
72855,"['fiction', 'romance', 'historical']"
72929,"['fiction', 'romance', 'historical']"
72978,"['historical', 'fiction', 'poetry']"
73051,"['fiction', 'sci-fi', 'fantasy']"
73062,"['fiction', 'romance', 'historical']"
73064,"['romance', 'fiction', 'fantasy']"
73070,"['romance', 'fiction', 'fantasy']"
73080,"['romance', 'fiction', 'fantasy']"
73084,"['romance', 'fiction', 'fantasy']"
73086,"['romance', 'fiction', 'nonfiction']"
73089,"['romance', 'fiction', 'fantasy']"
73095,"['romance', 'fiction', 'fantasy']"
73100,"['romance', 'fiction', 'fantasy']"
73184,"['philosophy', 'fiction', 'historical']"
73186,"['philosophy', 'fiction', 'historical']"
73297,"['fiction', 'romance', 'philosophy']"
73385,"['romance', 'sci-fi', 'fiction']"
73860,"['fiction', 'philosophy', 'historical']"
73864,"['fiction', 'historical', 'philosophy']"
73906,"['fiction', 'fantasy', 'nonfiction']"
73945,"['philosophy', 'historical', 'fiction']"
73960,"['historical', 'fiction', 'romance']"
73965,"['historical', 'fiction', 'philosophy']"
73968,"['romance', 'fiction', 'historical']"
74033,"['mystery', 'romance', 'fiction']"
74034,"['fiction', 'philosophy', 'nonfiction']"
74036,"['mystery', 'romance', 'fiction']"
74169,"['philosophy', 'fiction', 'poetry']"
74256,"['children', 'fiction', 'historical']"
74270,"['fantasy', 'romance', 'fiction']"
74389,"['fiction', 'historical', 'fantasy']"
74406,"['fiction', 'historical', 'children']"
74462,"['fiction', 'nonfiction', 'children']"
74532,"['children', 'fiction', 'fantasy']"
74731,"['fiction', 'fantasy', 'horror']"
74812,"['historical', 'fiction', 'philosophy']"
74821,"['horror', 'fiction', 'sci-fi']"
74824,"['mystery', 'fiction', 'horror']"
74862,"['children', 'fiction', 'nonfiction']"
74928,"['graphic', 'horror', 'fantasy']"
74997,"['children', 'horror', 'fiction']"
74998,"['children', 'fantasy', 'fiction']"
75020,"['mystery', 'fiction', 'historical']"
75024,"['mystery', 'fiction', 'horror']"
75162,"['historical', 'fiction', 'nonfiction']"
76104,"['mystery', 'fiction', 'historical']"
76171,"['fiction', 'sci-fi', 'historical']"
76179,"['mystery', 'romance', 'fiction']"
76237,"['mystery', 'fiction', 'historical']"
76248,"['mystery', 'fiction', 'historical']"
76334,"['philosophy', 'fiction', 'poetry']"
76401,"['historical', 'fiction', 'nonfiction']"
76527,"['fiction', 'historical', 'nonfiction']"
76620,"['fiction', 'historical', 'fantasy']"
76658,"['fantasy', 'fiction', 'sci-fi']"
76659,"['fantasy', 'fiction', 'sci-fi']"
76660,"['fantasy', 'fiction', 'sci-fi']"
76661,"['fantasy', 'fiction', 'sci-fi']"
76664,"['fantasy', 'fiction', 'sci-fi']"
76667,"['fantasy', 'fiction', 'sci-fi']"
76668,"['fantasy', 'fiction', 'horror']"
76679,"['sci-fi', 'fiction', 'fantasy']"
76683,"['fiction', 'sci-fi', 'fantasy']"
76688,"['fiction', 'sci-fi', 'fantasy']"
76706,"['mystery', 'fiction', 'horror']"
76740,"['fiction', 'sci-fi', 'historical']"
76778,"['fiction', 'sci-fi', 'historical']"
76865,"['nonfiction', 'philosophy', 'fiction']"
76867,"['mystery', 'fiction', 'horror']"
76889,"['poetry', 'historical', 'fiction']"
77013,"['fiction', 'historical', 'children']"
77103,"['fiction', 'historical', 'children']"
77142,"['fiction', 'mystery', 'historical']"
77156,"['fiction', 'children', 'nonfiction']"
77160,"['fantasy', 'fiction', 'historical']"
77161,"['fantasy', 'fiction', 'historical']"
77163,"['fiction', 'historical', 'nonfiction']"
77203,"['fiction', 'historical', 'children']"
77262,"['fiction', 'romance', 'nonfiction']"
77270,"['historical', 'children', 'fiction']"
77276,"['fantasy', 'fiction', 'children']"
77281,"['graphic', 'fiction', 'nonfiction']"
77295,"['fiction', 'historical', 'nonfiction']"
77298,"['fiction', 'romance', 'fantasy']"
77366,"['fantasy', 'fiction', 'children']"
77368,"['fantasy', 'children', 'fiction']"
77378,"['mystery', 'fiction', 'historical']"
77390,"['historical', 'fiction', 'children']"
77391,"['historical', 'fiction', 'children']"
77392,"['historical', 'fiction', 'children']"
77394,"['historical', 'fiction', 'children']"
77395,"['fiction', 'children', 'historical']"
77398,"['fiction', 'historical', 'romance']"
77427,"['fiction', 'historical', 'horror']"
77430,"['fiction', 'historical', 'horror']"
77431,"['fiction', 'historical', 'horror']"
77449,"['fiction', 'historical', 'fantasy']"
77477,"['fiction', 'romance', 'children']"
77504,"['fiction', 'sci-fi', 'fantasy']"
77505,"['fiction', 'sci-fi', 'fantasy']"
77507,"['fiction', 'sci-fi', 'fantasy']"
77554,"['fiction', 'nonfiction', 'historical']"
77565,"['fiction', 'sci-fi', 'fantasy']"
77566,"['sci-fi', 'fiction', 'fantasy']"
77661,"['mystery', 'fiction', 'historical']"
77699,"['fiction', 'children', 'romance']"
77711,"['fiction', 'sci-fi', 'fantasy']"
77727,"['graphic', 'children', 'fiction']"
77735,"['sci-fi', 'fiction', 'fantasy']"
77736,"['sci-fi', 'fiction', 'fantasy']"
77738,"['sci-fi', 'fiction', 'fantasy']"
77739,"['sci-fi', 'fiction', 'poetry']"
77767,"['children', 'historical', 'fiction']"
77770,"['children', 'fiction', 'historical']"
77773,"['fiction', 'sci-fi', 'fantasy']"
77786,"['historical', 'fiction', 'sci-fi']"
77787,"['fiction', 'historical', 'sci-fi']"
77866,"['fiction', 'historical', 'nonfiction']"
77995,"['nonfiction', 'fiction', 'historical']"
78039,"['children', 'fiction', 'historical']"
78129,"['mystery', 'fiction', 'horror']"
78131,"['mystery', 'fiction', 'romance']"
78250,"['philosophy', 'fiction', 'historical']"
78408,"['children', 'fiction', 'mystery']"
78411,"['children', 'fiction', 'fantasy']"
78418,"['children', 'fiction', 'fantasy']"
78427,"['fiction', 'nonfiction', 'poetry']"
78433,"['fiction', 'historical', 'mystery']"
78508,"['historical', 'fiction', 'horror']"
78629,"['historical', 'fiction', 'philosophy']"
78674,"['fiction', 'philosophy', 'poetry']"
78728,"['fiction', 'philosophy', 'historical']"
78876,"['fantasy', 'fiction', 'sci-fi']"
78950,"['historical', 'fiction', 'children']"
78960,"['historical', 'fiction', 'children']"
78970,"['mystery', 'fiction', 'horror']"
78971,"['mystery', 'fiction', 'horror']"
78972,"['fiction', 'mystery', 'nonfiction']"
78976,"['fiction', 'nonfiction', 'mystery']"
78982,"['fiction', 'mystery', 'historical']"
78983,"['fiction', 'mystery', 'historical']"
78985,"['fiction', 'mystery', 'children']"
78987,"['fiction', 'mystery', 'historical']"
78989,"['fiction', 'mystery', 'historical']"
79006,"['fiction', 'mystery', 'historical']"
79016,"['fiction', 'mystery', 'nonfiction']"
79121,"['historical', 'children', 'fiction']"
79257,"['fiction', 'sci-fi', 'historical']"
79378,"['mystery', 'fiction', 'graphic']"
79379,"['mystery', 'fiction', 'horror']"
79421,"['historical', 'fiction', 'philosophy']"
79422,"['graphic', 'fiction', 'sci-fi']"
79426,"['graphic', 'fiction', 'sci-fi']"
79428,"['philosophy', 'fiction', 'historical']"
79649,"['fiction', 'nonfiction', 'historical']"
79705,"['fiction', 'philosophy', 'horror']"
79790,"['historical', 'fiction', 'nonfiction']"
79834,"['fiction', 'historical', 'nonfiction']"
79879,"['children', 'fiction', 'nonfiction']"
79885,"['mystery', 'fiction', 'nonfiction']"
80176,"['fiction', 'historical', 'nonfiction']"
80369,"['philosophy', 'fiction', 'historical']"
80449,"['philosophy', 'fiction', 'historical']"
80534,"['fiction', 'romance', 'children']"
80536,"['fiction', 'romance', 'children']"
80566,"['fiction', 'nonfiction', 'children']"
80568,"['fiction', 'romance', 'mystery']"
80570,"['historical', 'fiction', 'philosophy']"
80616,"['mystery', 'fiction', 'historical']"
80630,"['mystery', 'fiction', 'horror']"
80631,"['mystery', 'fiction', 'horror']"
80642,"['fiction', 'historical', 'nonfiction']"
80660,"['fiction', 'mystery', 'horror']"
80670,"['children', 'fiction', 'historical']"
80672,"['children', 'fiction', 'historical']"
80674,"['children', 'fiction', 'historical']"
80750,"['fiction', 'romance', 'philosophy']"
80834,"['fiction', 'graphic', 'historical']"
80890,"['fiction', 'historical', 'children']"
81176,"['fiction', 'nonfiction', 'historical']"
81227,"['historical', 'fiction', 'philosophy']"
81524,"['fantasy', 'children', 'fiction']"
81779,"['philosophy', 'historical', 'fiction']"
81903,"['mystery', 'fiction', 'historical']"
81922,"['fiction', 'nonfiction', 'philosophy']"
81939,"['philosophy', 'fiction', 'romance']"
81948,"['fiction', 'nonfiction', 'philosophy']"
81959,"['philosophy', 'fiction', 'historical']"
81992,"['sci-fi', 'fiction', 'fantasy']"
82192,"['fantasy', 'fiction', 'nonfiction']"
82356,"['historical', 'fiction', 'poetry']"
82397,"['historical', 'fiction', 'poetry']"
82434,"['romance', 'fiction', 'nonfiction']"
82436,"['fiction', 'romance', 'children']"
82553,"['fiction', 'sci-fi', 'horror']"
82747,"['fiction', 'romance', 'nonfiction']"
82748,"['romance', 'fiction', 'poetry']"
82751,"['fiction', 'historical', 'children']"
82780,"['fiction', 'romance', 'children']"
82817,"['romance', 'fiction', 'historical']"
82888,"['fiction', 'historical', 'romance']"
82970,"['historical', 'fiction', 'mystery']"
82991,"['mystery', 'fiction', 'horror']"
83083,"['mystery', 'fiction', 'historical']"
83143,"['fiction', 'romance', 'historical']"
83144,"['romance', 'historical', 'fiction']"
83346,"['historical', 'fantasy', 'children']"
83369,"['children', 'fiction', 'mystery']"
83539,"['fiction', 'sci-fi', 'fantasy']"
83674,"['fiction', 'romance', 'historical']"
83763,"['fiction', 'mystery', 'sci-fi']"
84022,"['fiction', 'romance', 'children']"
84052,"['mystery', 'fiction', 'romance']"
84054,"['mystery', 'fiction', 'romance']"
84119,"['fantasy', 'children', 'fiction']"
84132,"['horror', 'romance', 'fantasy']"
84133,"['romance', 'horror', 'fantasy']"
84135,"['romance', 'horror', 'fantasy']"
84136,"['romance', 'horror', 'fantasy']"
84139,"['romance', 'fantasy', 'horror']"
84140,"['romance', 'horror', 'fantasy']"
84142,"['romance', 'horror', 'fantasy']"
84144,"['romance', 'horror', 'fantasy']"
84145,"['horror', 'fantasy', 'romance']"
84146,"['horror', 'romance', 'fantasy']"
84151,"['romance', 'horror', 'fantasy']"
84351,"['romance', 'fiction', 'mystery']"
84369,"['fiction', 'children', 'fantasy']"
84525,"['fiction', 'philosophy', 'romance']"
84552,"['fantasy', 'fiction', 'nonfiction']"
84699,"['fiction', 'romance', 'nonfiction']"
84736,"['mystery', 'fiction', 'horror']"
84777,"['mystery', 'fiction', 'nonfiction']"
84785,"['mystery', 'fiction', 'horror']"
84786,"['mystery', 'fiction', 'horror']"
84839,"['mystery', 'fiction', 'romance']"
84842,"['mystery', 'fiction', 'romance']"
84844,"['mystery', 'fiction', 'romance']"
84847,"['mystery', 'fiction', 'romance']"
84927,"['fiction', 'historical', 'poetry']"
84981,"['children', 'fantasy', 'fiction']"
85301,"['fiction', 'nonfiction', 'poetry']"
85306,"['mystery', 'fiction', 'horror']"
85310,"['mystery', 'fiction', 'horror']"
85321,"['mystery', 'fiction', 'historical']"
85379,"['mystery', 'fiction', 'sci-fi']"
85386,"['fiction', 'historical', 'poetry']"
85391,"['fiction', 'historical', 'nonfiction']"
85392,"['mystery', 'fiction', 'historical']"
85418,"['mystery', 'fiction', 'nonfiction']"
85425,"['mystery', 'fiction', 'horror']"
85431,"['fiction', 'historical', 'fantasy']"
85437,"['mystery', 'fiction', 'horror']"
85443,"['fiction', 'historical', 'mystery']"
85448,"['fiction', 'historical', 'children']"
85459,"['romance', 'mystery', 'fiction']"
85491,"['romance', 'mystery', 'fiction']"
85622,"['historical', 'fiction', 'horror']"
85679,"['fiction', 'historical', 'children']"
85733,"['mystery', 'fiction', 'horror']"
85737,"['mystery', 'fiction', 'horror']"
85957,"['fiction', 'philosophy', 'mystery']"
85958,"['fiction', 'philosophy', 'horror']"
85987,"['fiction', 'historical', 'romance']"
85989,"['romance', 'fiction', 'children']"
85990,"['fantasy', 'children', 'fiction']"
85993,"['romance', 'fiction', 'children']"
86147,"['fiction', 'historical', 'poetry']"
86172,"['fiction', 'philosophy', 'historical']"
86321,"['romance', 'horror', 'fiction']"
86424,"['mystery', 'fiction', 'romance']"
86524,"['historical', 'fiction', 'nonfiction']"
86525,"['historical', 'nonfiction', 'fiction']"
86643,"['mystery', 'fiction', 'historical']"
86655,"['fiction', 'mystery', 'horror']"
86658,"['fiction', 'mystery', 'historical']"
86663,"['mystery', 'fiction', 'romance']"
86737,"['fantasy', 'fiction', 'children']"
86856,"['fiction', 'historical', 'nonfiction']"
87220,"['children', 'fiction', 'fantasy']"
87264,"['fiction', 'historical', 'romance']"
87280,"['fiction', 'historical', 'poetry']"
87346,"['fiction', 'historical', 'children']"
87424,"['graphic', 'children', 'fiction']"
87425,"['graphic', 'children', 'horror']"
87632,"['fiction', 'historical', 'fantasy']"
87640,"['fiction', 'historical', 'philosophy']"
87665,"['philosophy', 'fiction', 'historical']"
87745,"['fiction', 'mystery', 'historical']"
88061,"['historical', 'nonfiction', 'fiction']"
88071,"['fiction', 'sci-fi', 'fantasy']"
88072,"['fiction', 'sci-fi', 'fantasy']"
88077,"['fiction', 'historical', 'philosophy']"
88442,"['fiction', 'historical', 'poetry']"
88514,"['fiction', 'historical', 'philosophy']"
88815,"['fiction', 'historical', 'philosophy']"
89160,"['mystery', 'romance', 'fiction']"
89165,"['mystery', 'fiction', 'romance']"
89184,"['fiction', 'sci-fi', 'fantasy']"
89185,"['fiction', 'sci-fi', 'fantasy']"
89186,"['sci-fi', 'fiction', 'fantasy']"
89187,"['fiction', 'sci-fi', 'fantasy']"
89190,"['fiction', 'sci-fi', 'fantasy']"
89195,"['sci-fi', 'fiction', 'mystery']"
89284,"['fiction', 'historical', 'nonfiction']"
89369,"['philosophy', 'fiction', 'poetry']"
89370,"['philosophy', 'fiction', 'poetry']"
89375,"['fiction', 'philosophy', 'historical']"
89399,"['fiction', 'romance', 'historical']"
89551,"['children', 'fiction', 'historical']"
89656,"['mystery', 'fiction', 'romance']"
89691,"['fiction', 'mystery', 'romance']"
89716,"['fiction', 'children', 'historical']"
89717,"['horror', 'fiction', 'historical']"
89723,"['nonfiction', 'fiction', 'horror']"
89724,"['horror', 'fiction', 'historical']"
89731,"['fiction', 'children', 'historical']"
89755,"['fiction', 'children', 'mystery']"
89763,"['fiction', 'children', 'historical']"
89788,"['fiction', 'historical', 'romance']"
89884,"['fiction', 'romance', 'children']"
89959,"['historical', 'fiction', 'nonfiction']"
90072,"['children', 'fiction', 'poetry']"
90078,"['philosophy', 'fiction', 'historical']"
90192,"['historical', 'fiction', 'horror']"
90420,"['fiction', 'historical', 'children']"
90475,"['romance', 'fiction', 'children']"
91017,"['historical', 'fiction', 'nonfiction']"
91201,"['fiction', 'romance', 'historical']"
91203,"['fiction', 'historical', 'romance']"
91244,"['children', 'fiction', 'historical']"
91247,"['children', 'fiction', 'historical']"
91248,"['children', 'fiction', 'historical']"
91249,"['children', 'fiction', 'historical']"
91253,"['children', 'fiction', 'historical']"
91357,"['fiction', 'historical', 'children']"
91439,"['fiction', 'nonfiction', 'historical']"
91440,"['fiction', 'nonfiction', 'historical']"
91474,"['fantasy', 'horror', 'sci-fi']"
91475,"['fantasy', 'mystery', 'fiction']"
91476,"['fantasy', 'horror', 'mystery']"
91477,"['fantasy', 'mystery', 'horror']"
91478,"['fantasy', 'horror', 'mystery']"
91479,"['fantasy', 'horror', 'mystery']"
91571,"['historical', 'fiction', 'poetry']"
91582,"['historical', 'fiction', 'romance']"
91661,"['mystery', 'fiction', 'historical']"
91714,"['graphic', 'fiction', 'fantasy']"
91760,"['historical', 'fiction', 'nonfiction']"
91767,"['historical', 'fiction', 'nonfiction']"
91953,"['philosophy', 'fiction', 'nonfiction']"
91981,"['fantasy', 'fiction', 'horror']"
91989,"['fantasy', 'fiction', 'historical']"
92057,"['historical', 'fiction', 'nonfiction']"
92121,"['fantasy', 'fiction', 'sci-fi']"
92143,"['fantasy', 'fiction', 'children']"
92147,"['mystery', 'fiction', 'horror']"
92160,"['fiction', 'historical', 'nonfiction']"
92163,"['fiction', 'historical', 'nonfiction']"
92227,"['nonfiction', 'horror', 'fiction']"
92250,"['fiction', 'romance', 'historical']"
92254,"['fiction', 'romance', 'historical']"
92303,"['historical', 'fiction', 'children']"
92307,"['philosophy', 'fiction', 'historical']"
92308,"['historical', 'fiction', 'children']"
92364,"['mystery', 'fiction', 'historical']"
92367,"['mystery', 'fiction', 'horror']"
92371,"['fiction', 'mystery', 'historical']"
92373,"['mystery', 'fiction', 'sci-fi']"
92375,"['fiction', 'mystery', 'historical']"
92508,"['fiction', 'historical', 'philosophy']"
92517,"['fiction', 'historical', 'children']"
92780,"['fiction', 'historical', 'nonfiction']"
92845,"['fantasy', 'fiction', 'horror']"
92846,"['fantasy', 'fiction', 'horror']"
92855,"['fantasy', 'fiction', 'horror']"
92871,"['fantasy', 'fiction', 'nonfiction']"
92918,"['fantasy', 'fiction', 'historical']"
92956,"['fiction', 'sci-fi', 'fantasy']"
93000,"['fantasy', 'fiction', 'children']"
93007,"['historical', 'fiction', 'children']"
93101,"['historical', 'fiction', 'fantasy']"
93157,"['horror', 'historical', 'fiction']"
93261,"['historical', 'horror', 'fiction']"
93263,"['historical', 'fiction', 'horror']"
93269,"['fiction', 'sci-fi', 'horror']"
93276,"['historical', 'fiction', 'fantasy']"
93371,"['graphic', 'sci-fi', 'fiction']"
93426,"['historical', 'fiction', 'nonfiction']"
93436,"['fiction', 'fantasy', 'sci-fi']"
93453,"['fiction', 'nonfiction', 'philosophy']"
93575,"['mystery', 'fiction', 'historical']"
93722,"['romance', 'fiction', 'mystery']"
93723,"['romance', 'fiction', 'nonfiction']"
93724,"['horror', 'fantasy', 'romance']"
93726,"['romance', 'fiction', 'children']"
93728,"['romance', 'fiction', 'children']"
93729,"['romance', 'fiction', 'children']"
93731,"['romance', 'fiction', 'children']"
93768,"['fantasy', 'fiction', 'sci-fi']"
93788,"['mystery', 'fiction', 'horror']"
93793,"['mystery', 'fiction', 'horror']"
93794,"['mystery', 'fiction', 'nonfiction']"
93795,"['mystery', 'fiction', 'horror']"
93796,"['mystery', 'fiction', 'nonfiction']"
93797,"['mystery', 'fiction', 'historical']"
93799,"['mystery', 'fiction', 'horror']"
93801,"['mystery', 'fiction', 'horror']"
93802,"['mystery', 'fiction', 'historical']"
93808,"['mystery', 'fiction', 'poetry']"
93947,"['mystery', 'fiction', 'horror']"
93981,"['philosophy', 'fiction', 'historical']"
94064,"['fiction', 'romance', 'children']"
94299,"['mystery', 'fiction', 'romance']"
94319,"['mystery', 'fiction', 'horror']"
94486,"['fiction', 'fantasy', 'historical']"
94510,"['graphic', 'mystery', 'fiction']"
94578,"['philosophy', 'fiction', 'historical']"
94669,"['fantasy', 'fiction', 'nonfiction']"
94672,"['romance', 'historical', 'fiction']"
94798,"['fiction', 'sci-fi', 'fantasy']"
94799,"['historical', 'fiction', 'horror']"
94803,"['children', 'fiction', 'historical']"
94804,"['children', 'fiction', 'historical']"
94807,"['children', 'fiction', 'historical']"
94813,"['romance', 'horror', 'fantasy']"
95144,"['children', 'fiction', 'fantasy']"
95186,"['fiction', 'historical', 'nonfiction']"
95395,"['graphic', 'fiction', 'fantasy']"
95406,"['horror', 'fiction', 'graphic']"
95420,"['historical', 'fiction', 'nonfiction']"
95431,"['graphic', 'horror', 'fantasy']"
95558,"['fiction', 'sci-fi', 'fantasy']"
95602,"['fiction', 'romance', 'historical']"
95607,"['fiction', 'philosophy', 'historical']"
95608,"['fiction', 'poetry', 'romance']"
95617,"['fiction', 'romance', 'historical']"
95619,"['fiction', 'philosophy', 'romance']"
95621,"['fiction', 'historical', 'romance']"
95622,"['fiction', 'philosophy', 'historical']"
95643,"['historical', 'fiction', 'nonfiction']"
95658,"['fiction', 'romance', 'children']"
95659,"['fiction', 'children', 'romance']"
95660,"['fiction', 'children', 'romance']"
95661,"['fiction', 'children', 'romance']"
95693,"['historical', 'fiction', 'romance']"
95707,"['philosophy', 'fiction', 'poetry']"
95708,"['fiction', 'philosophy', 'poetry']"
95747,"['philosophy', 'fiction', 'poetry']"
95784,"['historical', 'fiction', 'nonfiction']"
95819,"['poetry', 'historical', 'fiction']"
95887,"['fiction', 'philosophy', 'poetry']"
96081,"['fiction', 'romance', 'historical']"
96082,"['fiction', 'romance', 'nonfiction']"
96123,"['historical', 'fiction', 'nonfiction']"
96259,"['poetry', 'romance', 'fiction']"
96358,"['graphic', 'fiction', 'mystery']"
96463,"['fantasy', 'fiction', 'sci-fi']"
96472,"['fiction', 'sci-fi', 'fantasy']"
96593,"['fiction', 'philosophy', 'poetry']"
96594,"['sci-fi', 'fiction', 'fantasy']"
96642,"['historical', 'fiction', 'nonfiction']"
96647,"['historical', 'fiction', 'poetry']"
96702,"['fiction', 'romance', 'nonfiction']"
96884,"['philosophy', 'fiction', 'nonfiction']"
96977,"['fantasy', 'fiction', 'sci-fi']"
96980,"['fantasy', 'fiction', 'sci-fi']"
97084,"['fiction', 'mystery', 'poetry']"
97390,"['fiction', 'historical', 'poetry']"
97408,"['fiction', 'children', 'romance']"
97632,"['romance', 'fiction']"
97782,"['fiction', 'poetry', 'nonfiction']"
97860,"['children', 'fiction', 'fantasy']"
97862,"['fiction', 'romance', 'philosophy']"
97875,"['fiction', 'mystery', 'romance']"
97898,"['mystery', 'fiction', 'romance']"
98048,"['fiction', 'historical', 'nonfiction']"
98233,"['nonfiction', 'fiction', 'historical']"
98250,"['fiction', 'fantasy', 'historical']"
98405,"['romance', 'fiction', 'horror']"
98413,"['graphic', 'romance', 'fiction']"
98427,"['mystery', 'fiction', 'historical']"
98573,"['children', 'fiction', 'historical']"
98685,"['historical', 'nonfiction', 'fiction']"
98687,"['fiction', 'romance', 'poetry']"
98807,"['mystery', 'fiction', 'horror']"
98920,"['fiction', 'historical', 'nonfiction']"
99085,"['fantasy', 'children', 'fiction']"
99107,"['children', 'fiction', 'fantasy']"
99110,"['children', 'historical', 'fiction']"
99111,"['children', 'historical', 'fiction']"
99208,"['fiction', 'historical', 'nonfiction']"
99218,"['sci-fi', 'fiction', 'fantasy']"
99219,"['fiction', 'sci-fi', 'fantasy']"
99245,"['fiction', 'sci-fi', 'fantasy']"
99296,"['children', 'fiction', 'nonfiction']"
99297,"['fiction', 'romance', 'historical']"
99298,"['fantasy', 'fiction', 'children']"
99300,"['fiction', 'historical', 'nonfiction']"
99315,"['fiction', 'philosophy', 'nonfiction']"
99329,"['historical', 'fiction', 'romance']"
99383,"['fantasy', 'horror', 'mystery']"
99452,"['fantasy', 'fiction', 'sci-fi']"
99461,"['fantasy', 'fiction', 'sci-fi']"
99561,"['fiction', 'romance', 'horror']"
99610,"['mystery', 'fiction', 'romance']"
99664,"['fiction', 'historical', 'romance']"
99713,"['poetry', 'fiction', 'historical']"
99894,"['fiction', 'mystery', 'historical']"
99944,"['philosophy', 'historical', 'fiction']"
99955,"['historical', 'philosophy', 'fiction']"
100247,"['fiction', 'philosophy', 'horror']"
100322,"['historical', 'fiction', 'romance']"
100365,"['fiction', 'sci-fi', 'fantasy']"
100464,"['fantasy', 'children', 'fiction']"
100476,"['fantasy', 'fiction', 'children']"
100915,"['fantasy', 'children', 'fiction']"
100924,"['fiction', 'fantasy', 'sci-fi']"
100933,"['fiction', 'fantasy', 'sci-fi']"
101094,"['fiction', 'fantasy', 'historical']"
101249,"['fiction', 'nonfiction']"
101255,"['fiction', 'nonfiction', 'historical']"
101299,"['fiction', 'historical', 'romance']"
101869,"['fiction', 'fantasy', 'horror']"
101911,"['fiction', 'romance', 'children']"
102030,"['fiction', 'historical', 'nonfiction']"
102324,"['graphic', 'horror', 'fiction']"
102327,"['fiction', 'sci-fi', 'fantasy']"
102439,"['fiction', 'sci-fi', 'historical']"
102458,"['graphic', 'horror', 'fantasy']"
102459,"['graphic', 'horror', 'fantasy']"
102461,"['graphic', 'horror', 'fantasy']"
102525,"['mystery', 'fiction', 'romance']"
102733,"['horror', 'nonfiction', 'fiction']"
102857,"['mystery', 'romance', 'fiction']"
102868,"['mystery', 'historical', 'fiction']"
102920,"['fiction', 'graphic', 'nonfiction']"
102953,"['horror', 'fiction', 'graphic']"
102954,"['graphic', 'fantasy', 'fiction']"
102955,"['graphic', 'fiction', 'horror']"
102956,"['graphic', 'horror', 'fiction']"
102957,"['graphic', 'horror', 'fiction']"
102958,"['graphic', 'horror', 'fantasy']"
103035,"['horror', 'fantasy', 'fiction']"
103111,"['graphic', 'sci-fi', 'fiction']"
103159,"['fiction', 'historical', 'romance']"
103342,"['historical', 'fiction', 'nonfiction']"
103610,"['philosophy', 'fiction', 'poetry']"
103815,"['sci-fi', 'children', 'fiction']"
103902,"['historical', 'nonfiction', 'graphic']"
103983,"['mystery', 'fiction', 'children']"
104086,"['fantasy', 'fiction', 'nonfiction']"
104088,"['fantasy', 'fiction', 'nonfiction']"
104089,"['fantasy', 'fiction', 'historical']"
104101,"['fantasy', 'fiction', 'historical']"
104159,"['fantasy', 'fiction', 'horror']"
104160,"['fantasy', 'horror', 'fiction']"
104189,"['fiction', 'historical', 'philosophy']"
104219,"['fiction', 'romance', 'nonfiction']"
104378,"['romance', 'fiction', 'fantasy']"
104379,"['romance', 'fiction', 'children']"
104734,"['fiction', 'romance', 'nonfiction']"
104737,"['mystery', 'fiction', 'historical']"
104837,"['historical', 'fiction', 'poetry']"
105189,"['fiction', 'historical', 'children']"
105548,"['children', 'poetry', 'fiction']"
105549,"['children', 'fiction', 'historical']"
105551,"['children', 'fiction', 'poetry']"
105552,"['children', 'fiction', 'poetry']"
105574,"['romance', 'historical', 'fiction']"
105576,"['fiction', 'romance', 'nonfiction']"
105578,"['fiction', 'romance', 'horror']"
105687,"['historical', 'fiction', 'children']"
105703,"['graphic', 'fiction', 'fantasy']"
105744,"['horror', 'fiction', 'mystery']"
105760,"['mystery', 'fiction', 'historical']"
105920,"['graphic', 'fiction', 'fantasy']"
105973,"['graphic', 'fiction', 'sci-fi']"
105986,"['fiction', 'historical', 'mystery']"
105992,"['fiction', 'mystery', 'historical']"
105999,"['children', 'fiction', 'historical']"
106069,"['graphic', 'fiction', 'mystery']"
106076,"['graphic', 'mystery', 'fiction']"
106085,"['horror', 'fantasy', 'romance']"
106124,"['graphic', 'fantasy', 'children']"
106128,"['mystery', 'fiction', 'sci-fi']"
106129,"['fantasy', 'children', 'fiction']"
106131,"['children', 'fantasy', 'fiction']"
106134,"['graphic', 'fantasy', 'children']"
106264,"['children', 'historical', 'fiction']"
106312,"['mystery', 'fiction', 'poetry']"
106393,"['fiction', 'romance', 'nonfiction']"
106590,"['historical', 'fiction', 'nonfiction']"
106646,"['mystery', 'fiction', 'sci-fi']"
106648,"['mystery', 'fiction', 'romance']"
106835,"['fiction', 'nonfiction', 'historical']"
106859,"['graphic', 'fiction', 'nonfiction']"
106882,"['fiction', 'historical', 'romance']"
107007,"['graphic', 'fiction', 'fantasy']"
107017,"['graphic', 'fiction', 'mystery']"
107021,"['graphic', 'fiction', 'mystery']"
107029,"['graphic', 'fiction', 'nonfiction']"
107032,"['graphic', 'fiction', 'nonfiction']"
107172,"['graphic', 'fiction', 'fantasy']"
107195,"['philosophy', 'fiction', 'romance']"
107291,"['fiction', 'horror', 'mystery']"
107301,"['fiction', 'historical', 'romance']"
107664,"['fantasy', 'horror', 'fiction']"
107670,"['fantasy', 'horror', 'fiction']"
107770,"['romance', 'historical', 'fiction']"
107772,"['romance', 'historical', 'fiction']"
107773,"['romance', 'mystery', 'fiction']"
107774,"['romance', 'historical', 'fiction']"
107776,"['romance', 'historical', 'fiction']"
107778,"['romance', 'historical', 'fiction']"
107779,"['romance', 'historical', 'fiction']"
107781,"['romance', 'historical', 'fiction']"
107783,"['romance', 'historical', 'fiction']"
107789,"['romance', 'mystery', 'fiction']"
107821,"['fiction', 'romance', 'children']"
107896,"['fiction', 'romance', 'nonfiction']"
108077,"['fiction', 'children', 'historical']"
108229,"['fiction', 'historical', 'horror']"
108385,"['horror', 'romance', 'fantasy']"
108942,"['mystery', 'fiction', 'children']"
109367,"['mystery', 'romance', 'fiction']"
109499,"['fiction', 'philosophy', 'romance']"
109509,"['mystery', 'fiction', 'horror']"
109510,"['mystery', 'fiction', 'horror']"
109515,"['fiction', 'philosophy', 'nonfiction']"
109520,"['historical', 'fiction', 'romance']"
109901,"['mystery', 'fiction', 'nonfiction']"
110090,"['fiction', 'historical', 'mystery']"
110331,"['historical', 'nonfiction', 'fiction']"
110384,"['romance', 'historical', 'fiction']"
110385,"['romance', 'fiction', 'historical']"
110386,"['romance', 'historical', 'fiction']"
110387,"['romance', 'historical', 'fiction']"
110388,"['romance', 'historical', 'fiction']"
110391,"['romance', 'historical', 'fiction']"
110393,"['romance', 'historical', 'fiction']"
110396,"['romance', 'historical', 'fiction']"
110444,"['mystery', 'fiction', 'fantasy']"
110494,"['horror', 'fantasy', 'romance']"
110692,"['fantasy', 'fiction', 'horror']"
110694,"['fantasy', 'fiction', 'horror']"
110737,"['fiction', 'historical', 'nonfiction']"
110763,"['philosophy', 'fiction', 'historical']"
110871,"['historical', 'fiction', 'mystery']"
110890,"['fiction', 'historical', 'nonfiction']"
111021,"['historical', 'fantasy', 'children']"
111023,"['fantasy', 'fiction', 'nonfiction']"
111126,"['nonfiction', 'fiction', 'romance']"
111180,"['fiction', 'romance', 'mystery']"
111218,"['fiction', 'historical', 'romance']"
111220,"['historical', 'fiction', 'nonfiction']"
111222,"['historical', 'fiction', 'nonfiction']"
111306,"['romance', 'horror', 'fantasy']"
111332,"['fantasy', 'historical', 'children']"
111450,"['fantasy', 'children', 'fiction']"
112200,"['poetry', 'historical', 'fiction']"
112204,"['historical', 'fiction', 'poetry']"
112292,"['fiction', 'sci-fi', 'fantasy']"
112322,"['fiction', 'romance', 'children']"
112517,"['fiction', 'sci-fi', 'nonfiction']"
112518,"['fiction', 'sci-fi', 'nonfiction']"
112520,"['fiction', 'sci-fi', 'nonfiction']"
112525,"['fiction', 'mystery', 'children']"
112537,"['sci-fi', 'fantasy', 'fiction']"
112675,"['romance', 'fiction', 'children']"
112693,"['romance', 'fiction', 'children']"
112750,"['fantasy', 'horror', 'romance']"
112751,"['romance', 'fantasy', 'horror']"
112752,"['romance', 'fantasy', 'horror']"
112754,"['romance', 'sci-fi', 'fantasy']"
112755,"['romance', 'fantasy', 'sci-fi']"
112756,"['romance', 'fantasy', 'historical']"
112803,"['historical', 'fiction', 'nonfiction']"
112872,"['fiction', 'philosophy', 'romance']"
112874,"['fiction', 'philosophy', 'poetry']"
112879,"['fantasy', 'children', 'fiction']"
113091,"['fiction', 'historical', 'nonfiction']"
113138,"['mystery', 'fiction', 'horror']"
113205,"['historical', 'fiction', 'fantasy']"
113304,"['fantasy', 'children', 'fiction']"
113310,"['mystery', 'fiction', 'fantasy']"
113429,"['nonfiction', 'fiction', 'romance']"
113435,"['fantasy', 'fiction', 'horror']"
113436,"['fantasy', 'fiction', 'horror']"
113441,"['fiction', 'historical', 'children']"
113576,"['fiction', 'nonfiction', 'historical']"
113934,"['fiction', 'nonfiction', 'children']"
113946,"['children', 'fiction', 'historical']"
114128,"['romance', 'mystery', 'fiction']"
114129,"['romance', 'fiction', 'mystery']"
114132,"['romance', 'mystery', 'horror']"
114133,"['romance', 'mystery', 'fiction']"
114141,"['romance', 'mystery', 'fiction']"
114143,"['romance', 'mystery', 'fiction']"
114144,"['romance', 'mystery', 'fiction']"
114145,"['romance', 'fiction', 'horror']"
114152,"['romance', 'fiction', 'nonfiction']"
114159,"['romance', 'horror', 'fiction']"
114162,"['romance', 'historical', 'fiction']"
114166,"['romance', 'historical', 'fiction']"
114170,"['romance', 'historical', 'fiction']"
114184,"['romance', 'mystery', 'fiction']"
114187,"['romance', 'fiction', 'mystery']"
114188,"['romance', 'fiction', 'horror']"
114203,"['romance', 'mystery', 'fiction']"
114206,"['romance', 'fantasy', 'horror']"
114230,"['historical', 'fiction', 'children']"
114308,"['children', 'fiction', 'historical']"
114345,"['children', 'historical', 'fiction']"
114683,"['fiction', 'nonfiction', 'graphic']"
114701,"['children', 'fantasy', 'fiction']"
114954,"['children', 'fiction', 'fantasy']"
114955,"['fantasy', 'children', 'fiction']"
114982,"['mystery', 'fiction', 'historical']"
115076,"['fiction', 'romance', 'nonfiction']"
115130,"['mystery', 'fiction', 'romance']"
115476,"['fiction', 'historical', 'horror']"
116012,"['romance', 'mystery', 'fiction']"
116020,"['fiction', 'historical', 'philosophy']"
116053,"['fiction', 'romance', 'children']"
116054,"['fiction', 'romance', 'children']"
116114,"['fiction', 'historical', 'nonfiction']"
116236,"['fiction', 'historical', 'children']"
116257,"['fiction', 'historical', 'sci-fi']"
116295,"['fantasy', 'fiction', 'sci-fi']"
116296,"['fantasy', 'fiction', 'nonfiction']"
116343,"['fantasy', 'fiction', 'nonfiction']"
116356,"['fiction', 'sci-fi', 'fantasy']"
116445,"['fiction', 'fantasy', 'sci-fi']"
116494,"['children', 'fiction', 'nonfiction']"
116563,"['fantasy', 'children', 'fiction']"
116982,"['fantasy', 'fiction', 'sci-fi']"
117047,"['fiction', 'nonfiction', 'philosophy']"
117251,"['historical', 'fiction', 'poetry']"
117833,"['fiction', 'historical', 'fantasy']"
117835,"['fiction', 'nonfiction', 'historical']"
118389,"['poetry', 'historical', 'fiction']"
118944,"['graphic', 'fiction', 'fantasy']"
119073,"['fiction', 'mystery', 'historical']"
119091,"['horror', 'fantasy', 'fiction']"
119239,"['poetry', 'historical', 'fiction']"
119247,"['children', 'fiction', 'historical']"
119322,"['fantasy', 'fiction', 'children']"
119324,"['fantasy', 'fiction', 'children']"
119382,"['mystery', 'fiction', 'romance']"
119389,"['mystery', 'fiction', 'romance']"
119760,"['fiction', 'philosophy', 'poetry']"
119829,"['fiction', 'historical', 'romance']"
119838,"['fiction', 'children', 'horror']"
120230,['fiction']
120231,['fiction']
120253,"['fantasy', 'fiction', 'children']"
120461,"['fiction', 'children', 'philosophy']"
120840,"['children', 'fiction', 'graphic']"
121127,"['fantasy', 'fiction', 'romance']"
121410,"['fiction', 'historical', 'horror']"
121581,"['fiction', 'sci-fi', 'nonfiction']"
121648,"['mystery', 'fiction', 'historical']"
121715,"['philosophy', 'fiction', 'historical']"
121732,"['historical', 'philosophy', 'fiction']"
121749,"['children', 'historical', 'fantasy']"
121792,"['graphic', 'fiction', 'children']"
121809,"['fiction', 'philosophy', 'fantasy']"
121927,"['horror', 'fantasy', 'romance']"
122125,"['children', 'fiction', 'poetry']"
122211,"['fiction', 'romance', 'nonfiction']"
122212,"['fiction', 'romance', 'nonfiction']"
122574,"['fiction', 'historical', 'horror']"
122649,"['fiction', 'historical', 'nonfiction']"
122756,"['fiction', 'children', 'historical']"
122781,"['fiction', 'historical', 'horror']"
122967,"['children', 'fiction', 'historical']"
123063,"['fiction', 'sci-fi', 'horror']"
123106,"['fiction', 'romance', 'children']"
123170,"['children', 'fiction', 'historical']"
123543,"['mystery', 'fiction', 'horror']"
123598,"['mystery', 'fiction', 'sci-fi']"
123632,"['philosophy', 'fiction', 'fantasy']"
123845,"['philosophy', 'fiction', 'historical']"
123933,"['fiction', 'philosophy', 'historical']"
124272,"['historical', 'fiction', 'romance']"
124509,"['mystery', 'fiction', 'historical']"
124524,"['historical', 'fiction', 'nonfiction']"
124918,"['fiction', 'mystery', 'nonfiction']"
125190,"['children', 'fiction', 'historical']"
125404,"['children', 'fantasy', 'fiction']"
125423,"['children', 'fiction', 'nonfiction']"
125502,"['fiction', 'nonfiction', 'romance']"
125507,"['children', 'fiction', 'fantasy']"
125540,"['children', 'horror', 'fiction']"
125542,"['children', 'horror', 'fiction']"
125553,"['children', 'horror', 'fiction']"
125564,"['children', 'fiction', 'horror']"
125662,"['horror', 'children', 'fiction']"
125925,"['fantasy', 'horror', 'romance']"
125926,"['fantasy', 'horror', 'romance']"
125955,"['fiction', 'fantasy', 'mystery']"
125956,"['fiction', 'fantasy', 'mystery']"
125958,"['fiction', 'mystery', 'horror']"
125959,"['fiction', 'mystery', 'fantasy']"
125963,"['fiction', 'mystery', 'horror']"
126061,"['nonfiction', 'fiction', 'historical']"
126066,"['philosophy', 'fiction', 'romance']"
126151,"['historical', 'fiction', 'nonfiction']"
126185,"['fiction', 'mystery', 'romance']"
126232,"['horror', 'fiction', 'mystery']"
126381,"['fiction', 'nonfiction', 'children']"
126507,"['mystery', 'fiction', 'horror']"
126583,"['fiction', 'historical', 'nonfiction']"
126609,"['fiction', 'historical', 'children']"
126807,"['fiction', 'mystery', 'nonfiction']"
127249,"['mystery', 'fiction', 'horror']"
127451,"['romance', 'fiction', 'children']"
127455,"['fantasy', 'fiction', 'mystery']"
127459,"['fantasy', 'fiction', 'horror']"
127515,"['horror', 'fiction', 'sci-fi']"
127567,"['fantasy', 'fiction', 'sci-fi']"
127584,"['fantasy', 'fiction', 'sci-fi']"
127586,"['fantasy', 'fiction', 'sci-fi']"
127712,"['mystery', 'fiction', 'horror']"
127823,"['fantasy', 'fiction', 'horror']"
127970,"['historical', 'fiction', 'nonfiction']"
128029,"['fiction', 'historical', 'children']"
128048,"['fiction', 'historical', 'children']"
128066,"['historical', 'fiction', 'nonfiction']"
128092,"['fiction', 'children', 'historical']"
128711,"['fiction', 'nonfiction', 'philosophy']"
128752,"['mystery', 'fiction', 'nonfiction']"
128754,"['mystery', 'fiction', 'nonfiction']"
128755,"['mystery', 'fiction', 'sci-fi']"
128756,"['mystery', 'fiction', 'nonfiction']"
128757,"['mystery', 'fiction', 'sci-fi']"
128759,"['mystery', 'fiction', 'nonfiction']"
128940,"['fiction', 'mystery', 'romance']"
129117,"['mystery', 'fiction', 'romance']"
129237,"['philosophy', 'nonfiction', 'historical']"
129327,"['horror', 'fiction', 'romance']"
129510,"['fantasy', 'fiction', 'historical']"
129523,"['mystery', 'romance', 'fiction']"
129565,"['fiction', 'nonfiction', 'philosophy']"
129603,"['philosophy', 'fiction', 'poetry']"
129616,"['romance', 'historical', 'fiction']"
129617,"['romance', 'fiction', 'mystery']"
129618,"['romance', 'historical', 'fiction']"
129619,"['romance', 'historical', 'fiction']"
129620,"['romance', 'historical', 'fiction']"
129621,"['romance', 'historical', 'fiction']"
129645,"['romance', 'fiction', 'nonfiction']"
129650,"['fiction', 'nonfiction']"
129798,"['horror', 'fiction', 'nonfiction']"
129947,"['fiction', 'historical', 'nonfiction']"
129984,"['fantasy', 'fiction', 'horror']"
130119,"['philosophy', 'fiction', 'historical']"
130260,"['mystery', 'fiction', 'horror']"
130440,"['fiction', 'historical', 'romance']"
130580,"['children', 'fiction', 'historical']"
130916,"['fiction', 'romance', 'nonfiction']"
131123,"['children', 'fiction', 'fantasy']"
131304,"['nonfiction', 'fiction', 'sci-fi']"
131359,"['mystery', 'fiction', 'historical']"
131830,"['fiction', 'romance', 'philosophy']"
132152,"['philosophy', 'fiction', 'poetry']"
132314,"['historical', 'poetry', 'horror']"
132336,"['mystery', 'fiction', 'nonfiction']"
132391,"['children', 'historical', 'fiction']"
132609,"['children', 'fiction', 'historical']"
132626,"['philosophy', 'fiction', 'historical']"
132688,"['fiction', 'nonfiction', 'historical']"
132778,"['mystery', 'romance', 'fiction']"
132900,"['fiction', 'children', 'nonfiction']"
133017,"['graphic', 'horror', 'fantasy']"
133241,"['romance', 'historical', 'fiction']"
133266,"['fiction', 'nonfiction', 'mystery']"
133394,"['fiction', 'historical', 'mystery']"
133430,"['fiction', 'historical', 'horror']"
133445,"['fiction', 'romance', 'historical']"
133486,"['historical', 'fiction', 'nonfiction']"
133488,"['fiction', 'historical', 'nonfiction']"
133518,"['fiction', 'historical', 'children']"
133526,"['children', 'fiction', 'historical']"
133664,"['fantasy', 'fiction', 'horror']"
133729,"['historical', 'fiction', 'nonfiction']"
133765,"['graphic', 'fiction', 'sci-fi']"
133767,"['fiction', 'philosophy', 'fantasy']"
133906,"['poetry', 'historical', 'fiction']"
133954,"['fiction', 'historical', 'romance']"
134353,"['fiction', 'philosophy', 'nonfiction']"
134360,"['graphic', 'fiction', 'nonfiction']"
134958,"['historical', 'fiction', 'nonfiction']"
135479,"['fiction', 'historical', 'sci-fi']"
135611,"['fiction', 'poetry', 'historical']"
136081,"['mystery', 'fiction', 'horror']"
136116,"['historical', 'fiction', 'romance']"
136167,"['mystery', 'fiction', 'romance']"
136251,"['fantasy', 'fiction', 'children']"
136636,"['mystery', 'fiction', 'horror']"
136637,"['mystery', 'horror', 'fiction']"
136638,"['mystery', 'horror', 'fiction']"
136640,"['mystery', 'fiction', 'horror']"
136641,"['mystery', 'fiction', 'horror']"
136642,"['mystery', 'fiction', 'horror']"
136782,"['mystery', 'fiction', 'children']"
136977,"['philosophy', 'fiction', 'poetry']"
137098,"['romance', 'fiction', 'mystery']"
137791,"['fiction', 'romance', 'nonfiction']"
137792,"['fiction', 'romance', 'nonfiction']"
137894,"['graphic', 'fiction', 'mystery']"
138069,"['children', 'fiction', 'historical']"
138070,"['children', 'fiction', 'fantasy']"
138134,"['poetry', 'historical', 'fiction']"
138202,"['romance', 'fiction', 'children']"
138269,"['fiction', 'historical', 'mystery']"
138395,"['horror', 'graphic', 'fiction']"
138396,"['horror', 'graphic', 'fiction']"
138397,"['horror', 'graphic', 'fiction']"
138398,"['horror', 'graphic', 'fiction']"
138399,"['horror', 'graphic', 'fiction']"
138683,"['mystery', 'historical', 'fiction']"
138684,"['fiction', 'mystery', 'historical']"
138685,"['fiction', 'mystery', 'historical']"
138872,"['fiction', 'historical', 'horror']"
138959,"['children', 'fiction', 'historical']"
139004,"['poetry', 'historical', 'fiction']"
139069,"['fiction', 'historical', 'horror']"
139087,"['fiction', 'romance', 'nonfiction']"
139176,"['mystery', 'fiction', 'nonfiction']"
139220,"['fiction', 'historical', 'nonfiction']"
139253,"['fiction', 'historical', 'children']"
139254,"['fiction', 'historical', 'romance']"
139417,"['fantasy', 'romance', 'horror']"
139463,"['children', 'fiction', 'historical']"
139569,"['romance', 'fiction', 'historical']"
139855,"['philosophy', 'fiction', 'historical']"
140075,"['horror', 'fantasy', 'romance']"
140077,"['horror', 'fantasy', 'romance']"
140078,"['mystery', 'fantasy', 'horror']"
140079,"['horror', 'fantasy', 'romance']"
140082,"['horror', 'fantasy', 'romance']"
140091,"['mystery', 'fiction', 'romance']"
140097,"['mystery', 'horror', 'fantasy']"
140131,"['children', 'fiction', 'historical']"
140225,"['children', 'historical', 'fantasy']"
140278,"['mystery', 'fiction', 'historical']"
140302,"['mystery', 'fiction', 'nonfiction']"
140345,"['fiction', 'mystery', 'romance']"
140524,"['mystery', 'fiction', 'historical']"
140671,"['fantasy', 'fiction', 'horror']"
140963,"['fiction', 'historical', 'nonfiction']"
140974,"['fantasy', 'fiction', 'horror']"
141019,"['children', 'fiction', 'historical']"
141077,"['fiction', 'historical', 'nonfiction']"
141372,"['fiction', 'children', 'horror']"
141526,"['fiction', 'mystery', 'historical']"
141565,"['fiction', 'poetry', 'nonfiction']"
141828,"['fiction', 'historical', 'fantasy']"
141935,"['children', 'fiction', 'mystery']"
142079,"['mystery', 'fiction', 'romance']"
142080,"['poetry', 'historical', 'fiction']"
142108,"['fiction', 'nonfiction', 'poetry']"
142292,"['fiction', 'historical', 'nonfiction']"
142395,"['fiction', 'historical', 'philosophy']"
142540,"['mystery', 'fiction', 'poetry']"
142545,"['mystery', 'fiction', 'poetry']"
142900,"['fiction', 'historical', 'nonfiction']"
143513,"['fiction', 'historical', 'children']"
143534,"['fiction', 'historical', 'nonfiction']"
143761,"['fiction', 'romance', 'nonfiction']"
144127,"['fantasy', 'fiction', 'horror']"
144349,"['fantasy', 'fiction', 'horror']"
144350,"['fantasy', 'horror', 'fiction']"
144773,"['mystery', 'fiction', 'sci-fi']"
144789,"['mystery', 'fiction', 'horror']"
144790,"['mystery', 'fiction', 'horror']"
144791,"['mystery', 'fiction', 'horror']"
144792,"['mystery', 'fiction', 'horror']"
144793,"['mystery', 'fiction', 'horror']"
144800,"['fiction', 'fantasy', 'mystery']"
144974,"['children', 'historical', 'fiction']"
144977,"['historical', 'fiction', 'nonfiction']"
145397,"['historical', 'fiction', 'nonfiction']"
146064,"['historical', 'fiction', 'philosophy']"
146274,"['historical', 'fiction', 'mystery']"
147074,"['mystery', 'fiction', 'romance']"
147243,"['fiction', 'children', 'horror']"
147602,"['historical', 'fiction', 'nonfiction']"
147732,"['children', 'fiction', 'historical']"
147801,"['fantasy', 'fiction', 'sci-fi']"
147843,"['fantasy', 'fiction', 'horror']"
147844,"['fantasy', 'fiction', 'horror']"
147865,"['romance', 'fiction', 'nonfiction']"
147915,"['fantasy', 'fiction', 'nonfiction']"
147941,"['graphic', 'nonfiction', 'fiction']"
148337,"['mystery', 'fiction', 'horror']"
148584,"['mystery', 'fiction', 'historical']"
148769,"['fiction', 'historical', 'children']"
148809,"['fantasy', 'mystery', 'fiction']"
148821,"['historical', 'fiction', 'nonfiction']"
149049,"['fiction', 'sci-fi', 'historical']"
149196,"['fiction', 'fantasy', 'historical']"
149267,"['horror', 'fiction', 'nonfiction']"
149302,"['fantasy', 'fiction', 'historical']"
149572,"['mystery', 'fiction', 'historical']"
149621,"['mystery', 'fiction', 'horror']"
149847,"['fantasy', 'fiction', 'horror']"
150037,"['children', 'fiction', 'fantasy']"
150720,"['fiction', 'nonfiction', 'children']"
150739,"['fantasy', 'children', 'fiction']"
151370,"['fantasy', 'fiction', 'children']"
151926,"['fiction', 'historical', 'nonfiction']"
152380,"['children', 'historical', 'fiction']"
152402,"['romance', 'fiction', 'mystery']"
152519,"['historical', 'fiction', 'nonfiction']"
152662,"['fiction', 'historical', 'children']"
152695,"['romance', 'fiction', 'horror']"
153007,"['fantasy', 'fiction', 'romance']"
153008,"['fantasy', 'romance', 'fiction']"
153025,"['horror', 'fiction', 'mystery']"
153136,"['fiction', 'nonfiction', 'historical']"
153175,"['fantasy', 'fiction', 'historical']"
153193,"['horror', 'romance', 'fantasy']"
153492,"['mystery', 'fiction', 'historical']"
153540,"['children', 'fiction', 'historical']"
153542,"['children', 'fiction', 'historical']"
153747,"['historical', 'fiction', 'horror']"
153779,"['fantasy', 'fiction', 'mystery']"
153780,"['fantasy', 'fiction', 'romance']"
153781,"['fantasy', 'fiction', 'children']"
153782,"['fantasy', 'fiction', 'children']"
153783,"['fantasy', 'fiction', 'children']"
153784,"['fantasy', 'fiction', 'children']"
153785,"['fantasy', 'fiction', 'children']"
153792,"['fantasy', 'fiction', 'children']"
153795,"['fantasy', 'fiction', 'children']"
153800,"['fantasy', 'fiction', 'children']"
153865,"['children', 'fiction', 'graphic']"
153866,"['children', 'fiction', 'graphic']"
154091,"['sci-fi', 'fiction', 'fantasy']"
154423,"['mystery', 'fiction', 'children']"
154424,"['mystery', 'fiction', 'horror']"
154795,"['graphic', 'fiction', 'fantasy']"
154798,"['graphic', 'fiction', 'sci-fi']"
155106,"['children', 'fiction', 'historical']"
155291,"['fantasy', 'horror', 'mystery']"
155370,"['fiction', 'sci-fi', 'children']"
155421,"['fantasy', 'horror', 'mystery']"
155712,"['fiction', 'historical', 'romance']"
155981,"['philosophy', 'fiction', 'nonfiction']"
156427,"['horror', 'mystery', 'fiction']"
156529,"['graphic', 'fiction', 'sci-fi']"
156530,"['fiction', 'sci-fi', 'graphic']"
156532,"['graphic', 'fiction', 'sci-fi']"
156533,"['graphic', 'fiction', 'sci-fi']"
156534,"['graphic', 'fiction', 'sci-fi']"
156538,"['historical', 'fiction', 'romance']"
157055,"['fantasy', 'children', 'fiction']"
157076,"['historical', 'nonfiction', 'fiction']"
157993,"['children', 'fantasy', 'fiction']"
158119,"['romance', 'fiction', 'fantasy']"
158141,"['fiction', 'mystery', 'historical']"
158446,"['fiction', 'historical', 'horror']"
158516,"['fiction', 'historical', 'horror']"
158944,"['fiction', 'historical', 'children']"
158988,"['graphic', 'fantasy', 'fiction']"
159061,"['children', 'fiction', 'horror']"
159177,"['fiction', 'historical', 'romance']"
159178,"['fiction', 'historical', 'romance']"
159418,"['philosophy', 'fiction', 'historical']"
159582,"['fiction', 'historical', 'children']"
159760,"['nonfiction', 'fiction', 'children']"
159964,"['philosophy', 'fiction', 'historical']"
160149,"['horror', 'fiction', 'fantasy']"
160194,"['fiction', 'historical', 'poetry']"
160251,"['fiction', 'historical', 'children']"
160629,"['children', 'fiction', 'historical']"
160830,"['fiction', 'philosophy', 'nonfiction']"
160848,"['graphic', 'fiction', 'mystery']"
160988,"['children', 'fiction', 'historical']"
161099,"['fiction', 'children', 'historical']"
161156,"['historical', 'fiction', 'nonfiction']"
161275,"['graphic', 'fiction', 'nonfiction']"
161361,"['fiction', 'philosophy', 'poetry']"
161415,"['fiction', 'philosophy', 'poetry']"
161426,"['sci-fi', 'fiction', 'romance']"
161656,"['children', 'fiction', 'fantasy']"
161744,"['historical', 'fiction', 'nonfiction']"
161846,"['fiction', 'sci-fi', 'horror']"
161887,"['fantasy', 'children', 'fiction']"
162085,"['mystery', 'fiction', 'romance']"
162086,"['fiction', 'mystery', 'children']"
162089,"['mystery', 'fiction', 'romance']"
162332,"['fiction', 'historical', 'children']"
162719,"['children', 'fantasy', 'fiction']"
162823,"['mystery', 'nonfiction', 'fiction']"
162898,"['historical', 'fiction', 'fantasy']"
163363,"['historical', 'fiction', 'nonfiction']"
163465,"['children', 'fiction', 'historical']"
163977,"['fiction', 'historical', 'poetry']"
164154,"['fiction', 'sci-fi', 'fantasy']"
164323,"['fiction', 'historical', 'sci-fi']"
164531,"['children', 'historical', 'fiction']"
164542,"['children', 'fiction', 'historical']"
164719,"['horror', 'fantasy', 'fiction']"
164723,"['philosophy', 'fiction', 'nonfiction']"
164836,"['fiction', 'poetry', 'philosophy']"
165030,"['romance', 'fiction', 'children']"
165053,"['fiction', 'nonfiction', 'graphic']"
165395,"['fiction', 'romance', 'historical']"
166101,"['fiction', 'historical', 'nonfiction']"
166562,"['fiction', 'historical', 'horror']"
166580,"['graphic', 'fantasy', 'fiction']"
166997,"['historical', 'fiction', 'nonfiction']"
167010,"['graphic', 'fantasy', 'fiction']"
167216,"['fiction', 'children', 'romance']"
168569,"['mystery', 'fiction', 'nonfiction']"
168571,"['mystery', 'fiction', 'nonfiction']"
168642,"['fiction', 'mystery', 'historical']"
168668,"['fiction', 'historical', 'children']"
168814,"['graphic', 'fiction', 'nonfiction']"
169211,"['mystery', 'fiction', 'romance']"
169331,"['romance', 'fiction', 'nonfiction']"
169487,"['fiction', 'philosophy', 'romance']"
169718,"['fiction', 'historical', 'nonfiction']"
169756,"['sci-fi', 'fiction', 'fantasy']"
169848,"['fiction', 'historical', 'nonfiction']"
169871,"['fantasy', 'children', 'fiction']"
169875,"['fantasy', 'children', 'fiction']"
169879,"['fantasy', 'children', 'fiction']"
169959,"['fantasy', 'fiction', 'historical']"
170171,"['fiction', 'horror', 'fantasy']"
170210,"['horror', 'fantasy', 'romance']"
170529,"['poetry', 'fiction', 'romance']"
170548,"['philosophy', 'poetry', 'fiction']"
170618,"['mystery', 'fiction', 'romance']"
170619,"['mystery', 'fiction', 'romance']"
170632,"['mystery', 'fiction', 'romance']"
170641,"['mystery', 'fiction', 'romance']"
170650,"['mystery', 'fiction', 'romance']"
170651,"['mystery', 'fiction', 'romance']"
171001,"['fiction', 'historical', 'philosophy']"
171020,"['fiction', 'children', 'fantasy']"
171102,"['fiction', 'historical', 'romance']"
171201,"['fiction', 'children', 'historical']"
171471,"['fantasy', 'fiction', 'horror']"
171547,"['poetry', 'historical', 'fiction']"
171624,"['mystery', 'fiction', 'historical']"
172327,"['children', 'fiction', 'fantasy']"
172691,"['mystery', 'romance', 'sci-fi']"
172732,"['historical', 'fiction', 'nonfiction']"
172764,"['horror', 'fantasy', 'romance']"
173526,"['philosophy', 'fiction', 'poetry']"
173572,"['philosophy', 'fiction', 'poetry']"
173673,"['philosophy', 'fiction', 'poetry']"
174403,"['fiction', 'children', 'mystery']"
174703,"['fiction', 'children', 'nonfiction']"
174834,"['philosophy', 'fiction', 'historical']"
174845,"['philosophy', 'fiction', 'historical']"
174879,"['philosophy', 'fiction', 'nonfiction']"
175004,"['mystery', 'fiction', 'horror']"
175078,"['philosophy', 'historical', 'fiction']"
175113,"['philosophy', 'fiction', 'historical']"
175242,"['mystery', 'fiction', 'horror']"
175319,"['fiction', 'sci-fi', 'fantasy']"
175324,"['fiction', 'sci-fi', 'historical']"
175510,"['philosophy', 'fiction', 'historical']"
175516,"['horror', 'historical', 'fiction']"
175675,"['fiction', 'historical', 'children']"
175983,"['fantasy', 'fiction', 'nonfiction']"
176326,"['fantasy', 'children', 'fiction']"
176327,"['children', 'fantasy', 'fiction']"
176788,"['fantasy', 'fiction', 'romance']"
176839,"['fiction', 'romance', 'children']"
176892,"['fantasy', 'fiction', 'sci-fi']"
177515,"['fiction', 'fantasy', 'romance']"
178357,"['fiction', 'historical', 'nonfiction']"
178476,"['romance', 'horror', 'fantasy']"
178599,"['fiction', 'historical', 'mystery']"
178788,"['nonfiction', 'fiction', 'mystery']"
178813,"['romance', 'fiction']"
179033,"['fantasy', 'fiction', 'sci-fi']"
179064,"['fantasy', 'children', 'fiction']"
179142,"['fiction', 'historical', 'children']"
179174,"['graphic', 'children', 'fiction']"
179264,"['fiction', 'historical', 'nonfiction']"
179565,"['historical', 'children', 'fantasy']"
179735,"['horror', 'mystery', 'fiction']"
179780,"['horror', 'fiction', 'mystery']"
180066,"['historical', 'fiction', 'children']"
180116,"['philosophy', 'fiction', 'romance']"
180426,"['romance', 'horror', 'fantasy']"
180463,"['fiction', 'philosophy', 'romance']"
180617,"['children', 'fiction', 'fantasy']"
180930,"['philosophy', 'fiction', 'fantasy']"
181077,"['children', 'fiction', 'historical']"
181116,"['mystery', 'fiction', 'nonfiction']"
181206,"['fiction', 'philosophy', 'nonfiction']"
181400,"['children', 'fiction', 'philosophy']"
181601,"['children', 'fiction', 'nonfiction']"
181886,"['fantasy', 'fiction', 'nonfiction']"
182012,"['mystery', 'fiction', 'romance']"
182381,"['historical', 'fiction', 'nonfiction']"
182425,"['mystery', 'horror', 'fiction']"
182496,"['fiction', 'romance', 'historical']"
182683,"['fiction', 'romance', 'poetry']"
183092,"['fiction', 'mystery', 'horror']"
183554,"['fiction', 'philosophy', 'nonfiction']"
183656,"['fantasy', 'children', 'fiction']"
183660,"['fantasy', 'children', 'fiction']"
183822,"['mystery', 'fiction', 'horror']"
184040,"['graphic', 'fiction', 'sci-fi']"
184324,"['romance', 'horror', 'fantasy']"
184419,"['historical', 'mystery', 'fiction']"
184644,"['fiction', 'nonfiction']"
184655,"['mystery', 'fiction', 'horror']"
184657,"['mystery', 'fiction', 'horror']"
184661,"['mystery', 'fiction', 'horror']"
184850,"['romance', 'fiction', 'nonfiction']"
185012,"['fiction', 'philosophy', 'historical']"
185253,"['fantasy', 'fiction', 'sci-fi']"
185289,"['fantasy', 'fiction', 'romance']"
185911,"['mystery', 'fiction', 'historical']"
186074,"['fantasy', 'fiction', 'horror']"
186103,"['horror', 'fantasy', 'fiction']"
186190,"['fiction', 'historical', 'horror']"
186669,"['fantasy', 'fiction', 'historical']"
187020,"['fiction', 'nonfiction', 'historical']"
187049,"['fantasy', 'fiction', 'horror']"
187065,"['fantasy', 'fiction', 'horror']"
187124,"['fantasy', 'fiction', 'horror']"
187181,"['fiction', 'historical', 'philosophy']"
187633,"['fiction', 'poetry', 'nonfiction']"
187811,"['horror', 'fantasy', 'romance']"
187812,"['fantasy', 'romance', 'fiction']"
188230,"['mystery', 'fiction', 'historical']"
188572,"['mystery', 'historical', 'fiction']"
189147,"['fiction', 'sci-fi', 'fantasy']"
189182,"['children', 'fiction', 'historical']"
189783,"['fantasy', 'fiction', 'horror']"
189802,"['fantasy', 'fiction', 'horror']"
189811,"['fantasy', 'fiction', 'horror']"
190115,"['philosophy', 'fiction', 'poetry']"
190344,"['children', 'fiction', 'historical']"
190361,"['horror', 'fantasy', 'romance']"
190999,"['sci-fi', 'fiction', 'historical']"
191113,"['children', 'fiction', 'historical']"
191117,"['children', 'fiction', 'graphic']"
191139,"['children', 'fiction', 'historical']"
191170,"['children', 'fiction', 'fantasy']"
192214,"['historical', 'fiction', 'sci-fi']"
192341,"['romance', 'fiction', 'nonfiction']"
192510,"['fiction', 'children', 'romance']"
192888,"['mystery', 'fiction', 'historical']"
192892,"['mystery', 'fiction', 'historical']"
192893,"['mystery', 'fiction', 'historical']"
193093,"['children', 'fiction', 'historical']"
193755,"['historical', 'fiction', 'nonfiction']"
194086,"['romance', 'fiction', 'children']"
194366,"['fiction', 'mystery', 'nonfiction']"
194373,"['mystery', 'historical', 'fiction']"
194479,"['graphic', 'fiction', 'historical']"
194618,"['fiction', 'historical', 'romance']"
194755,"['children', 'fiction', 'fantasy']"
194808,"['nonfiction', 'historical', 'fiction']"
194870,"['children', 'historical', 'fiction']"
196613,"['fiction', 'romance']"
196764,"['historical', 'fiction', 'nonfiction']"
196951,"['children', 'fiction', 'graphic']"
196970,"['children', 'historical', 'poetry']"
197084,"['children', 'fiction', 'historical']"
197436,"['children', 'fiction', 'fantasy']"
197457,"['historical', 'fantasy', 'children']"
197459,"['historical', 'fantasy', 'children']"
197512,"['children', 'fiction', 'graphic']"
198331,"['mystery', 'fiction', 'horror']"
198332,"['fiction', 'horror', 'mystery']"
198511,"['historical', 'fiction', 'nonfiction']"
198863,"['historical', 'fiction', 'nonfiction']"
199530,"['fiction', 'romance', 'poetry']"
199531,"['fiction', 'romance', 'historical']"
199532,"['fiction', 'romance', 'nonfiction']"
199687,"['romance', 'fiction', 'children']"
199782,"['romance', 'fiction', 'nonfiction']"
199785,"['horror', 'fantasy', 'romance']"
199786,"['horror', 'fantasy', 'romance']"
200572,"['fiction', 'nonfiction', 'historical']"
200963,"['children', 'fiction', 'historical']"
201114,"['fiction', 'poetry', 'children']"
201126,"['children', 'fiction', 'poetry']"
201138,"['children', 'fiction', 'graphic']"
201145,"['children', 'fiction', 'historical']"
201146,"['children', 'fiction', 'historical']"
201175,"['mystery', 'romance', 'fiction']"
201341,"['fantasy', 'children', 'fiction']"
201342,"['fantasy', 'children', 'fiction']"
201345,"['fantasy', 'children', 'fiction']"
202146,"['historical', 'fiction', 'nonfiction']"
202292,"['fiction', 'romance', 'nonfiction']"
202948,"['fiction', 'romance', 'nonfiction']"
203220,"['poetry', 'fiction', 'horror']"
203288,"['fiction', 'sci-fi', 'fantasy']"
203805,"['nonfiction', 'historical', 'fiction']"
204041,"['graphic', 'fantasy', 'fiction']"
204042,"['graphic', 'fantasy', 'fiction']"
204045,"['graphic', 'fantasy', 'fiction']"
204276,"['mystery', 'fiction', 'nonfiction']"
204479,"['mystery', 'romance', 'fiction']"
204779,"['historical', 'fiction', 'horror']"
205218,"['philosophy', 'fiction', 'historical']"
205330,"['children', 'poetry', 'fiction']"
205476,"['fiction', 'historical', 'children']"
205821,"['children', 'fiction', 'historical']"
206172,"['historical', 'horror', 'fiction']"
206193,"['mystery', 'fiction', 'horror']"
206195,"['mystery', 'fiction', 'horror']"
206196,"['mystery', 'fiction', 'horror']"
206197,"['mystery', 'fiction', 'horror']"
206236,"['mystery', 'fiction', 'historical']"
206309,"['fiction', 'philosophy', 'poetry']"
206682,"['mystery', 'fiction', 'horror']"
206731,"['philosophy', 'fiction', 'historical']"
206962,"['children', 'fiction', 'historical']"
207034,"['sci-fi', 'fiction', 'children']"
207153,"['children', 'fiction', 'historical']"
207266,"['children', 'fiction', 'graphic']"
207365,"['fantasy', 'horror', 'romance']"
207569,"['fiction', 'children', 'historical']"
207684,"['fantasy', 'romance', 'horror']"
207687,"['romance', 'mystery', 'fiction']"
207694,"['romance', 'fiction', 'historical']"
207781,"['fiction', 'nonfiction', 'poetry']"
207802,"['children', 'fiction', 'fantasy']"
208036,"['philosophy', 'historical', 'fiction']"
208146,"['children', 'fiction', 'historical']"
208324,"['historical', 'nonfiction', 'fiction']"
209194,"['mystery', 'fiction', 'historical']"
209631,"['children', 'fiction', 'historical']"
209966,"['graphic', 'fiction', 'sci-fi']"
210243,"['mystery', 'romance', 'fiction']"
210329,"['children', 'fantasy', 'fiction']"
210404,"['fiction', 'historical', 'nonfiction']"
210834,"['fiction', 'historical', 'horror']"
211099,"['historical', 'fiction', 'nonfiction']"
212525,"['historical', 'fiction', 'nonfiction']"
213233,"['fiction', 'nonfiction', 'historical']"
213367,"['philosophy', 'fiction', 'historical']"
213647,"['fantasy', 'horror', 'fiction']"
213753,"['sci-fi', 'fiction', 'horror']"
213975,"['mystery', 'romance', 'fiction']"
214332,"['philosophy', 'fiction', 'poetry']"
214333,"['philosophy', 'fiction', 'nonfiction']"
214579,"['fiction', 'philosophy', 'historical']"
214614,"['fiction', 'historical', 'nonfiction']"
214856,"['fantasy', 'children', 'fiction']"
215492,"['mystery', 'fiction', 'historical']"
215539,"['fantasy', 'fiction', 'sci-fi']"
215540,"['fantasy', 'fiction', 'sci-fi']"
215541,"['fantasy', 'fiction', 'sci-fi']"
215542,"['fantasy', 'fiction', 'sci-fi']"
215543,"['fantasy', 'fiction', 'children']"
215631,"['fiction', 'poetry', 'children']"
215643,"['romance', 'horror', 'fantasy']"
216048,"['children', 'fiction', 'historical']"
216131,"['mystery', 'fiction']"
216304,"['fiction', 'philosophy', 'romance']"
216363,"['fiction', 'sci-fi', 'historical']"
216377,"['fiction', 'sci-fi', 'fantasy']"
216422,"['historical', 'fiction', 'sci-fi']"
216442,"['historical', 'fiction', 'sci-fi']"
216443,"['historical', 'fiction', 'sci-fi']"
217376,"['graphic', 'romance', 'fiction']"
217432,"['fiction', 'romance', 'children']"
217433,"['fiction', 'romance', 'children']"
217436,"['romance', 'fiction', 'children']"
218357,"['fiction', 'nonfiction', 'romance']"
218427,"['fiction', 'sci-fi', 'historical']"
218467,"['sci-fi', 'fiction', 'horror']"
218659,"['fiction', 'nonfiction', 'historical']"
219205,"['fantasy', 'fiction', 'sci-fi']"
219499,"['fiction', 'fantasy', 'sci-fi']"
219535,"['horror', 'fiction', 'mystery']"
219919,"['fiction', 'historical', 'philosophy']"
220826,"['fiction', 'historical', 'romance']"
220968,"['mystery', 'fiction', 'children']"
220969,"['mystery', 'fiction', 'children']"
220970,"['mystery', 'fiction', 'children']"
221059,"['fiction', 'sci-fi', 'fantasy']"
221298,"['fiction', 'historical', 'fantasy']"
222078,"['historical', 'fiction', 'nonfiction']"
222458,"['fiction', 'children', 'fantasy']"
222576,"['fantasy', 'children', 'fiction']"
223380,"['fiction', 'nonfiction', 'fantasy']"
223462,"['fiction', 'romance', 'horror']"
223838,"['fiction', 'philosophy', 'historical']"
224410,"['historical', 'horror', 'graphic']"
224500,"['mystery', 'horror', 'children']"
225038,"['children', 'fantasy', 'fiction']"
225343,"['fiction', 'historical', 'romance']"
225545,"['children', 'fiction', 'graphic']"
225774,"['children', 'fiction', 'historical']"
226004,"['fiction', 'sci-fi', 'fantasy']"
226162,"['horror', 'fiction', 'mystery']"
226315,"['romance', 'fiction']"
226378,"['fiction', 'historical', 'children']"
226706,"['fiction', 'horror', 'mystery']"
226709,"['fiction', 'horror', 'mystery']"
226791,"['mystery', 'fiction', 'horror']"
226858,"['fiction', 'romance', 'children']"
227265,"['philosophy', 'fiction', 'historical']"
227280,"['romance', 'fiction']"
227443,"['romance', 'fiction', 'nonfiction']"
227454,"['fantasy', 'fiction', 'horror']"
227463,"['sci-fi', 'fiction', 'historical']"
227492,"['fiction', 'romance', 'nonfiction']"
227570,"['fantasy', 'fiction', 'children']"
227571,"['fiction', 'nonfiction', 'children']"
227590,"['mystery', 'fiction', 'romance']"
227593,"['fiction', 'historical', 'nonfiction']"
227603,"['historical', 'fiction', 'philosophy']"
227651,"['sci-fi', 'children', 'fiction']"
227658,"['fiction', 'children', 'sci-fi']"
227711,"['fiction', 'children', 'romance']"
227729,"['mystery', 'fiction', 'poetry']"
227778,"['fantasy', 'children', 'fiction']"
227865,"['fantasy', 'children', 'fiction']"
227941,"['romance', 'fiction', 'graphic']"
228063,"['graphic', 'fantasy', 'horror']"
228194,"['horror', 'fiction', 'nonfiction']"
228198,"['nonfiction', 'horror', 'fiction']"
228199,"['nonfiction', 'horror', 'fiction']"
228200,"['nonfiction', 'horror', 'fiction']"
228220,"['mystery', 'horror', 'fiction']"
228221,"['mystery', 'horror', 'fiction']"
228258,"['fiction', 'philosophy', 'fantasy']"
228261,"['fiction', 'philosophy', 'fantasy']"
228296,"['fiction', 'mystery', 'horror']"
228333,"['fiction', 'romance', 'historical']"
228534,"['fiction', 'romance', 'mystery']"
228560,"['fiction', 'historical', 'romance']"
228630,"['historical', 'fiction', 'children']"
228665,"['fantasy', 'fiction', 'horror']"
228696,"['children', 'fiction', 'historical']"
228765,"['philosophy', 'fiction', 'graphic']"
228990,"['fantasy', 'fiction', 'sci-fi']"
228992,"['fantasy', 'fiction', 'sci-fi']"
229123,"['fiction', 'historical', 'romance']"
229145,"['graphic', 'fantasy', 'children']"
229149,"['graphic', 'fantasy', 'romance']"
229432,"['fiction', 'historical', 'nonfiction']"
230003,"['romance', 'fiction', 'horror']"
231560,"['fiction', 'historical', 'children']"
231562,"['mystery', 'fiction', 'children']"
231585,"['mystery', 'fiction', 'historical']"
231604,"['mystery', 'fiction', 'nonfiction']"
231804,"['fiction', 'children', 'historical']"
231821,"['children', 'fiction', 'historical']"
231850,"['children', 'fiction', 'historical']"
231989,"['fantasy', 'fiction', 'sci-fi']"
232109,"['children', 'fiction', 'fantasy']"
232123,"['mystery', 'fiction', 'sci-fi']"
232145,"['mystery', 'fiction', 'sci-fi']"
232268,"['fiction', 'romance', 'philosophy']"
232576,"['children', 'fiction', 'historical']"
232577,"['fiction', 'historical', 'nonfiction']"
232958,"['children', 'fiction', 'graphic']"
233044,"['romance', 'fiction', 'mystery']"
233093,"['children', 'fiction', 'poetry']"
233389,"['historical', 'fiction', 'nonfiction']"
233637,"['mystery', 'children', 'fiction']"
233649,"['fantasy', 'fiction', 'horror']"
233667,"['horror', 'nonfiction', 'fiction']"
233691,"['graphic', 'fiction', 'nonfiction']"
233722,"['children', 'fiction', 'nonfiction']"
233818,"['children', 'fiction', 'historical']"
234184,"['fantasy', 'fiction', 'horror']"
234225,"['fiction', 'sci-fi', 'fantasy']"
234489,"['sci-fi', 'fiction', 'fantasy']"
234501,"['fiction', 'sci-fi', 'fantasy']"
234724,"['fiction', 'sci-fi', 'fantasy']"
235127,"['children', 'fiction', 'fantasy']"
235718,"['fantasy', 'horror', 'romance']"
235773,"['fiction', 'historical', 'romance']"
236056,"['children', 'fiction', 'historical']"
236093,"['historical', 'children', 'fiction']"
236208,"['horror', 'mystery', 'fiction']"
236862,"['mystery', 'fiction', 'nonfiction']"
237114,"['mystery', 'fiction', 'romance']"
237209,"['mystery', 'fiction', 'horror']"
237320,"['fiction', 'children', 'mystery']"
237665,"['children', 'fiction', 'historical']"
238125,"['mystery', 'romance', 'fiction']"
238126,"['mystery', 'romance', 'fiction']"
238127,"['mystery', 'romance', 'fiction']"
238137,"['mystery', 'romance', 'fiction']"
238139,"['mystery', 'romance', 'fiction']"
238140,"['mystery', 'romance', 'fiction']"
238141,"['mystery', 'romance', 'fiction']"
238142,"['mystery', 'romance', 'fiction']"
238360,"['romance', 'fiction', 'children']"
239102,"['fantasy', 'fiction', 'horror']"
239103,"['fantasy', 'fiction', 'nonfiction']"
239105,"['fantasy', 'fiction', 'horror']"
239107,"['fantasy', 'fiction', 'horror']"
239109,"['fantasy', 'fiction', 'horror']"
239186,"['fiction', 'historical', 'nonfiction']"
239239,"['fiction', 'fantasy', 'mystery']"
239381,"['children', 'fiction', 'graphic']"
239388,"['children', 'fiction', 'graphic']"
239399,"['fiction', 'sci-fi', 'fantasy']"
239509,"['fiction', 'philosophy', 'romance']"
239810,"['children', 'fiction', 'historical']"
239917,"['fantasy', 'fiction', 'sci-fi']"
240130,"['children', 'fantasy', 'fiction']"
240976,"['fiction', 'philosophy', 'historical']"
241387,"['fiction', 'nonfiction', 'romance']"
241823,"['fiction', 'philosophy', 'romance']"
241934,"['mystery', 'fiction', 'horror']"
241936,"['mystery', 'fiction', 'horror']"
241969,"['fiction', 'romance', 'children']"
242006,"['historical', 'fiction', 'nonfiction']"
242157,"['fiction', 'romance', 'children']"
242472,"['fiction', 'nonfiction', 'philosophy']"
243298,"['fantasy', 'fiction', 'horror']"
243308,"['fiction', 'historical', 'romance']"
243598,"['fiction', 'historical', 'poetry']"
243601,"['fiction', 'historical', 'mystery']"
243685,"['philosophy', 'historical', 'fiction']"
243705,"['fiction', 'mystery', 'historical']"
244102,"['mystery', 'fiction', 'historical']"
244115,"['children', 'fiction', 'fantasy']"
244383,"['philosophy', 'fiction', 'poetry']"
244572,"['fantasy', 'children', 'fiction']"
245700,"['fantasy', 'fiction', 'nonfiction']"
246225,"['mystery', 'fiction', 'historical']"
246468,"['fiction', 'fantasy', 'historical']"
246546,"['fiction', 'children', 'historical']"
248470,"['fantasy', 'children', 'fiction']"
248482,"['fantasy', 'children', 'fiction']"
248483,"['romance', 'fiction', 'nonfiction']"
248484,"['fantasy', 'children', 'fiction']"
248596,"['fiction', 'horror', 'fantasy']"
248682,"['romance', 'fantasy', 'horror']"
248704,"['fiction', 'romance', 'philosophy']"
248787,"['fiction', 'nonfiction', 'historical']"
248871,"['graphic', 'fantasy', 'horror']"
249042,"['historical', 'philosophy', 'fiction']"
249747,"['fantasy', 'children', 'fiction']"
250024,"['fiction', 'sci-fi', 'fantasy']"
250729,"['fiction', 'mystery', 'romance']"
251446,"['fiction', 'historical', 'children']"
251519,"['fiction', 'romance', 'horror']"
251665,"['fiction', 'historical', 'romance']"
251688,"['historical', 'fiction', 'nonfiction']"
251762,"['fiction', 'nonfiction', 'philosophy']"
251964,"['romance', 'historical', 'fiction']"
252499,"['fiction', 'historical', 'romance']"
252577,"['historical', 'fiction', 'nonfiction']"
252938,"['fantasy', 'historical', 'children']"
252999,"['romance', 'horror', 'fantasy']"
253058,"['fantasy', 'fiction', 'romance']"
253106,"['fiction', 'romance', 'children']"
253264,"['fiction', 'historical', 'children']"
254308,"['historical', 'fiction', 'poetry']"
254799,"['fiction', 'poetry', 'nonfiction']"
255127,"['fiction', 'nonfiction', 'philosophy']"
255458,"['philosophy', 'fiction', 'graphic']"
256008,"['fiction', 'historical', 'horror']"
256566,"['fiction', 'historical', 'fantasy']"
256598,"['fantasy', 'horror', 'children']"
256683,"['horror', 'fantasy', 'romance']"
257257,"['fiction', 'historical', 'nonfiction']"
257845,"['fiction', 'historical', 'horror']"
257990,"['mystery', 'fiction', 'romance']"
259538,"['mystery', 'fiction', 'horror']"
259836,"['fantasy', 'fiction', 'horror']"
260025,"['fantasy', 'fiction', 'sci-fi']"
260791,"['philosophy', 'fiction', 'poetry']"
261083,"['fiction', 'historical', 'fantasy']"
261122,"['horror', 'fantasy', 'romance']"
261161,"['fiction', 'romance', 'children']"
261240,"['historical', 'horror', 'fiction']"
261243,"['historical', 'fiction', 'nonfiction']"
261331,"['fiction', 'romance', 'historical']"
261604,"['fantasy', 'fiction', 'romance']"
261689,"['romance', 'fiction', 'historical']"
262228,"['mystery', 'fiction', 'romance']"
262229,"['mystery', 'fiction', 'romance']"
262430,"['fantasy', 'children', 'fiction']"
262545,"['fiction', 'historical', 'nonfiction']"
262731,"['philosophy', 'fiction', 'nonfiction']"
263050,"['fiction', 'romance', 'horror']"
263145,"['horror', 'graphic', 'romance']"
263147,"['horror', 'romance', 'fantasy']"
263148,"['horror', 'romance', 'fantasy']"
263149,"['horror', 'romance', 'fantasy']"
263171,"['horror', 'romance', 'fantasy']"
263172,"['horror', 'romance', 'fantasy']"
263173,"['graphic', 'horror', 'romance']"
263179,"['horror', 'romance', 'fantasy']"
264158,"['poetry', 'historical', 'horror']"
264778,"['fiction', 'historical', 'horror']"
265205,"['philosophy', 'fiction', 'nonfiction']"
265264,"['fiction', 'philosophy', 'fantasy']"
265650,"['historical', 'fiction', 'poetry']"
266607,"['fantasy', 'horror', 'fiction']"
266765,"['children', 'romance', 'fiction']"
266904,"['children', 'fiction', 'historical']"
267243,"['fiction', 'historical', 'nonfiction']"
267869,"['mystery', 'fiction', 'historical']"
267972,"['horror', 'children', 'fiction']"
268275,"['mystery', 'romance', 'fiction']"
268559,"['horror', 'mystery', 'fiction']"
268598,"['mystery', 'romance', 'sci-fi']"
268601,"['mystery', 'romance', 'fiction']"
268602,"['mystery', 'romance', 'fiction']"
268604,"['mystery', 'romance', 'fiction']"
268955,"['children', 'fantasy', 'fiction']"
269322,"['poetry', 'historical', 'horror']"
269386,"['fiction', 'historical', 'romance']"
269746,"['mystery', 'fiction', 'romance']"
269795,"['fiction', 'poetry', 'historical']"
270032,"['historical', 'fiction', 'horror']"
270067,"['children', 'fiction', 'historical']"
270435,"['philosophy', 'fiction', 'nonfiction']"
270521,"['mystery', 'fiction', 'historical']"
270730,"['fiction', 'poetry', 'romance']"
270804,"['poetry', 'fiction', 'romance']"
270805,"['fiction', 'poetry', 'romance']"
270807,"['fiction', 'poetry', 'romance']"
271199,"['graphic', 'fantasy', 'romance']"
271264,"['graphic', 'fantasy', 'horror']"
272264,"['mystery', 'fiction', 'romance']"
272315,"['romance', 'fiction', 'children']"
272607,"['mystery', 'fiction', 'nonfiction']"
272895,"['children', 'fiction', 'historical']"
273511,"['historical', 'fantasy', 'children']"
273512,"['historical', 'fantasy', 'children']"
275000,"['children', 'fiction', 'horror']"
275245,"['historical', 'fiction', 'nonfiction']"
275247,"['historical', 'children', 'fiction']"
276287,"['fiction', 'nonfiction', 'graphic']"
276289,"['nonfiction', 'fiction', 'historical']"
276342,"['fiction', 'romance', 'children']"
276877,"['mystery', 'romance', 'fiction']"
277190,"['fantasy', 'children', 'fiction']"
277191,"['fantasy', 'children', 'fiction']"
277397,"['fiction', 'children', 'nonfiction']"
278102,"['romance', 'fiction', 'children']"
279561,"['sci-fi', 'fiction', 'fantasy']"
279692,"['children', 'fiction', 'graphic']"
280111,"['philosophy', 'fiction', 'historical']"
280125,"['fantasy', 'fiction', 'horror']"
280240,"['children', 'fiction', 'historical']"
280277,"['children', 'fiction', 'fantasy']"
280366,"['mystery', 'fiction', 'horror']"
280410,"['fiction', 'historical', 'nonfiction']"
280958,"['graphic', 'fiction', 'mystery']"
281235,"['children', 'horror', 'fantasy']"
281350,"['mystery', 'fiction', 'nonfiction']"
281433,"['horror', 'mystery', 'fiction']"
281512,"['philosophy', 'fiction', 'poetry']"
282282,"['graphic', 'romance', 'fiction']"
282356,"['graphic', 'romance', 'fiction']"
282425,"['graphic', 'romance', 'fiction']"
283494,"['fantasy', 'horror', 'romance']"
284195,"['romance', 'fiction', 'mystery']"
284440,"['fantasy', 'horror', 'children']"
284698,"['graphic', 'fantasy', 'romance']"
284996,"['fiction', 'nonfiction', 'historical']"
285011,"['fiction', 'mystery', 'romance']"
285092,"['fiction', 'romance', 'poetry']"
285205,"['fantasy', 'horror', 'romance']"
285212,"['fantasy', 'horror', 'romance']"
285500,"['historical', 'fiction', 'nonfiction']"
286507,"['fantasy', 'fiction', 'horror']"
286957,"['historical', 'nonfiction', 'horror']"
287380,"['graphic', 'romance', 'fiction']"
287633,"['romance', 'horror', 'fantasy']"
287655,"['romance', 'fiction', 'historical']"
287861,"['sci-fi', 'fiction', 'fantasy']"
288644,"['fiction', 'historical', 'romance']"
289029,"['fiction', 'philosophy', 'poetry']"
289601,"['horror', 'fantasy', 'romance']"
289644,"['fiction', 'romance', 'philosophy']"
289695,"['fantasy', 'fiction', 'children']"
290039,"['fiction', 'romance', 'nonfiction']"
290628,"['fantasy', 'fiction', 'nonfiction']"
290882,"['philosophy', 'historical', 'fiction']"
291354,"['fantasy', 'fiction', 'horror']"
291356,"['fantasy', 'fiction', 'horror']"
291364,"['children', 'fiction', 'mystery']"
292275,"['fiction', 'historical', 'children']"
292408,"['fiction', 'historical', 'nonfiction']"
292740,"['fiction', 'mystery', 'historical']"
293101,"['horror', 'fiction', 'mystery']"
293595,"['children', 'fiction', 'poetry']"
293625,"['fiction', 'horror', 'nonfiction']"
294042,"['mystery', 'fiction', 'horror']"
294043,"['mystery', 'fiction', 'horror']"
294044,"['mystery', 'fiction', 'horror']"
294045,"['mystery', 'fiction', 'horror']"
294046,"['mystery', 'fiction', 'horror']"
294047,"['mystery', 'fiction', 'horror']"
294081,"['fiction', 'nonfiction', 'poetry']"
294430,"['fiction', 'mystery', 'horror']"
294613,"['children', 'fiction', 'historical']"
294951,"['fiction', 'historical', 'poetry']"
294963,"['graphic', 'fiction', 'historical']"
295086,"['fantasy', 'historical', 'children']"
295132,"['philosophy', 'fiction', 'poetry']"
295169,"['fantasy', 'fiction', 'children']"
295305,"['fiction', 'children', 'horror']"
295649,"['fiction', 'horror', 'historical']"
295834,"['children', 'fantasy', 'fiction']"
295961,"['fiction', 'mystery', 'historical']"
296125,"['children', 'fiction', 'historical']"
296264,"['historical', 'fiction', 'horror']"
296298,"['fiction', 'mystery', 'horror']"
296302,"['fiction', 'romance', 'children']"
296662,"['fiction', 'historical', 'nonfiction']"
296942,"['historical', 'fantasy', 'children']"
297134,"['fiction', 'romance', 'children']"
297135,"['fiction', 'romance', 'children']"
297186,"['mystery', 'fiction', 'children']"
297249,"['children', 'fiction', 'mystery']"
297627,"['fiction', 'fantasy', 'graphic']"
297673,"['fiction', 'fantasy', 'historical']"
297792,"['children', 'fiction', 'fantasy']"
298137,"['historical', 'fiction', 'nonfiction']"
298230,"['historical', 'fiction', 'romance']"
298275,"['philosophy', 'fiction', 'historical']"
298567,"['fantasy', 'horror', 'children']"
298568,"['horror', 'fantasy', 'children']"
298663,"['mystery', 'fiction', 'horror']"
298730,"['sci-fi', 'children', 'fiction']"
298816,"['historical', 'fiction', 'philosophy']"
299215,"['nonfiction', 'fiction', 'historical']"
299384,"['children', 'fiction', 'fantasy']"
300044,"['sci-fi', 'fiction', 'romance']"
300225,"['mystery', 'fiction', 'romance']"
300226,"['mystery', 'fiction', 'romance']"
300650,"['children', 'fiction', 'nonfiction']"
300905,"['fiction', 'mystery', 'historical']"
301022,"['fiction', 'romance', 'children']"
301023,"['fiction', 'romance', 'children']"
301082,"['horror', 'fantasy', 'romance']"
301538,"['fantasy', 'fiction', 'philosophy']"
301736,"['children', 'fiction', 'historical']"
302625,"['fiction', 'sci-fi', 'fantasy']"
302998,"['fiction', 'historical', 'children']"
303098,"['mystery', 'fiction', 'horror']"
303454,"['sci-fi', 'children', 'fiction']"
303460,"['sci-fi', 'fiction', 'children']"
303472,"['sci-fi', 'fiction', 'children']"
304027,"['romance', 'horror', 'fantasy']"
304079,"['philosophy', 'fiction', 'poetry']"
305234,"['fantasy', 'romance', 'horror']"
306364,"['romance', 'fiction', 'nonfiction']"
306654,"['fiction', 'historical', 'children']"
307791,"['sci-fi', 'fiction', 'children']"
308540,"['children', 'horror', 'fiction']"
310146,"['fiction', 'children', 'historical']"
310258,"['children', 'fiction', 'historical']"
310259,"['children', 'fiction', 'historical']"
310272,"['children', 'fiction', 'poetry']"
310459,"['fiction', 'children', 'historical']"
310612,"['fiction', 'historical', 'nonfiction']"
311196,"['romance', 'fiction', 'historical']"
312043,"['fantasy', 'children', 'fiction']"
312050,"['fantasy', 'children', 'fiction']"
313256,"['horror', 'romance', 'fantasy']"
313263,"['romance', 'horror', 'fantasy']"
313267,"['romance', 'horror', 'fantasy']"
313605,"['fiction', 'philosophy', 'nonfiction']"
313620,"['philosophy', 'fiction', 'poetry']"
313631,"['philosophy', 'fiction', 'historical']"
313998,"['fiction', 'sci-fi', 'nonfiction']"
315425,"['fiction', 'nonfiction', 'philosophy']"
315519,"['fiction', 'historical', 'romance']"
315578,"['historical', 'fiction', 'nonfiction']"
315882,"['fiction', 'children', 'historical']"
316445,"['fiction', 'romance', 'children']"
316496,"['fiction', 'historical', 'romance']"
316558,"['fiction', 'historical', 'romance']"
316845,"['historical', 'fiction', 'children']"
317282,"['fiction', 'romance', 'children']"
317504,"['fantasy', 'fiction', 'historical']"
318404,"['children', 'fiction', 'poetry']"
318431,"['historical', 'fiction', 'nonfiction']"
318525,"['fiction', 'mystery', 'historical']"
318742,"['historical', 'fiction', 'nonfiction']"
319300,"['historical', 'fiction', 'nonfiction']"
319644,"['fantasy', 'children', 'fiction']"
320167,"['mystery', 'fiction', 'sci-fi']"
320700,"['horror', 'fiction', 'nonfiction']"
321545,"['mystery', 'fiction', 'historical']"
321552,"['fiction', 'historical', 'nonfiction']"
321577,"['fiction', 'historical', 'nonfiction']"
321645,"['romance', 'horror', 'fantasy']"
322351,"['children', 'fiction', 'historical']"
323289,"['mystery', 'romance', 'fiction']"
323355,"['philosophy', 'fiction', 'historical']"
324277,"['children', 'fiction', 'fantasy']"
324737,"['philosophy', 'fiction', 'poetry']"
324748,"['fiction', 'philosophy', 'nonfiction']"
325085,"['historical', 'fiction', 'romance']"
325128,"['historical', 'fiction', 'horror']"
325416,"['children', 'fiction', 'historical']"
325421,"['children', 'historical', 'fiction']"
326272,"['fiction', 'historical', 'poetry']"
327194,"['children', 'fiction', 'historical']"
327242,"['nonfiction', 'fiction', 'graphic']"
327246,"['fiction', 'nonfiction', 'graphic']"
327255,"['mystery', 'fiction', 'historical']"
327847,"['fiction', 'historical', 'nonfiction']"
328802,"['fiction', 'children', 'historical']"
328854,"['fiction', 'mystery', 'nonfiction']"
328907,"['fiction', 'historical', 'horror']"
330721,"['romance', 'historical', 'fiction']"
330744,"['graphic', 'fantasy', 'horror']"
330760,"['fiction', 'historical', 'poetry']"
330944,"['fiction', 'historical', 'fantasy']"
330947,"['fiction', 'historical', 'fantasy']"
331256,"['sci-fi', 'fiction', 'fantasy']"
331319,"['fiction', 'historical', 'mystery']"
331695,"['historical', 'fiction', 'romance']"
331701,"['children', 'fiction', 'historical']"
331920,"['romance', 'fiction', 'children']"
332348,"['fiction', 'mystery', 'romance']"
332613,"['fiction', 'historical', 'philosophy']"
332631,"['fiction', 'sci-fi', 'graphic']"
332775,"['sci-fi', 'fantasy', 'fiction']"
333538,"['fiction', 'historical', 'philosophy']"
333867,"['sci-fi', 'fiction', 'fantasy']"
333907,"['mystery', 'fiction', 'historical']"
334123,"['fantasy', 'fiction', 'children']"
334176,"['fiction', 'sci-fi', 'fantasy']"
334286,"['fiction', 'historical', 'philosophy']"
334643,"['fantasy', 'fiction', 'horror']"
334818,"['children', 'fiction', 'historical']"
335397,"['historical', 'fiction', 'horror']"
335459,"['fiction', 'nonfiction']"
336161,"['children', 'fiction', 'nonfiction']"
336245,"['fantasy', 'historical', 'children']"
337058,"['fiction', 'children', 'historical']"
337113,"['fiction', 'romance', 'historical']"
337116,"['fiction', 'sci-fi', 'historical']"
337615,"['fiction', 'philosophy', 'historical']"
337623,"['mystery', 'fiction', 'horror']"
338691,"['mystery', 'fiction', 'horror']"
338798,"['fiction', 'historical', 'poetry']"
339026,"['fantasy', 'children', 'horror']"
341027,"['romance', 'horror', 'fantasy']"
341281,"['historical', 'fiction', 'romance']"
341553,"['mystery', 'fiction', 'horror']"
341735,"['fiction', 'sci-fi', 'fantasy']"
341879,"['historical', 'fiction', 'poetry']"
342240,"['mystery', 'romance', 'fiction']"
342445,"['fantasy', 'graphic', 'fiction']"
342504,"['fiction', 'philosophy', 'nonfiction']"
342637,"['nonfiction', 'fiction', 'historical']"
342667,"['romance', 'fiction']"
342994,"['children', 'historical', 'fiction']"
343614,"['philosophy', 'fiction', 'poetry']"
343718,"['fiction', 'children', 'horror']"
343881,"['fiction', 'historical', 'children']"
344262,"['fantasy', 'horror', 'romance']"
345299,"['fantasy', 'fiction', 'nonfiction']"
345627,"['fantasy', 'horror', 'romance']"
346087,"['fantasy', 'fiction', 'horror']"
347143,"['fiction', 'philosophy', 'romance']"
347577,"['romance', 'fiction', 'children']"
347610,"['historical', 'fiction', 'nonfiction']"
347656,"['philosophy', 'fiction', 'poetry']"
347698,"['fiction', 'historical', 'children']"
347852,"['philosophy', 'fiction', 'poetry']"
348225,"['fiction', 'historical', 'romance']"
348489,"['children', 'historical', 'fiction']"
348564,"['children', 'fiction', 'fantasy']"
348573,"['children', 'fantasy', 'fiction']"
348632,"['fiction', 'historical', 'romance']"
349090,"['sci-fi', 'fiction', 'fantasy']"
349129,"['children', 'fiction', 'historical']"
349254,"['fiction', 'fantasy', 'nonfiction']"
349473,"['nonfiction', 'horror', 'mystery']"
349929,"['fiction', 'historical', 'children']"
350065,"['fiction', 'romance', 'nonfiction']"
350684,"['historical', 'romance', 'fiction']"
351023,"['children', 'fantasy', 'fiction']"
351064,"['horror', 'nonfiction', 'historical']"
351559,"['mystery', 'fiction', 'historical']"
351648,"['mystery', 'fiction', 'children']"
352262,"['fantasy', 'children', 'fiction']"
352383,"['fiction', 'historical', 'children']"
352921,"['mystery', 'fiction', 'horror']"
353342,"['fiction', 'children', 'historical']"
353814,"['mystery', 'fiction', 'historical']"
355190,"['fiction', 'historical', 'philosophy']"
355697,"['fiction', 'historical', 'children']"
355916,"['fantasy', 'children', 'fiction']"
355917,"['fantasy', 'children', 'fiction']"
356321,"['children', 'fiction', 'historical']"
356373,"['philosophy', 'fiction', 'poetry']"
356824,"['historical', 'fiction', 'nonfiction']"
356896,"['fiction', 'philosophy', 'poetry']"
357636,"['philosophy', 'fiction', 'historical']"
357664,"['children', 'fiction', 'historical']"
359194,"['philosophy', 'fiction', 'nonfiction']"
359375,"['fantasy', 'horror', 'fiction']"
359410,"['fantasy', 'fiction', 'horror']"
359461,"['fiction', 'mystery', 'romance']"
359463,"['fiction', 'mystery', 'romance']"
359581,"['fantasy', 'fiction', 'sci-fi']"
359770,"['fiction', 'mystery', 'nonfiction']"
360562,"['fiction', 'historical', 'horror']"
361081,"['mystery', 'fiction', 'horror']"
361459,"['historical', 'fiction', 'philosophy']"
363752,"['romance', 'fiction', 'nonfiction']"
363851,"['fiction', 'children', 'mystery']"
363973,"['children', 'horror', 'fiction']"
364089,"['fiction', 'mystery', 'historical']"
364550,"['philosophy', 'historical', 'nonfiction']"
364826,"['historical', 'fiction', 'philosophy']"
365006,"['fiction', 'mystery', 'horror']"
365990,"['fiction', 'nonfiction', 'historical']"
366337,"['romance', 'fiction', 'children']"
366346,"['romance', 'fiction', 'nonfiction']"
366522,"['romance', 'fiction', 'nonfiction']"
367802,"['poetry', 'fiction', 'historical']"
368468,"['fiction', 'children', 'historical']"
368593,"['fiction', 'philosophy', 'nonfiction']"
368772,"['fiction', 'historical', 'nonfiction']"
368916,"['fiction', 'historical', 'nonfiction']"
369110,"['fiction', 'historical', 'romance']"
370057,"['fiction', 'mystery', 'romance']"
370493,"['children', 'fiction', 'historical']"
371456,"['fiction', 'historical', 'nonfiction']"
371787,"['fantasy', 'fiction', 'horror']"
372319,"['historical', 'fiction', 'children']"
372384,"['mystery', 'fiction', 'nonfiction']"
372385,"['mystery', 'fiction', 'nonfiction']"
372638,"['children', 'fiction', 'historical']"
373606,"['romance', 'fiction', 'nonfiction']"
373755,"['fiction', 'historical', 'nonfiction']"
373915,"['horror', 'nonfiction', 'fiction']"
373925,"['fiction', 'horror', 'historical']"
374233,"['fiction', 'historical', 'fantasy']"
375013,"['historical', 'fiction', 'nonfiction']"
375802,"['fiction', 'sci-fi', 'fantasy']"
375901,"['children', 'fiction', 'historical']"
376514,"['mystery', 'fiction', 'historical']"
376561,"['fiction', 'historical', 'sci-fi']"
376613,"['mystery', 'fiction', 'sci-fi']"
377425,"['fiction', 'mystery', 'historical']"
379316,"['mystery', 'horror', 'fiction']"
380975,"['mystery', 'fiction', 'romance']"
380976,"['mystery', 'fiction', 'romance']"
381102,"['fiction', 'fantasy', 'romance']"
381421,"['philosophy', 'fiction', 'poetry']"
381440,"['philosophy', 'fiction', 'nonfiction']"
381489,"['romance', 'fiction', 'mystery']"
381704,"['fiction', 'romance', 'nonfiction']"
381787,"['fiction', 'philosophy', 'historical']"
382450,"['horror', 'fantasy', 'fiction']"
382549,"['mystery', 'fiction', 'horror']"
382680,"['mystery', 'fiction', 'fantasy']"
383028,"['mystery', 'fiction', 'children']"
383196,"['poetry', 'fiction', 'historical']"
383206,"['historical', 'fiction', 'romance']"
383514,"['mystery', 'fiction', 'historical']"
384457,"['romance', 'mystery', 'fiction']"
384597,"['fiction', 'historical', 'children']"
385228,"['fiction', 'philosophy', 'historical']"
385255,"['fiction', 'historical', 'philosophy']"
385706,"['fantasy', 'children', 'fiction']"
385742,"['fantasy', 'children', 'fiction']"
386142,"['romance', 'fiction', 'nonfiction']"
386187,"['fiction', 'mystery', 'historical']"
386234,"['children', 'fiction', 'historical']"
386286,"['children', 'fiction', 'historical']"
386372,"['fantasy', 'fiction', 'horror']"
386421,"['children', 'fiction', 'fantasy']"
387749,"['fiction', 'historical', 'philosophy']"
388018,"['mystery', 'fiction', 'historical']"
388223,"['historical', 'fiction', 'horror']"
389627,"['children', 'fiction', 'graphic']"
389763,"['philosophy', 'fiction', 'poetry']"
389827,"['fiction', 'romance', 'historical']"
390305,"['mystery', 'fiction', 'romance']"
390711,"['fiction', 'historical', 'mystery']"
391724,"['horror', 'historical', 'nonfiction']"
391729,"['historical', 'horror', 'fiction']"
392217,"['mystery', 'fiction', 'poetry']"
392297,"['graphic', 'mystery', 'fiction']"
392431,"['fiction', 'historical', 'children']"
392563,"['poetry', 'fiction', 'historical']"
393060,"['fiction', 'romance', 'nonfiction']"
393145,"['fantasy', 'fiction', 'horror']"
393146,"['fantasy', 'fiction', 'horror']"
393199,"['fiction', 'historical', 'nonfiction']"
394228,"['mystery', 'fiction', 'horror']"
394469,"['fiction', 'nonfiction', 'historical']"
394535,"['fiction', 'historical', 'horror']"
394683,"['children', 'fiction', 'graphic']"
394772,"['children', 'fiction', 'graphic']"
394841,"['fiction', 'children', 'fantasy']"
395090,"['poetry', 'historical', 'fiction']"
395182,"['fiction', 'historical', 'sci-fi']"
395220,"['historical', 'romance', 'fiction']"
395233,"['historical', 'fiction', 'nonfiction']"
395851,"['horror', 'fantasy', 'romance']"
395871,"['horror', 'romance', 'fantasy']"
395875,"['horror', 'fantasy', 'romance']"
395922,"['horror', 'romance', 'fantasy']"
395962,"['fantasy', 'romance', 'fiction']"
396266,"['fiction', 'romance', 'historical']"
397456,"['fiction', 'horror', 'romance']"
397466,"['fiction', 'horror', 'romance']"
397860,"['horror', 'fiction', 'mystery']"
397867,"['horror', 'fiction', 'mystery']"
398323,"['fiction', 'nonfiction', 'historical']"
400354,"['fantasy', 'fiction', 'mystery']"
400412,"['poetry', 'historical', 'fiction']"
400881,"['fantasy', 'fiction', 'horror']"
400906,"['fantasy', 'fiction', 'horror']"
400924,"['fantasy', 'fiction', 'horror']"
401514,"['fiction', 'historical', 'horror']"
401679,"['children', 'fiction', 'poetry']"
401876,"['fiction', 'historical', 'nonfiction']"
402013,"['fiction', 'romance', 'children']"
402014,"['fiction', 'romance', 'children']"
402015,"['fiction', 'romance', 'children']"
402017,"['fiction', 'nonfiction']"
402045,"['fantasy', 'fiction', 'nonfiction']"
402093,"['fiction', 'historical', 'horror']"
402128,"['poetry', 'historical', 'fiction']"
402843,"['philosophy', 'fiction', 'historical']"
404223,"['fantasy', 'fiction', 'sci-fi']"
404562,"['children', 'fiction', 'historical']"
406373,"['historical', 'fiction', 'poetry']"
407234,"['romance', 'horror', 'mystery']"
407429,"['children', 'fiction', 'fantasy']"
407813,"['fantasy', 'fiction', 'romance']"
407999,"['fiction', 'nonfiction', 'historical']"
408615,"['historical', 'fiction', 'philosophy']"
409918,"['mystery', 'fiction', 'horror']"
410445,"['mystery', 'fiction', 'romance']"
411053,"['fiction', 'nonfiction', 'historical']"
411527,"['fiction', 'children', 'romance']"
412732,"['fiction', 'historical', 'philosophy']"
413158,"['children', 'fiction', 'poetry']"
414298,"['fiction', 'sci-fi', 'nonfiction']"
414895,"['fiction', 'sci-fi', 'historical']"
414999,"['fiction', 'sci-fi', 'fantasy']"
416580,"['fiction', 'historical', 'mystery']"
417524,"['children', 'fiction', 'historical']"
417780,"['children', 'fiction', 'historical']"
419083,"['fiction', 'historical', 'mystery']"
419103,"['graphic', 'mystery', 'fiction']"
420278,"['poetry', 'fiction', 'historical']"
420282,"['children', 'fiction', 'historical']"
420297,"['children', 'fiction', 'historical']"
420404,"['children', 'fiction', 'historical']"
420496,"['fantasy', 'fiction', 'horror']"
420734,"['romance', 'mystery', 'fiction']"
420739,"['romance', 'mystery', 'fiction']"
421129,"['horror', 'romance', 'fantasy']"
421549,"['romance', 'fiction', 'children']"
422452,"['fiction', 'sci-fi', 'fantasy']"
423156,"['children', 'fiction', 'historical']"
425029,"['mystery', 'fiction', 'horror']"
425123,"['mystery', 'fiction', 'nonfiction']"
425124,"['mystery', 'fiction', 'nonfiction']"
425377,"['romance', 'historical', 'fiction']"
426025,"['historical', 'nonfiction', 'fiction']"
426030,"['fiction', 'mystery', 'romance']"
426504,"['fiction', 'nonfiction', 'fantasy']"
426625,"['children', 'fiction', 'graphic']"
426775,"['romance', 'fiction', 'nonfiction']"
426825,"['fiction', 'historical', 'mystery']"
427920,"['fiction', 'nonfiction', 'poetry']"
428042,"['fantasy', 'fiction', 'horror']"
428223,"['historical', 'fiction', 'nonfiction']"
428263,"['horror', 'fantasy', 'romance']"
428862,"['fiction', 'poetry', 'nonfiction']"
429024,"['historical', 'fiction', 'nonfiction']"
429138,"['fiction', 'historical', 'horror']"
429883,"['fantasy', 'fiction', 'horror']"
430968,"['fiction', 'historical', 'romance']"
432020,"['graphic', 'fantasy', 'horror']"
432283,"['fiction', 'historical', 'nonfiction']"
433035,"['mystery', 'fiction', 'historical']"
433533,"['historical', 'fiction', 'children']"
433567,"['fiction', 'nonfiction', 'historical']"
434229,"['mystery', 'fiction', 'horror']"
434535,"['philosophy', 'fiction', 'poetry']"
434764,"['philosophy', 'fiction', 'poetry']"
435045,"['romance', 'horror', 'fantasy']"
436806,"['fiction', 'romance', 'horror']"
437885,"['children', 'fiction', 'historical']"
438024,"['children', 'fiction', 'romance']"
438492,"['children', 'fiction', 'fantasy']"
439173,"['children', 'fiction', 'nonfiction']"
439275,"['romance', 'fiction', 'children']"
439288,"['fiction', 'children', 'historical']"
439363,"['graphic', 'romance', 'fiction']"
440960,"['graphic', 'fiction', 'mystery']"
441618,"['fiction', 'philosophy', 'poetry']"
443540,"['fiction', 'romance', 'historical']"
444304,"['fantasy', 'children', 'fiction']"
444347,"['mystery', 'children', 'fiction']"
444381,"['children', 'fiction', 'fantasy']"
448836,"['philosophy', 'nonfiction', 'fiction']"
448873,"['fantasy', 'fiction', 'horror']"
450573,"['fiction', 'historical', 'poetry']"
450836,"['fiction', 'philosophy', 'historical']"
452157,"['fiction', 'fantasy', 'nonfiction']"
452235,"['mystery', 'fiction', 'horror']"
452244,"['horror', 'fiction', 'fantasy']"
452306,"['fiction', 'romance', 'children']"
454236,"['fiction', 'historical', 'horror']"
454856,"['historical', 'fiction', 'philosophy']"
455373,"['fiction', 'sci-fi', 'mystery']"
455764,"['horror', 'fiction', 'mystery']"
455925,"['mystery', 'fiction', 'children']"
455930,"['mystery', 'fiction', 'children']"
455941,"['mystery', 'fiction', 'children']"
456028,"['fiction', 'fantasy', 'mystery']"
456057,"['fiction', 'mystery', 'fantasy']"
457264,"['fiction', 'philosophy', 'nonfiction']"
457457,"['romance', 'fiction', 'nonfiction']"
457762,"['children', 'fiction', 'fantasy']"
458034,"['romance', 'horror', 'fantasy']"
459064,"['fantasy', 'fiction', 'horror']"
459386,"['mystery', 'fiction', 'nonfiction']"
460548,"['children', 'fiction', 'historical']"
460635,"['fiction', 'fantasy', 'nonfiction']"
460717,"['fiction', 'mystery', 'horror']"
462033,"['mystery', 'fiction', 'historical']"
462684,"['children', 'fiction', 'nonfiction']"
464260,"['fiction', 'historical', 'nonfiction']"
465226,"['mystery', 'fiction', 'historical']"
465904,"['fiction', 'fantasy', 'sci-fi']"
467032,"['horror', 'fiction', 'mystery']"
468070,"['fiction', 'nonfiction', 'fantasy']"
469571,"['fiction', 'historical', 'nonfiction']"
469901,"['romance', 'mystery', 'fiction']"
470495,"['historical', 'fiction', 'nonfiction']"
472025,"['philosophy', 'fiction', 'nonfiction']"
472331,"['fiction', 'sci-fi', 'fantasy']"
472343,"['horror', 'nonfiction', 'fiction']"
473623,"['children', 'historical', 'fantasy']"
474634,"['romance', 'fiction', 'nonfiction']"
474858,"['children', 'fiction', 'fantasy']"
475276,"['graphic', 'fantasy', 'romance']"
475339,"['children', 'fiction', 'historical']"
476543,"['romance', 'horror', 'fantasy']"
477338,"['fantasy', 'horror', 'mystery']"
478657,"['horror', 'romance', 'fantasy']"
478894,"['fantasy', 'fiction', 'sci-fi']"
478951,"['fantasy', 'fiction', 'nonfiction']"
479415,"['fiction', 'romance', 'historical']"
479561,"['sci-fi', 'fiction', 'fantasy']"
480204,"['historical', 'fiction', 'horror']"
480479,"['fiction', 'historical', 'romance']"
480570,"['fiction', 'historical', 'nonfiction']"
481335,"['horror', 'mystery', 'fiction']"
481446,"['fiction', 'historical', 'romance']"
481462,"['horror', 'fiction', 'mystery']"
481743,"['fiction', 'historical', 'children']"
481749,"['philosophy', 'fiction', 'historical']"
483445,"['fantasy', 'fiction', 'children']"
484167,"['graphic', 'horror', 'romance']"
485894,"['historical', 'fiction', 'fantasy']"
487445,"['mystery', 'fiction', 'historical']"
487666,"['historical', 'fiction', 'nonfiction']"
489972,"['children', 'fiction', 'fantasy']"
490403,"['romance', 'horror', 'fantasy']"
490867,"['children', 'fiction', 'historical']"
491735,"['romance', 'fiction', 'nonfiction']"
493455,"['sci-fi', 'fiction', 'fantasy']"
493456,"['sci-fi', 'fiction', 'fantasy']"
495395,"['fiction', 'philosophy', 'historical']"
497164,"['graphic', 'fiction', 'philosophy']"
497199,"['fiction', 'historical', 'poetry']"
498389,"['mystery', 'fiction', 'horror']"
498641,"['philosophy', 'fiction', 'historical']"
498835,"['fiction', 'mystery', 'historical']"
500503,"['graphic', 'fantasy', 'romance']"
500743,"['fantasy', 'fiction', 'horror']"
501124,"['mystery', 'fiction', 'nonfiction']"
502295,"['historical', 'fiction', 'nonfiction']"
502406,"['children', 'fiction', 'mystery']"
503248,"['historical', 'fiction', 'philosophy']"
504369,"['fiction', 'sci-fi', 'fantasy']"
504420,"['mystery', 'fiction', 'historical']"
505304,"['children', 'fiction', 'historical']"
508413,"['fiction', 'romance', 'philosophy']"
508903,"['mystery', 'fiction', 'horror']"
509784,"['fiction', 'sci-fi', 'fantasy']"
511240,"['graphic', 'fiction', 'children']"
511527,"['children', 'fiction', 'nonfiction']"
511614,"['children', 'fiction', 'historical']"
511684,"['children', 'fiction', 'nonfiction']"
512475,"['mystery', 'fiction', 'romance']"
513176,"['historical', 'fiction', 'sci-fi']"
513207,"['historical', 'fiction', 'sci-fi']"
513367,"['nonfiction', 'fiction', 'sci-fi']"
514210,"['philosophy', 'fiction', 'historical']"
514313,"['fiction', 'historical', 'mystery']"
515905,"['children', 'fiction', 'historical']"
517188,"['fiction', 'historical', 'nonfiction']"
517344,"['children', 'fiction', 'poetry']"
518848,"['fantasy', 'horror', 'fiction']"
519048,"['fantasy', 'children', 'fiction']"
519112,"['poetry', 'fiction', 'nonfiction']"
519933,"['fantasy', 'children', 'fiction']"
520738,"['fiction', 'historical', 'philosophy']"
522471,"['fiction', 'children', 'romance']"
522525,"['fiction', 'nonfiction', 'philosophy']"
522534,"['historical', 'fiction', 'nonfiction']"
522776,"['fiction', 'historical', 'nonfiction']"
525488,"['fiction', 'philosophy', 'romance']"
525995,"['children', 'fiction', 'fantasy']"
527744,"['mystery', 'fiction', 'historical']"
527862,"['fiction', 'nonfiction', 'mystery']"
529626,"['fiction', 'historical', 'children']"
530793,"['historical', 'fiction', 'nonfiction']"
530848,"['horror', 'fantasy', 'fiction']"
530965,"['fiction', 'sci-fi', 'historical']"
531197,"['fiction', 'children', 'fantasy']"
531262,"['fiction', 'historical', 'poetry']"
531350,"['romance', 'fiction', 'children']"
531421,"['fiction', 'historical', 'nonfiction']"
531989,"['fiction', 'nonfiction', 'poetry']"
533465,"['fiction', 'historical', 'children']"
533675,"['children', 'fiction', 'historical']"
534255,"['historical', 'fiction', 'nonfiction']"
534289,"['philosophy', 'historical', 'fiction']"
534415,"['fantasy', 'fiction', 'horror']"
534733,"['romance', 'fiction', 'mystery']"
535441,"['horror', 'fiction', 'sci-fi']"
535494,"['philosophy', 'fiction', 'historical']"
536790,"['fantasy', 'fiction', 'sci-fi']"
536982,"['fantasy', 'fiction', 'sci-fi']"
537070,"['fantasy', 'children', 'fiction']"
537094,"['fiction', 'historical', 'nonfiction']"
537296,"['children', 'fiction', 'historical']"
537375,"['historical', 'fiction', 'horror']"
538845,"['historical', 'fiction', 'philosophy']"
539282,"['fiction', 'historical', 'children']"
539904,"['historical', 'fiction', 'nonfiction']"
540020,"['fiction', 'mystery', 'historical']"
541024,"['fiction', 'sci-fi', 'fantasy']"
541341,"['horror', 'mystery', 'children']"
541920,"['historical', 'fiction', 'nonfiction']"
542389,"['historical', 'fiction', 'nonfiction']"
542414,"['mystery', 'fiction', 'children']"
542639,"['fiction', 'historical', 'nonfiction']"
542752,"['fiction', 'children', 'fantasy']"
543086,"['children', 'fantasy', 'fiction']"
543103,"['fiction', 'historical', 'nonfiction']"
543339,"['fiction', 'historical', 'horror']"
543505,"['children', 'fiction', 'fantasy']"
543873,"['fiction', 'historical', 'nonfiction']"
544257,"['horror', 'fantasy', 'romance']"
544424,"['romance', 'fiction', 'fantasy']"
544891,"['fantasy', 'romance', 'children']"
545425,"['historical', 'philosophy', 'fiction']"
545951,"['fiction', 'historical', 'philosophy']"
546018,"['fiction', 'historical', 'nonfiction']"
547094,"['horror', 'fiction', 'sci-fi']"
550454,"['fiction', 'historical', 'horror']"
550720,"['fiction', 'historical', 'romance']"
550844,"['horror', 'nonfiction', 'fiction']"
550940,"['mystery', 'fiction', 'horror']"
551536,"['fantasy', 'children', 'fiction']"
551876,"['children', 'fiction', 'historical']"
552887,"['mystery', 'fiction']"
552894,"['mystery', 'fiction', 'horror']"
552987,"['fiction', 'sci-fi', 'fantasy']"
554674,"['historical', 'fiction', 'poetry']"
555500,"['fantasy', 'children', 'fiction']"
556136,"['fiction', 'children', 'historical']"
556511,"['children', 'fiction', 'nonfiction']"
556602,"['fiction', 'historical', 'mystery']"
556629,"['philosophy', 'fiction', 'historical']"
559889,"['fiction', 'horror', 'mystery']"
561403,"['romance', 'fiction', 'children']"
561456,"['fantasy', 'children', 'fiction']"
561909,"['historical', 'fiction', 'philosophy']"
562763,"['children', 'fiction', 'graphic']"
562930,"['romance', 'fiction', 'children']"
563458,"['fiction', 'horror', 'romance']"
563887,"['children', 'fiction', 'fantasy']"
567616,"['fiction', 'nonfiction', 'historical']"
567678,"['fiction', 'horror', 'mystery']"
567704,"['fantasy', 'horror', 'fiction']"
567795,"['fiction', 'romance', 'philosophy']"
568099,"['fantasy', 'fiction', 'horror']"
568236,"['historical', 'fiction', 'nonfiction']"
568454,"['graphic', 'fantasy', 'horror']"
568476,"['children', 'fiction', 'historical']"
568592,"['graphic', 'fantasy', 'romance']"
568645,"['romance', 'mystery', 'fiction']"
569346,"['graphic', 'fantasy', 'romance']"
569564,"['fiction', 'historical', 'poetry']"
570172,"['nonfiction', 'fiction', 'philosophy']"
571508,"['fiction', 'philosophy', 'historical']"
571555,"['mystery', 'fiction', 'romance']"
573201,"['mystery', 'fiction', 'horror']"
576570,"['children', 'fiction', 'historical']"
576666,"['fiction', 'historical', 'romance']"
577283,"['fiction', 'historical', 'nonfiction']"
577542,"['children', 'fiction', 'historical']"
579143,"['children', 'fiction', 'historical']"
579696,"['fiction', 'historical', 'nonfiction']"
581125,"['sci-fi', 'fiction', 'fantasy']"
581409,"['children', 'fiction', 'historical']"
581552,"['fiction', 'nonfiction', 'historical']"
582533,"['philosophy', 'fiction', 'poetry']"
583924,"['horror', 'romance', 'fantasy']"
584637,"['philosophy', 'fiction', 'nonfiction']"
586472,"['fiction', 'historical', 'sci-fi']"
586516,"['poetry', 'historical', 'fiction']"
587582,"['fantasy', 'fiction', 'horror']"
587638,"['fiction', 'horror', 'historical']"
587666,"['fiction', 'philosophy', 'nonfiction']"
588138,"['fiction', 'philosophy', 'fantasy']"
588234,"['fiction', 'historical', 'children']"
588369,"['romance', 'fiction', 'fantasy']"
588747,"['historical', 'fiction', 'mystery']"
589979,"['fantasy', 'fiction', 'historical']"
590552,"['children', 'poetry', 'fiction']"
592089,"['sci-fi', 'fiction', 'fantasy']"
592657,"['fiction', 'historical', 'horror']"
594361,"['children', 'fiction', 'fantasy']"
595375,"['romance', 'fiction', 'historical']"
595822,"['fiction', 'mystery', 'romance']"
596259,"['philosophy', 'fiction', 'poetry']"
597790,"['fantasy', 'fiction', 'historical']"
598117,"['children', 'fiction', 'historical']"
598159,"['children', 'fiction', 'poetry']"
598160,"['children', 'fiction', 'nonfiction']"
599090,"['historical', 'sci-fi', 'fiction']"
603204,"['fiction', 'nonfiction']"
603422,"['fiction', 'nonfiction', 'historical']"
603911,"['mystery', 'fiction', 'horror']"
604635,"['fiction', 'philosophy', 'historical']"
604803,"['fantasy', 'fiction', 'horror']"
605015,"['horror', 'fiction', 'mystery']"
606818,"['fiction', 'philosophy', 'mystery']"
607639,"['fiction', 'mystery', 'horror']"
608216,"['fiction', 'romance', 'historical']"
608287,"['fiction', 'nonfiction', 'poetry']"
608474,"['mystery', 'historical', 'fiction']"
608601,"['children', 'fiction', 'historical']"
608906,"['historical', 'fantasy', 'children']"
609035,"['historical', 'philosophy', 'fiction']"
609870,"['philosophy', 'fiction', 'romance']"
611298,"['fiction', 'historical', 'nonfiction']"
612188,"['philosophy', 'historical', 'fiction']"
613283,"['fiction', 'historical', 'nonfiction']"
613991,"['fantasy', 'fiction', 'horror']"
615233,"['children', 'horror', 'fiction']"
615570,"['fiction', 'poetry', 'philosophy']"
615921,"['fiction', 'sci-fi', 'fantasy']"
616318,"['graphic', 'fiction', 'nonfiction']"
616678,"['fantasy', 'fiction', 'horror']"
616828,"['fiction', 'historical', 'children']"
617526,"['mystery', 'fiction', 'horror']"
618177,"['fantasy', 'fiction', 'horror']"
621739,"['children', 'fiction', 'historical']"
623976,"['fantasy', 'children', 'fiction']"
625094,"['fiction', 'historical', 'nonfiction']"
625554,"['fiction', 'philosophy', 'historical']"
625603,"['sci-fi', 'fiction', 'historical']"
627206,"['nonfiction', 'graphic', 'poetry']"
627984,"['mystery', 'fiction', 'horror']"
628139,"['romance', 'fiction', 'mystery']"
630621,"['graphic', 'fiction', 'sci-fi']"
633270,"['fiction', 'children', 'fantasy']"
634407,"['mystery', 'fiction', 'horror']"
634583,"['historical', 'fiction', 'nonfiction']"
635083,"['children', 'fiction', 'historical']"
639787,"['mystery', 'fiction', 'historical']"
639864,"['philosophy', 'historical', 'fiction']"
641604,"['fiction', 'nonfiction', 'philosophy']"
643301,"['fiction', 'mystery', 'historical']"
643962,"['mystery', 'fiction', 'romance']"
643974,"['mystery', 'fiction', 'horror']"
643988,"['mystery', 'fiction', 'historical']"
644655,"['mystery', 'fiction', 'horror']"
645023,"['fantasy', 'fiction', 'horror']"
645180,"['fiction', 'fantasy', 'sci-fi']"
646056,"['children', 'fiction', 'fantasy']"
646195,"['children', 'fiction', 'historical']"
646462,"['philosophy', 'fiction', 'historical']"
648194,"['romance', 'fiction', 'mystery']"
651260,"['fantasy', 'fiction', 'horror']"
653396,"['fiction', 'philosophy', 'poetry']"
653559,"['mystery', 'historical', 'fiction']"
653711,"['fiction', 'fantasy', 'sci-fi']"
655601,"['fiction', 'mystery', 'horror']"
657034,"['mystery', 'fiction', 'horror']"
657371,"['historical', 'fiction', 'philosophy']"
659388,"['fiction', 'poetry', 'nonfiction']"
659469,"['fantasy', 'fiction', 'historical']"
659546,"['mystery', 'fiction', 'horror']"
659612,"['fiction', 'horror', 'mystery']"
659622,"['fiction', 'horror', 'mystery']"
662597,"['fiction', 'philosophy', 'fantasy']"
663098,"['fantasy', 'horror', 'mystery']"
666758,"['philosophy', 'fiction', 'historical']"
667234,"['children', 'fiction', 'historical']"
667985,"['graphic', 'fiction', 'romance']"
668710,"['fantasy', 'children', 'fiction']"
669570,"['fantasy', 'children', 'fiction']"
669780,"['fiction', 'historical', 'children']"
671724,"['fiction', 'historical', 'fantasy']"
672493,"['philosophy', 'fiction', 'historical']"
672875,"['historical', 'fiction', 'fantasy']"
672948,"['fiction', 'historical', 'romance']"
673252,"['fantasy', 'fiction', 'sci-fi']"
673657,"['fantasy', 'fiction', 'horror']"
674220,"['romance', 'historical', 'fiction']"
675614,"['fantasy', 'fiction', 'children']"
675905,"['fiction', 'romance', 'children']"
676555,"['poetry', 'historical', 'fiction']"
676737,"['fiction', 'fantasy', 'historical']"
676924,"['horror', 'romance', 'fantasy']"
682153,"['romance', 'mystery', 'fiction']"
682745,"['historical', 'fiction', 'mystery']"
682751,"['children', 'fiction', 'graphic']"
682761,"['historical', 'fiction', 'nonfiction']"
682793,"['fiction', 'mystery', 'children']"
682804,"['fiction', 'historical', 'nonfiction']"
682920,"['children', 'fiction', 'graphic']"
685401,"['fiction', 'philosophy', 'nonfiction']"
687215,"['fantasy', 'fiction', 'sci-fi']"
687278,"['philosophy', 'fiction', 'poetry']"
688191,"['fantasy', 'horror', 'fiction']"
688663,"['fiction', 'nonfiction', 'historical']"
690866,"['fiction', 'historical', 'fantasy']"
690926,"['horror', 'fantasy', 'romance']"
690955,"['children', 'fiction', 'graphic']"
691520,"['historical', 'poetry', 'fiction']"
693016,"['romance', 'historical', 'fiction']"
693172,"['horror', 'mystery', 'fiction']"
693208,"['fiction', 'historical', 'children']"
696177,"['graphic', 'romance', 'fiction']"
697210,"['fiction', 'romance', 'mystery']"
701738,"['fiction', 'mystery', 'horror']"
702539,"['mystery', 'fiction', 'nonfiction']"
703292,"['fiction', 'children', 'historical']"
704043,"['horror', 'romance', 'fantasy']"
710969,"['romance', 'fiction', 'children']"
711901,"['historical', 'fiction', 'nonfiction']"
712313,"['fiction', 'romance', 'children']"
712807,"['children', 'fiction', 'horror']"
714380,"['historical', 'fiction', 'nonfiction']"
714569,"['fiction', 'romance', 'historical']"
714711,"['fiction', 'poetry', 'philosophy']"
714902,"['sci-fi', 'fiction', 'romance']"
715791,"['horror', 'romance', 'fantasy']"
715834,"['mystery', 'fiction', 'horror']"
716696,"['poetry', 'fiction', 'historical']"
716944,"['children', 'fiction', 'nonfiction']"
720298,"['fiction', 'philosophy', 'romance']"
721003,"['fiction', 'horror', 'children']"
721012,"['fiction', 'nonfiction', 'horror']"
722864,"['children', 'nonfiction', 'fiction']"
724371,"['poetry', 'historical', 'fiction']"
730501,"['children', 'historical', 'fiction']"
731804,"['children', 'fiction', 'fantasy']"
732562,"['poetry', 'fiction', 'historical']"
734542,"['children', 'fiction', 'historical']"
736131,"['mystery', 'historical', 'fiction']"
736376,"['fiction', 'philosophy', 'nonfiction']"
737957,"['historical', 'fiction', 'nonfiction']"
739840,"['children', 'historical', 'fiction']"
743599,"['romance', 'fantasy', 'sci-fi']"
744615,"['graphic', 'fiction', 'fantasy']"
747061,"['philosophy', 'fiction', 'historical']"
747746,"['fiction', 'fantasy', 'nonfiction']"
748862,"['fiction', 'philosophy', 'poetry']"
751635,"['fiction', 'children', 'fantasy']"
752900,"['historical', 'fiction', 'fantasy']"
752994,"['fiction', 'historical', 'children']"
754713,"['mystery', 'historical', 'fiction']"
758153,"['fiction', 'historical', 'nonfiction']"
759611,"['children', 'fiction', 'poetry']"
759900,"['mystery', 'fiction', 'romance']"
759945,"['fiction', 'philosophy', 'poetry']"
759960,"['fiction', 'historical', 'children']"
760025,"['fiction', 'graphic', 'nonfiction']"
760110,"['historical', 'fiction', 'sci-fi']"
760168,"['children', 'fiction', 'fantasy']"
760205,"['children', 'fiction', 'horror']"
760941,"['fiction', 'historical', 'philosophy']"
761023,"['horror', 'nonfiction', 'fiction']"
761575,"['fiction', 'sci-fi', 'fantasy']"
761732,"['fantasy', 'fiction', 'romance']"
762053,"['romance', 'fantasy', 'horror']"
762064,"['mystery', 'romance', 'sci-fi']"
762134,"['fiction', 'historical', 'nonfiction']"
762288,"['children', 'fiction', 'historical']"
762462,"['fiction', 'nonfiction', 'historical']"
762563,"['fiction', 'historical', 'fantasy']"
762806,"['mystery', 'fiction', 'nonfiction']"
763047,"['romance', 'fiction']"
763362,"['fiction', 'philosophy', 'nonfiction']"
763429,"['horror', 'graphic', 'fiction']"
763594,"['mystery', 'fiction', 'horror']"
764063,"['historical', 'fiction', 'poetry']"
764073,"['fiction', 'historical', 'children']"
764165,"['fiction', 'historical', 'philosophy']"
764347,"['sci-fi', 'fiction', 'horror']"
764434,"['mystery', 'fiction', 'nonfiction']"
764903,"['historical', 'fiction', 'children']"
765148,"['children', 'poetry', 'fiction']"
765193,"['children', 'fiction', 'historical']"
765281,"['children', 'fiction', 'historical']"
765427,"['poetry', 'historical', 'fiction']"
765811,"['fiction', 'nonfiction', 'historical']"
766020,"['children', 'fiction', 'historical']"
766917,"['children', 'fiction', 'historical']"
766955,"['children', 'fiction', 'historical']"
767171,"['historical', 'fiction', 'nonfiction']"
767307,"['mystery', 'fiction', 'historical']"
767680,"['children', 'fiction', 'fantasy']"
768878,"['fantasy', 'fiction', 'horror']"
768889,"['fantasy', 'fiction', 'nonfiction']"
769016,"['children', 'fiction', 'nonfiction']"
769212,"['historical', 'fiction', 'nonfiction']"
769483,"['fantasy', 'children', 'fiction']"
769658,"['fiction', 'sci-fi', 'fantasy']"
769712,"['graphic', 'fiction', 'historical']"
770038,"['children', 'fiction', 'poetry']"
770040,"['children', 'fiction', 'poetry']"
770051,"['children', 'fiction', 'historical']"
771332,"['historical', 'fiction', 'nonfiction']"
772852,"['historical', 'fiction', 'philosophy']"
772976,"['fiction', 'historical', 'nonfiction']"
773038,"['philosophy', 'fiction', 'poetry']"
773276,"['children', 'fiction', 'graphic']"
773480,"['children', 'fiction', 'historical']"
773514,"['fiction', 'historical', 'children']"
773606,"['children', 'fiction', 'historical']"
773858,"['historical', 'fiction', 'nonfiction']"
773951,"['children', 'fiction', 'historical']"
774001,"['children', 'fiction', 'historical']"
774060,"['romance', 'historical', 'fiction']"
775346,"['fiction', 'mystery', 'horror']"
775597,"['children', 'fiction', 'historical']"
776159,"['mystery', 'fiction', 'historical']"
776407,"['children', 'fiction', 'historical']"
777211,"['mystery', 'fiction', 'nonfiction']"
780581,"['historical', 'fiction', 'romance']"
780845,"['graphic', 'fantasy', 'fiction']"
781046,"['romance', 'fiction', 'poetry']"
781110,"['fiction', 'children', 'historical']"
781182,"['fiction', 'historical', 'nonfiction']"
781498,"['children', 'fiction', 'graphic']"
781787,"['historical', 'fiction', 'nonfiction']"
781844,"['fiction', 'philosophy', 'horror']"
782580,"['poetry', 'historical', 'fiction']"
782854,"['children', 'fiction', 'historical']"
783127,"['fiction', 'children', 'philosophy']"
783291,"['fiction', 'children', 'horror']"
784222,"['graphic', 'horror', 'romance']"
784911,"['fantasy', 'children', 'fiction']"
785092,"['fiction', 'philosophy', 'nonfiction']"
785453,"['fiction', 'children', 'historical']"
785454,"['fiction', 'historical', 'nonfiction']"
786256,"['children', 'fiction', 'nonfiction']"
787660,"['fiction', 'horror', 'romance']"
789344,"['children', 'mystery', 'fiction']"
789559,"['children', 'fiction', 'historical']"
790171,"['fiction', 'historical', 'horror']"
792161,"['fiction', 'children', 'historical']"
792938,"['historical', 'fiction', 'nonfiction']"
793399,"['fantasy', 'horror', 'romance']"
795034,"['fantasy', 'fiction', 'horror']"
797094,"['fiction', 'sci-fi', 'fantasy']"
801178,"['fiction', 'poetry', 'philosophy']"
803171,"['children', 'fiction', 'fantasy']"
805023,"['fiction', 'mystery', 'horror']"
807968,"['children', 'fantasy', 'fiction']"
808853,"['children', 'fiction', 'historical']"
809849,"['children', 'fiction', 'graphic']"
813214,"['horror', 'nonfiction', 'fiction']"
815150,"['romance', 'sci-fi', 'fantasy']"
815158,"['children', 'fiction', 'historical']"
815234,"['children', 'fiction', 'graphic']"
815309,"['fiction', 'romance', 'historical']"
815716,"['fiction', 'philosophy', 'nonfiction']"
816720,"['fiction', 'philosophy', 'fantasy']"
816752,"['children', 'fiction', 'fantasy']"
816870,"['fiction', 'historical', 'children']"
816953,"['romance', 'fiction', 'fantasy']"
817199,"['fiction', 'historical', 'romance']"
817791,"['fiction', 'historical', 'nonfiction']"
818372,"['mystery', 'fiction', 'horror']"
818811,"['historical', 'fiction', 'philosophy']"
819667,"['children', 'fiction', 'fantasy']"
820273,"['children', 'poetry', 'fiction']"
820394,"['mystery', 'fiction', 'historical']"
820480,"['fiction', 'mystery', 'historical']"
820517,"['children', 'fiction', 'historical']"
820956,"['fiction', 'romance', 'historical']"
821000,"['children', 'historical', 'fiction']"
821003,"['children', 'poetry', 'historical']"
821056,"['fiction', 'philosophy', 'historical']"
821611,"['historical', 'fiction', 'nonfiction']"
822989,"['historical', 'fiction', 'philosophy']"
823411,"['fiction', 'historical', 'children']"
823412,"['fiction', 'nonfiction', 'mystery']"
824062,"['historical', 'fiction', 'philosophy']"
824204,"['children', 'fiction', 'historical']"
824318,"['mystery', 'fiction', 'nonfiction']"
824508,"['fiction', 'children', 'fantasy']"
824734,"['children', 'fantasy', 'fiction']"
824763,"['graphic', 'fantasy', 'fiction']"
825081,"['children', 'fiction', 'fantasy']"
825377,"['children', 'fiction', 'poetry']"
825473,"['mystery', 'fiction', 'historical']"
825508,"['fiction', 'mystery', 'historical']"
825509,"['fiction', 'historical', 'mystery']"
825576,"['children', 'fiction', 'historical']"
826582,"['children', 'fiction', 'fantasy']"
826583,"['children', 'fiction', 'fantasy']"
826584,"['children', 'fiction', 'fantasy']"
826585,"['children', 'fiction', 'fantasy']"
826845,"['fiction', 'sci-fi', 'historical']"
827412,"['romance', 'historical', 'fiction']"
827497,"['fiction', 'historical', 'philosophy']"
827685,"['historical', 'fiction', 'nonfiction']"
828015,"['fiction', 'children', 'historical']"
828084,"['fiction', 'children', 'historical']"
828387,"['fiction', 'children', 'historical']"
828483,"['mystery', 'fiction', 'horror']"
829313,"['poetry', 'historical', 'fiction']"
830791,"['mystery', 'fiction', 'horror']"
831194,"['historical', 'fantasy', 'children']"
831470,"['children', 'fiction', 'historical']"
831635,"['fiction', 'children', 'nonfiction']"
831829,"['horror', 'graphic', 'fiction']"
832543,"['philosophy', 'fiction', 'poetry']"
833253,"['fiction', 'philosophy', 'romance']"
833549,"['children', 'fiction', 'historical']"
833550,"['children', 'poetry', 'fiction']"
833710,"['fantasy', 'fiction', 'children']"
834378,"['mystery', 'fiction', 'historical']"
835155,"['romance', 'fiction', 'children']"
835202,"['children', 'fiction', 'historical']"
835495,"['children', 'fiction', 'poetry']"
835623,"['nonfiction', 'philosophy', 'fiction']"
836606,"['graphic', 'fantasy', 'romance']"
836607,"['graphic', 'fantasy', 'romance']"
836611,"['graphic', 'fantasy', 'romance']"
836984,"['fiction', 'romance', 'children']"
837501,"['children', 'fiction', 'historical']"
838917,"['fiction', 'philosophy', 'poetry']"
839263,"['children', 'fiction', 'nonfiction']"
840163,"['fiction', 'mystery', 'horror']"
840278,"['fiction', 'sci-fi', 'fantasy']"
841628,"['fiction', 'sci-fi', 'fantasy']"
841973,"['fiction', 'sci-fi', 'fantasy']"
844051,"['fiction', 'historical', 'horror']"
845403,"['children', 'fiction', 'historical']"
845977,"['philosophy', 'fiction', 'poetry']"
846066,"['children', 'fiction', 'graphic']"
846984,"['fiction', 'children', 'romance']"
849380,"['fiction', 'romance', 'philosophy']"
851393,"['philosophy', 'fiction', 'historical']"
851678,"['historical', 'fiction', 'nonfiction']"
852460,"['fiction', 'nonfiction', 'philosophy']"
852470,"['romance', 'fiction', 'mystery']"
854252,"['children', 'fiction', 'historical']"
854757,"['romance', 'fiction', 'nonfiction']"
856917,"['graphic', 'romance', 'fiction']"
857418,"['children', 'fiction', 'nonfiction']"
857445,"['children', 'fiction', 'historical']"
857448,"['children', 'fiction', 'historical']"
857501,"['children', 'fiction', 'poetry']"
857502,"['philosophy', 'fiction', 'nonfiction']"
858037,"['children', 'fiction', 'fantasy']"
858513,"['children', 'fiction', 'fantasy']"
858514,"['children', 'fiction', 'fantasy']"
858719,"['children', 'fiction', 'historical']"
861326,"['romance', 'historical', 'fiction']"
862041,"['fiction', 'fantasy', 'children']"
862350,"['fantasy', 'horror', 'romance']"
866136,"['fiction', 'sci-fi', 'fantasy']"
866222,"['fiction', 'historical', 'nonfiction']"
867247,"['philosophy', 'fiction', 'historical']"
867248,"['children', 'fiction', 'poetry']"
867387,"['mystery', 'fiction', 'horror']"
867650,"['children', 'fiction', 'fantasy']"
872333,"['horror', 'fantasy', 'romance']"
875441,"['fiction', 'historical']"
877752,"['graphic', 'fantasy', 'romance']"
884288,"['fantasy', 'fiction', 'sci-fi']"
885744,"['graphic', 'fantasy', 'horror']"
886066,"['fiction', 'sci-fi', 'fantasy']"
886512,"['children', 'poetry', 'fiction']"
887201,"['fantasy', 'fiction', 'children']"
887877,"['fantasy', 'fiction', 'horror']"
889284,"['fiction', 'sci-fi', 'fantasy']"
890143,"['fiction', 'romance', 'children']"
891593,"['fantasy', 'fiction', 'historical']"
891671,"['fiction', 'historical', 'mystery']"
891812,"['romance', 'historical', 'fiction']"
892295,"['mystery', 'fiction', 'historical']"
893731,"['fiction', 'mystery', 'horror']"
894072,"['children', 'fiction', 'historical']"
895886,"['children', 'historical', 'fiction']"
896622,"['romance', 'historical', 'fiction']"
896623,"['romance', 'historical', 'fiction']"
898885,"['fiction', 'historical', 'romance']"
899492,"['historical', 'horror', 'nonfiction']"
899608,"['children', 'fiction', 'historical']"
899962,"['children', 'fiction', 'mystery']"
900065,"['children', 'fiction', 'graphic']"
900070,"['children', 'fiction', 'graphic']"
900892,"['fiction', 'nonfiction', 'historical']"
901680,"['historical', 'fiction', 'nonfiction']"
902715,"['fantasy', 'fiction', 'horror']"
905092,"['fiction', 'nonfiction', 'philosophy']"
905382,"['historical', 'fiction', 'nonfiction']"
905885,"['romance', 'fantasy', 'fiction']"
906541,"['children', 'fiction', 'historical']"
906560,"['historical', 'fiction', 'philosophy']"
910863,"['fiction', 'sci-fi', 'fantasy']"
911579,"['children', 'fiction', 'historical']"
914211,"['fiction', 'philosophy', 'nonfiction']"
918789,"['fiction', 'historical', 'romance']"
920143,"['children', 'fiction', 'historical']"
920607,"['graphic', 'children', 'fantasy']"
920649,"['fiction', 'nonfiction', 'historical']"
920780,"['children', 'fiction', 'fantasy']"
921651,"['children', 'fiction', 'graphic']"
922991,"['fiction', 'historical', 'romance']"
923950,"['fiction', 'philosophy', 'nonfiction']"
925367,"['fiction', 'horror', 'historical']"
926908,"['fantasy', 'children', 'fiction']"
927979,"['fantasy', 'horror', 'sci-fi']"
929782,"['historical', 'fiction', 'nonfiction']"
930612,"['children', 'fiction', 'nonfiction']"
934700,"['children', 'fiction', 'poetry']"
935308,"['mystery', 'fiction', 'horror']"
937249,"['mystery', 'fiction', 'historical']"
938544,"['fantasy', 'fiction', 'nonfiction']"
943402,"['horror', 'fiction', 'fantasy']"
944073,"['fantasy', 'fiction', 'horror']"
944076,"['fantasy', 'fiction', 'horror']"
946899,"['fiction', 'romance', 'historical']"
948526,"['children', 'fantasy', 'fiction']"
949709,"['children', 'poetry', 'fiction']"
953260,"['fantasy', 'children', 'fiction']"
954303,"['graphic', 'romance', 'fiction']"
954674,"['sci-fi', 'fiction', 'mystery']"
958277,"['children', 'fiction', 'nonfiction']"
961831,"['fiction', 'romance', 'horror']"
961833,"['fiction', 'romance', 'sci-fi']"
967494,"['children', 'fiction', 'historical']"
968403,"['fiction', 'children', 'nonfiction']"
969177,"['fiction', 'romance', 'philosophy']"
969275,"['graphic', 'fantasy', 'fiction']"
974122,"['philosophy', 'fiction', 'poetry']"
975119,"['fiction', 'sci-fi', 'fantasy']"
978098,"['historical', 'fiction', 'mystery']"
981161,"['fiction', 'mystery', 'historical']"
981463,"['children', 'fiction', 'historical']"
985386,"['graphic', 'mystery', 'fiction']"
988170,"['children', 'fiction', 'historical']"
988950,"['mystery', 'fiction', 'horror']"
989313,"['fiction', 'historical', 'nonfiction']"
991197,"['historical', 'fiction', 'graphic']"
994156,"['romance', 'fiction', 'fantasy']"
998133,"['fiction', 'nonfiction', 'historical']"
1000751,"['children', 'historical', 'fiction']"
1001896,"['children', 'fiction', 'poetry']"
1003761,"['graphic', 'romance', 'fiction']"
1008231,"['fiction', 'children', 'sci-fi']"
1009996,"['fiction', 'nonfiction']"
1011359,"['graphic', 'romance', 'fiction']"
1011632,"['horror', 'fantasy', 'fiction']"
1013383,"['children', 'fiction', 'poetry']"
1015311,"['graphic', 'romance', 'fiction']"
1022866,"['historical', 'fiction', 'philosophy']"
1025039,"['graphic', 'romance', 'fiction']"
1025250,"['fiction', 'children', 'fantasy']"
1027760,"['children', 'fiction', 'historical']"
1031461,"['children', 'fiction', 'historical']"
1034605,"['children', 'fiction', 'historical']"
1044141,"['fiction', 'philosophy', 'nonfiction']"
1044355,"['fiction', 'historical', 'nonfiction']"
1045757,"['fiction', 'historical', 'children']"
1048645,"['fiction', 'children', 'historical']"
1050383,"['mystery', 'fiction', 'horror']"
1051620,"['fantasy', 'fiction', 'horror']"
1055617,"['philosophy', 'fiction', 'poetry']"
1056627,"['philosophy', 'fiction', 'poetry']"
1059680,"['fiction', 'nonfiction']"
1062516,"['children', 'fiction', 'nonfiction']"
1070527,"['graphic', 'fantasy', 'children']"
1081560,"['fantasy', 'fiction', 'historical']"
1085771,"['horror', 'graphic', 'fiction']"
1087075,"['romance', 'fiction']"
1087204,"['graphic', 'romance', 'fiction']"
1087205,"['graphic', 'romance', 'fiction']"
1087207,"['graphic', 'romance', 'fiction']"
1096390,"['fiction', 'nonfiction', 'poetry']"
1098486,"['historical', 'fiction', 'philosophy']"
1099097,"['children', 'fiction', 'historical']"
1099301,"['children', 'mystery', 'fantasy']"
1105093,"['fiction', 'historical', 'horror']"
1107001,"['fiction', 'nonfiction']"
1111600,"['fantasy', 'fiction', 'sci-fi']"
1113545,"['fantasy', 'children', 'fiction']"
1116393,"['fantasy', 'fiction', 'romance']"
1126719,"['sci-fi', 'fiction', 'fantasy']"
1127996,"['fiction', 'nonfiction', 'historical']"
1128178,"['fiction', 'historical', 'nonfiction']"
1128434,"['fantasy', 'fiction', 'nonfiction']"
1128437,"['fantasy', 'fiction', 'nonfiction']"
1129315,"['children', 'fiction', 'graphic']"
1134122,"['fiction', 'philosophy', 'poetry']"
1137215,"['fiction', 'fantasy', 'horror']"
1145862,"['children', 'fiction', 'graphic']"
1149440,"['historical', 'nonfiction', 'fiction']"
1153709,"['children', 'fiction', 'poetry']"
1157452,"['graphic', 'fantasy', 'romance']"
1158706,"['mystery', 'romance', 'fiction']"
1158967,"['fantasy', 'fiction', 'romance']"
1162022,"['fiction', 'romance', 'mystery']"
1162543,"['fantasy', 'romance', 'horror']"
1166131,"['fiction', 'horror', 'mystery']"
1166599,"['fantasy', 'fiction', 'horror']"
1168341,"['nonfiction', 'fiction', 'sci-fi']"
1169808,"['horror', 'fantasy', 'romance']"
1170158,"['fantasy', 'fiction', 'sci-fi']"
1173576,"['fiction', 'philosophy', 'nonfiction']"
1175893,"['fantasy', 'fiction', 'children']"
1176884,"['mystery', 'romance', 'fiction']"
1178039,"['mystery', 'fiction', 'horror']"
1197646,"['children', 'fiction', 'nonfiction']"
1205297,"['fiction', 'mystery', 'fantasy']"
1206073,"['historical', 'fiction', 'nonfiction']"
1207904,"['historical', 'fiction', 'poetry']"
1207980,"['historical', 'fiction', 'nonfiction']"
1210754,"['fantasy', 'children', 'fiction']"
1211904,"['fantasy', 'children', 'fiction']"
1215032,"['fantasy', 'fiction', 'horror']"
1215290,"['children', 'fiction', 'historical']"
1217100,"['fiction', 'romance', 'horror']"
1219103,"['historical', 'fiction', 'horror']"
1219954,"['fiction', 'romance', 'horror']"
1220507,"['fiction', 'nonfiction', 'romance']"
1225261,"['mystery', 'fiction', 'horror']"
1225621,"['fantasy', 'horror', 'fiction']"
1231511,"['historical', 'fantasy', 'children']"
1233478,"['fantasy', 'horror', 'romance']"
1237300,"['fiction', 'nonfiction', 'historical']"
1237398,"['graphic', 'fantasy', 'horror']"
1238684,"['fantasy', 'children', 'graphic']"
1240662,"['horror', 'romance', 'fantasy']"
1242729,"['fiction', 'historical', 'nonfiction']"
1244286,"['fiction', 'nonfiction', 'romance']"
1248179,"['mystery', 'fiction', 'nonfiction']"
1249630,"['fiction', 'children', 'romance']"
1251032,"['fantasy', 'fiction', 'romance']"
1254951,"['fiction', 'romance', 'historical']"
1255781,"['fiction', 'philosophy', 'historical']"
1258121,"['children', 'fiction', 'fantasy']"
1268348,"['fiction', 'romance', 'mystery']"
1268479,"['fantasy', 'fiction', 'romance']"
1270615,"['graphic', 'horror', 'fantasy']"
1275105,"['children', 'historical', 'graphic']"
1278752,"['fiction', 'mystery', 'historical']"
1279686,"['fiction', 'historical', 'fantasy']"
1282954,"['fiction', 'romance', 'mystery']"
1291211,"['fiction', 'mystery', 'horror']"
1295102,"['romance', 'fiction', 'children']"
1296415,"['children', 'fiction', 'nonfiction']"
1297150,"['fiction', 'historical', 'fantasy']"
1297985,"['fiction', 'nonfiction', 'poetry']"
1298171,"['children', 'fiction', 'fantasy']"
1298205,"['children', 'fiction', 'historical']"
1300350,"['fiction', 'fantasy', 'philosophy']"
1301153,"['romance', 'fiction', 'children']"
1303564,"['fiction', 'mystery', 'children']"
1314332,"['fiction', 'romance', 'horror']"
1316382,"['fiction', 'romance', 'poetry']"
1316617,"['fantasy', 'horror', 'romance']"
1317181,"['fantasy', 'fiction', 'children']"
1317696,"['fiction', 'fantasy', 'historical']"
1325218,"['horror', 'children', 'fiction']"
1326258,"['horror', 'fantasy', 'romance']"
1330324,"['fiction', 'historical', 'horror']"
1331653,"['fiction', 'nonfiction', 'romance']"
1333030,"['romance', 'fiction', 'mystery']"
1335019,"['horror', 'fiction', 'fantasy']"
1335184,"['children', 'fiction', 'fantasy']"
1337448,"['fiction', 'historical', 'children']"
1347837,"['historical', 'sci-fi', 'fiction']"
1350249,"['children', 'fiction', 'fantasy']"
1358844,"['romance', 'fiction', 'nonfiction']"
1362193,"['fiction', 'children', 'historical']"
1365225,"['fiction', 'nonfiction', 'historical']"
1372055,"['sci-fi', 'fiction', 'fantasy']"
1373381,"['fiction', 'romance', 'historical']"
1375896,"['fantasy', 'children', 'fiction']"
1376220,"['fiction', 'children', 'nonfiction']"
1379961,"['fiction', 'historical', 'mystery']"
1388813,"['horror', 'romance', 'fantasy']"
1395209,"['fantasy', 'horror', 'fiction']"
1398034,"['fiction', 'historical', 'romance']"
1402668,"['romance', 'fiction', 'poetry']"
1406197,"['fantasy', 'romance', 'horror']"
1407874,"['fiction', 'historical', 'horror']"
1409344,"['fiction', 'historical', 'nonfiction']"
1412138,"['fantasy', 'horror', 'romance']"
1421046,"['fiction', 'fantasy', 'romance']"
1421990,"['horror', 'romance', 'fantasy']"
1422250,"['horror', 'romance', 'fantasy']"
1422252,"['horror', 'romance', 'fantasy']"
1422926,"['children', 'fiction', 'historical']"
1429082,"['graphic', 'fantasy', 'romance']"
1430213,"['mystery', 'fiction', 'historical']"
1432370,"['historical', 'fiction', 'nonfiction']"
1433337,"['fiction', 'nonfiction', 'poetry']"
1434105,"['mystery', 'fiction', 'romance']"
1457790,"['mystery', 'fiction', 'horror']"
1464757,"['fiction', 'horror', 'historical']"
1466455,"['fiction', 'romance', 'nonfiction']"
1468706,"['mystery', 'fiction', 'historical']"
1470232,"['fiction', 'romance', 'mystery']"
1472878,"['fiction', 'romance', 'children']"
1474628,"['fiction', 'fantasy', 'mystery']"
1476261,"['fiction', 'romance', 'philosophy']"
1491906,"['fiction', 'philosophy', 'historical']"
1493253,"['graphic', 'fantasy', 'horror']"
1499340,"['fiction', 'horror', 'romance']"
1499952,"['fiction', 'historical', 'children']"
1503274,"['fiction', 'historical', 'romance']"
1524173,"['fantasy', 'horror', 'fiction']"
1528410,"['fiction', 'philosophy', 'historical']"
1537534,"['fiction', 'mystery', 'romance']"
1541884,"['fantasy', 'horror', 'romance']"
1563413,"['children', 'fiction', 'historical']"
1566053,"['philosophy', 'fiction', 'nonfiction']"
1566705,"['mystery', 'romance', 'fiction']"
1582996,"['fantasy', 'horror', 'romance']"
1587362,"['fiction', 'nonfiction']"
1593623,"['fantasy', 'fiction', 'nonfiction']"
1603923,"['children', 'fiction', 'fantasy']"
1605034,"['mystery', 'fiction', 'romance']"
1609451,"['fiction', 'romance', 'graphic']"
1611656,"['horror', 'romance', 'fantasy']"
1611988,"['mystery', 'fiction', 'horror']"
1617875,"['fiction', 'romance', 'children']"
1624920,"['fantasy', 'horror', 'romance']"
1629007,"['mystery', 'fiction', 'romance']"
1629601,"['fiction', 'romance', 'historical']"
1632833,"['fiction', 'historical', 'fantasy']"
1651302,"['mystery', 'fiction', 'romance']"
1653655,"['children', 'fiction', 'horror']"
1656001,"['sci-fi', 'fiction', 'horror']"
1661957,"['romance', 'fantasy', 'fiction']"
1662160,"['nonfiction', 'fiction', 'sci-fi']"
1667423,"['romance', 'fiction', 'nonfiction']"
1672727,"['romance', 'fiction', 'fantasy']"
1675216,"['fiction', 'sci-fi', 'children']"
1689469,"['mystery', 'fiction', 'horror']"
1693617,"['children', 'fiction', 'historical']"
1713426,"['nonfiction', 'fiction', 'philosophy']"
1713912,"['mystery', 'fiction', 'horror']"
1717890,"['fantasy', 'graphic', 'horror']"
1722717,"['sci-fi', 'fiction', 'romance']"
1728744,"['children', 'fiction', 'historical']"
1729146,"['fantasy', 'fiction', 'sci-fi']"
1734639,"['fiction', 'children', 'nonfiction']"
1736739,"['fiction', 'nonfiction', 'romance']"
1746470,"['romance', 'horror', 'fantasy']"
1747182,"['mystery', 'fiction', 'romance']"
1747896,"['fiction', 'mystery', 'historical']"
1753714,"['graphic', 'fantasy', 'romance']"
1754206,"['romance', 'fiction', 'children']"
1756703,"['romance', 'fiction', 'nonfiction']"
1767779,"['children', 'fiction', 'poetry']"
1768603,"['fiction', 'mystery', 'historical']"
1772910,"['fiction', 'historical', 'nonfiction']"
1774836,"['fiction', 'fantasy', 'historical']"
1776251,"['fiction', 'nonfiction', 'historical']"
1779929,"['historical', 'fiction', 'romance']"
1809175,"['fantasy', 'children', 'fiction']"
1809465,"['fiction', 'children', 'graphic']"
1811543,"['fantasy', 'horror', 'romance']"
1812457,"['fiction', 'philosophy', 'poetry']"
1814843,"['fantasy', 'horror', 'fiction']"
1819632,"['graphic', 'horror', 'romance']"
1820716,"['romance', 'fiction', 'nonfiction']"
1821187,"['fiction', 'nonfiction', 'historical']"
1821571,"['fiction', 'mystery', 'horror']"
1829709,"['fantasy', 'fiction', 'sci-fi']"
1830755,"['romance', 'horror', 'fantasy']"
1833852,"['fiction', 'children', 'philosophy']"
1838166,"['children', 'fiction', 'horror']"
1840511,"['fiction', 'romance', 'historical']"
1848444,"['mystery', 'fiction', 'nonfiction']"
1857440,"['horror', 'fiction', 'fantasy']"
1858013,"['philosophy', 'fiction', 'poetry']"
1862313,"['fiction', 'mystery', 'nonfiction']"
1866046,"['fiction', 'mystery', 'horror']"
1876770,"['fantasy', 'fiction', 'horror']"
1881621,"['graphic', 'fantasy', 'romance']"
1883838,"['historical', 'fiction', 'poetry']"
1891296,"['fantasy', 'children', 'fiction']"
1894269,"['horror', 'graphic', 'fiction']"
1895792,"['horror', 'fantasy', 'romance']"
1896346,"['graphic', 'romance', 'fiction']"
1898916,"['graphic', 'horror', 'romance']"
1902241,"['sci-fi', 'fiction', 'fantasy']"
1908456,"['fiction', 'graphic', 'poetry']"
1908511,"['children', 'fiction', 'graphic']"
1914973,"['mystery', 'fiction', 'horror']"
1918305,"['fiction', 'historical', 'philosophy']"
1918702,"['children', 'fiction', 'historical']"
1923820,"['philosophy', 'fiction', 'historical']"
1928873,"['horror', 'romance', 'fantasy']"
1931915,"['fantasy', 'fiction', 'horror']"
1933181,"['fiction', 'historical', 'romance']"
1951125,"['fiction', 'mystery', 'fantasy']"
1963638,"['philosophy', 'fiction', 'poetry']"
1966969,"['fantasy', 'romance', 'horror']"
1967070,"['fantasy', 'horror', 'children']"
1970449,"['historical', 'fiction', 'poetry']"
1971304,"['fiction', 'historical', 'horror']"
1991039,"['mystery', 'fiction', 'nonfiction']"
1999475,"['fiction', 'philosophy', 'historical']"
2003625,"['romance', 'horror', 'fantasy']"
2003767,"['romance', 'mystery', 'fiction']"
2017056,"['fiction', 'historical', 'romance']"
2020935,"['fiction', 'romance', 'children']"
2025787,"['fiction', 'mystery', 'children']"
2029176,"['mystery', 'fiction', 'children']"
2029177,"['romance', 'fiction', 'fantasy']"
2029927,"['mystery', 'fiction', 'fantasy']"
2033217,"['mystery', 'fiction', 'horror']"
2033352,"['mystery', 'fiction', 'horror']"
2049993,"['fiction', 'fantasy', 'horror']"
2051840,"['horror', 'romance', 'fantasy']"
2054761,"['historical', 'fiction', 'nonfiction']"
2063563,"['historical', 'fiction', 'nonfiction']"
2068676,"['romance', 'fiction', 'nonfiction']"
2071575,"['romance', 'fiction', 'children']"
2073686,"['fantasy', 'children', 'fiction']"
2082136,"['fiction', 'nonfiction', 'romance']"
2095583,"['mystery', 'fiction', 'nonfiction']"
2102600,"['sci-fi', 'fiction', 'fantasy']"
2108198,"['fantasy', 'children', 'fiction']"
2113260,"['fiction', 'sci-fi', 'fantasy']"
2113410,"['fiction', 'romance', 'children']"
2118114,"['fiction', 'philosophy', 'nonfiction']"
2118745,"['sci-fi', 'fiction', 'fantasy']"
2120652,"['romance', 'fiction']"
2120783,"['nonfiction', 'fiction', 'historical']"
2120932,"['fantasy', 'children', 'fiction']"
2122216,"['graphic', 'romance', 'fiction']"
2133795,"['fantasy', 'children', 'fiction']"
2133827,"['fantasy', 'fiction', 'romance']"
2138727,"['fiction', 'historical', 'romance']"
2141830,"['romance', 'fiction', 'mystery']"
2145681,"['historical', 'fiction', 'nonfiction']"
2146957,"['fantasy', 'children', 'fiction']"
2147714,"['graphic', 'fantasy', 'children']"
2149535,"['horror', 'fantasy', 'romance']"
2152871,"['fantasy', 'romance', 'fiction']"
2153405,"['fiction', 'philosophy', 'nonfiction']"
2157243,"['fantasy', 'horror', 'children']"
2159007,"['fiction', 'nonfiction', 'historical']"
2159225,"['children', 'fiction', 'mystery']"
2161733,"['mystery', 'fiction', 'historical']"
2168860,"['horror', 'fantasy', 'romance']"
2169506,"['sci-fi', 'fiction', 'horror']"
2173611,"['fantasy', 'children', 'fiction']"
2176735,"['fiction', 'historical', 'poetry']"
2176873,"['fiction', 'nonfiction']"
2177236,"['mystery', 'fiction', 'horror']"
2179276,"['fantasy', 'fiction', 'children']"
2179832,"['fiction', 'mystery', 'historical']"
2182780,"['graphic', 'fiction', 'mystery']"
2187270,"['fiction', 'historical', 'nonfiction']"
2195289,"['fiction', 'historical', 'nonfiction']"
2195309,"['romance', 'horror', 'fantasy']"
2195464,"['fiction', 'historical', 'nonfiction']"
2197227,"['mystery', 'fiction', 'horror']"
2198274,"['mystery', 'fiction', 'historical']"
2199587,"['mystery', 'fiction', 'nonfiction']"
2200877,"['fantasy', 'fiction', 'romance']"
2202049,"['historical', 'fiction', 'romance']"
2202230,"['graphic', 'fiction', 'sci-fi']"
2208744,"['fantasy', 'children', 'fiction']"
2210921,"['mystery', 'fiction', 'romance']"
2211221,"['mystery', 'fiction', 'children']"
2213324,"['romance', 'fiction', 'sci-fi']"
2213661,"['fantasy', 'horror', 'children']"
2218252,"['fiction', 'romance', 'historical']"
2223324,"['fantasy', 'fiction', 'poetry']"
2227371,"['fiction', 'fantasy', 'romance']"
2230284,"['mystery', 'fiction', 'poetry']"
2233407,"['horror', 'fantasy', 'romance']"
2235597,"['sci-fi', 'fiction', 'fantasy']"
2241059,"['fiction', 'poetry', 'romance']"
2241558,"['fiction', 'historical', 'romance']"
2247142,"['mystery', 'fiction', 'historical']"
2248573,"['fantasy', 'fiction', 'horror']"
2249196,"['graphic', 'fiction', 'fantasy']"
2251306,"['nonfiction', 'fiction', 'philosophy']"
2260637,"['mystery', 'fiction', 'horror']"
2267195,"['fiction', 'children', 'nonfiction']"
2272813,"['horror', 'fantasy', 'fiction']"
2272880,"['fiction', 'nonfiction', 'philosophy']"
2277378,"['mystery', 'fiction', 'horror']"
2277444,"['fiction', 'mystery', 'horror']"
2282133,"['horror', 'fantasy', 'romance']"
2285777,"['romance', 'fiction']"
2292384,"['mystery', 'fiction', 'romance']"
2295829,"['horror', 'fantasy', 'romance']"
2296567,"['fiction', 'nonfiction', 'children']"
2299110,"['romance', 'horror', 'fantasy']"
2306910,"['mystery', 'romance', 'fiction']"
2309720,"['graphic', 'romance', 'fiction']"
2315892,"['fantasy', 'fiction', 'horror']"
2318271,"['fiction', 'historical', 'philosophy']"
2321296,"['fantasy', 'romance', 'horror']"
2324124,"['fiction', 'nonfiction', 'romance']"
2325825,"['children', 'fantasy', 'fiction']"
2331954,"['horror', 'fiction', 'sci-fi']"
2334751,"['romance', 'fiction', 'nonfiction']"
2336803,"['mystery', 'fiction', 'horror']"
2350129,"['philosophy', 'fiction', 'poetry']"
2355575,"['fantasy', 'horror', 'romance']"
2358737,"['fiction', 'nonfiction', 'historical']"
2358870,"['fantasy', 'children', 'fiction']"
2364284,"['fiction', 'historical', 'horror']"
2402971,"['fantasy', 'fiction', 'horror']"
2410506,"['romance', 'fiction', 'fantasy']"
2429135,"['mystery', 'fiction', 'horror']"
2437710,"['fiction', 'children', 'nonfiction']"
2449962,"['romance', 'fiction', 'children']"
2454986,"['graphic', 'fantasy', 'horror']"
2458340,"['fiction', 'mystery', 'romance']"
2467566,"['fiction', 'nonfiction', 'sci-fi']"
2474084,"['philosophy', 'fiction', 'nonfiction']"
2475251,"['fiction', 'historical', 'poetry']"
2479827,"['fantasy', 'fiction', 'children']"
2485785,"['fiction', 'mystery', 'romance']"
2493973,"['sci-fi', 'fiction', 'children']"
2494204,"['mystery', 'romance', 'fiction']"
2498983,"['romance', 'horror', 'fantasy']"
2501453,"['fiction', 'romance', 'nonfiction']"
2501455,"['fiction', 'romance', 'nonfiction']"
2501458,"['fiction', 'nonfiction', 'romance']"
2505836,"['philosophy', 'fiction', 'romance']"
2508164,"['horror', 'fantasy', 'romance']"
2508854,"['fiction', 'nonfiction', 'philosophy']"
2527900,"['nonfiction', 'philosophy', 'fiction']"
2536134,"['sci-fi', 'fiction', 'horror']"
2548866,"['fantasy', 'fiction', 'children']"
2570856,"['fantasy', 'horror', 'fiction']"
2579284,"['mystery', 'fiction', 'historical']"
2586771,"['fiction', 'historical', 'mystery']"
2595138,"['fiction', 'fantasy', 'romance']"
2615008,"['fiction', 'historical', 'nonfiction']"
2617684,"['children', 'fiction', 'historical']"
2637138,"['fantasy', 'graphic', 'sci-fi']"
2642070,"['historical', 'fiction', 'nonfiction']"
2653622,"['mystery', 'fiction', 'horror']"
2659997,"['historical', 'fiction', 'philosophy']"
2678349,"['philosophy', 'fiction']"
2679633,"['romance', 'horror', 'fantasy']"
2693801,"['historical', 'nonfiction', 'fiction']"
2696181,"['sci-fi', 'fiction', 'mystery']"
2702704,"['fantasy', 'horror', 'romance']"
2712967,"['romance', 'horror', 'fantasy']"
2714607,"['nonfiction', 'historical', 'fiction']"
2722413,"['horror', 'fantasy', 'romance']"
2728527,"['fiction', 'historical', 'romance']"
2731276,"['fiction', 'horror', 'nonfiction']"
2747288,"['fantasy', 'fiction', 'sci-fi']"
2750180,"['philosophy', 'fiction']"
2753843,"['horror', 'fantasy', 'romance']"
2754510,"['fantasy', 'horror', 'romance']"
2761356,"['romance', 'fiction', 'nonfiction']"
2761626,"['mystery', 'fiction', 'nonfiction']"
2767052,"['sci-fi', 'fiction', 'fantasy']"
2767793,"['fantasy', 'fiction', 'sci-fi']"
2795053,"['graphic', 'fiction', 'fantasy']"
2798094,"['fantasy', 'romance', 'horror']"
2800905,"['horror', 'fantasy', 'romance']"
2802316,"['horror', 'fantasy', 'romance']"
2804776,"['romance', 'fiction', 'historical']"
2807199,"['fiction', 'romance', 'nonfiction']"
2815590,"['fiction', 'historical', 'mystery']"
2815949,"['fiction', 'nonfiction', 'historical']"
2820533,"['horror', 'mystery', 'fantasy']"
2830067,"['fiction', 'historical', 'mystery']"
2832909,"['fiction', 'romance', 'fantasy']"
2833172,"['mystery', 'fiction', 'sci-fi']"
2836109,"['fantasy', 'horror', 'fiction']"
2845024,"['fiction', 'sci-fi', 'fantasy']"
2845287,"['fiction', 'historical', 'nonfiction']"
2854962,"['fantasy', 'children', 'fiction']"
2855034,"['fantasy', 'fiction', 'historical']"
2865944,"['children', 'fiction', 'fantasy']"
2866413,"['fantasy', 'fiction', 'horror']"
2866718,"['horror', 'fantasy', 'romance']"
2880715,"['horror', 'romance', 'historical']"
2890090,"['fantasy', 'fiction', 'horror']"
2895896,"['fiction', 'romance', 'nonfiction']"
2897258,"['fiction', 'historical', 'romance']"
2903736,"['fantasy', 'fiction', 'nonfiction']"
2906039,"['nonfiction', 'horror', 'fiction']"
2918374,"['historical', 'fiction', 'nonfiction']"
2921082,"['children', 'mystery', 'fiction']"
2924318,"['fiction', 'philosophy', 'historical']"
2936415,"['fiction', 'historical', 'nonfiction']"
2948832,"['romance', 'historical', 'fiction']"
2954411,"['fiction', 'horror', 'mystery']"
2964700,"['fantasy', 'fiction', 'horror']"
2967316,"['mystery', 'fiction', 'horror']"
2967752,"['fiction', 'nonfiction', 'philosophy']"
2977487,"['fantasy', 'horror', 'romance']"
2983489,"['fiction', 'historical', 'nonfiction']"
2983562,"['mystery', 'horror', 'fiction']"
2983654,"['mystery', 'fiction', 'horror']"
2985500,"['horror', 'romance', 'fantasy']"
2986865,"['fantasy', 'fiction', 'horror']"
2992061,"['romance', 'sci-fi', 'fantasy']"
2992069,"['horror', 'romance', 'fantasy']"
2998814,"['horror', 'fantasy', 'romance']"
2999282,"['mystery', 'fiction', 'horror']"
3002300,"['fiction', 'historical', 'children']"
3009435,"['fiction', 'historical', 'nonfiction']"
3015764,"['fiction', 'historical', 'poetry']"
3018539,"['fiction', 'fantasy', 'horror']"
3047848,"['mystery', 'fiction', 'romance']"
3047849,"['fiction', 'mystery', 'romance']"
3047850,"['fiction', 'mystery', 'romance']"
3047851,"['mystery', 'fiction', 'nonfiction']"
3052106,"['historical', 'fiction', 'graphic']"
3054684,"['horror', 'fantasy', 'romance']"
3063499,"['romance', 'fiction', 'nonfiction']"
3064985,"['fantasy', 'romance', 'horror']"
3080212,"['mystery', 'fiction', 'poetry']"
3086160,"['fiction', 'children', 'philosophy']"
3090282,"['historical', 'fiction', 'nonfiction']"
3090465,"['horror', 'fantasy', 'romance']"
3094593,"['romance', 'horror', 'fantasy']"
3097601,"['fiction', 'romance', 'philosophy']"
3099780,"['fantasy', 'horror', 'romance']"
3099787,"['horror', 'fantasy', 'romance']"
3106441,"['fiction', 'nonfiction', 'historical']"
3112850,"['fantasy', 'romance', 'horror']"
3115070,"['romance', 'horror', 'fantasy']"
3116205,"['philosophy', 'fiction', 'poetry']"
3121162,"['fiction', 'mystery', 'romance']"
3122173,"['horror', 'romance', 'fantasy']"
3124122,"['mystery', 'fiction', 'horror']"
3124249,"['fantasy', 'fiction', 'children']"
3128411,"['fantasy', 'horror', 'romance']"
3130430,"['fiction', 'historical', 'fantasy']"
3134981,"['graphic', 'fiction', 'mystery']"
3147367,"['historical', 'fiction', 'nonfiction']"
3153910,"['fiction', 'nonfiction', 'children']"
3157876,"['children', 'fiction', 'graphic']"
3165162,"['fantasy', 'horror', 'fiction']"
3173125,"['mystery', 'fiction', 'horror']"
3173558,"['graphic', 'fiction', 'sci-fi']"
3181564,"['fiction', 'nonfiction', 'romance']"
3181953,"['fiction', 'historical', 'nonfiction']"
3188186,"['mystery', 'fiction', 'horror']"
3206011,"['philosophy', 'fiction', 'poetry']"
3213286,"['romance', 'fiction', 'nonfiction']"
3216451,"['mystery', 'fiction', 'horror']"
3217221,"['horror', 'graphic', 'fantasy']"
3220405,"['fiction', 'sci-fi', 'fantasy']"
3223761,"['fiction', 'children', 'sci-fi']"
3227063,"['fantasy', 'fiction', 'horror']"
3228917,"['fiction', 'philosophy', 'nonfiction']"
3236307,"['fantasy', 'romance', 'horror']"
3238153,"['romance', 'fiction', 'fantasy']"
3240483,"['historical', 'fiction', 'nonfiction']"
3240691,"['fiction', 'historical', 'nonfiction']"
3243517,"['fiction', 'historical', 'nonfiction']"
3253215,"['fiction', 'nonfiction', 'graphic']"
3257136,"['fiction', 'historical', 'nonfiction']"
3268926,"['fiction', 'poetry', 'children']"
3272165,"['nonfiction', 'fiction', 'philosophy']"
3276012,"['fiction', 'historical', 'horror']"
3276072,"['fiction', 'children', 'mystery']"
3276637,"['fiction', 'historical', 'fantasy']"
3289281,"['fiction', 'mystery', 'nonfiction']"
3293821,"['fiction', 'children', 'graphic']"
3295695,"['fantasy', 'romance', 'horror']"
3301759,"['mystery', 'historical', 'fiction']"
3313418,"['mystery', 'fiction', 'horror']"
3320520,"['fiction', 'romance', 'horror']"
3331756,"['fiction', 'nonfiction', 'historical']"
3334563,"['children', 'fantasy', 'fiction']"
3338544,"['philosophy', 'fiction', 'historical']"
3342764,"['fantasy', 'fiction', 'horror']"
3344411,"['fiction', 'historical', 'nonfiction']"
3347892,"['fiction', 'romance', 'historical']"
3359940,"['mystery', 'children', 'fiction']"
3367956,"['fiction', 'historical', 'romance']"
3373198,"['horror', 'romance', 'fantasy']"
3389671,"['horror', 'romance', 'fantasy']"
3392089,"['fiction', 'romance', 'historical']"
3393124,"['fantasy', 'fiction', 'sci-fi']"
3398625,"['fiction', 'historical', 'horror']"
3400816,"['mystery', 'fiction', 'romance']"
3407877,"['fiction', 'historical', 'romance']"
3410425,"['mystery', 'fiction', 'horror']"
3412815,"['fiction', 'romance', 'philosophy']"
3419808,"['fiction', 'historical', 'mystery']"
3428935,"['fantasy', 'fiction', 'horror']"
3432478,"['horror', 'sci-fi', 'fantasy']"
3437328,"['sci-fi', 'fiction', 'fantasy']"
3438000,"['fiction', 'historical', 'nonfiction']"
3474186,"['romance', 'fiction', 'children']"
3475161,"['fantasy', 'horror', 'sci-fi']"
3475268,"['fantasy', 'horror', 'romance']"
3479967,"['fiction', 'historical', 'children']"
3491072,"['fiction', 'historical', 'horror']"
3492020,"['mystery', 'fiction', 'romance']"
3503947,"['fiction', 'sci-fi', 'fantasy']"
3522419,"['mystery', 'fiction', 'nonfiction']"
3545387,"['mystery', 'fiction', 'romance']"
3552023,"['children', 'mystery', 'horror']"
3554772,"['fiction', 'philosophy', 'historical']"
3556419,"['fantasy', 'horror', 'romance']"
3558003,"['horror', 'fantasy', 'romance']"
3570231,"['horror', 'fantasy', 'romance']"
3575676,"['horror', 'fantasy', 'romance']"
3585344,"['romance', 'horror', 'fantasy']"
3591262,"['fiction', 'nonfiction', 'children']"
3609760,"['horror', 'fiction', 'fantasy']"
3609763,"['horror', 'fantasy', 'fiction']"
3613997,"['mystery', 'fiction', 'horror']"
3657138,"['horror', 'fantasy', 'romance']"
3665811,"['horror', 'fantasy', 'romance']"
3673357,"['fiction', 'romance', 'children']"
3675828,"['mystery', 'fiction', 'horror']"
3678651,"['horror', 'mystery', 'fantasy']"
3684856,"['fiction', 'fantasy', 'historical']"
3690427,"['mystery', 'fiction', 'historical']"
3692091,"['fiction', 'mystery', 'romance']"
3692151,"['fiction', 'nonfiction', 'graphic']"
3697927,"['fantasy', 'children', 'fiction']"
3698601,"['fiction', 'nonfiction']"
3700085,"['fiction', 'romance', 'children']"
3710603,"['graphic', 'sci-fi', 'fiction']"
3720975,"['fiction', 'romance', 'graphic']"
3722183,"['fiction', 'historical', 'romance']"
3754016,"['fantasy', 'fiction', 'horror']"
3754026,"['fantasy', 'fiction', 'horror']"
3777732,"['fantasy', 'horror', 'fiction']"
3798703,"['fiction', 'romance', 'nonfiction']"
3819326,"['horror', 'fantasy', 'romance']"
3828382,"['fiction', 'philosophy', 'poetry']"
3831279,"['fiction', 'mystery', 'romance']"
3860977,"['fiction', 'philosophy', 'nonfiction']"
3863861,"['romance', 'fiction', 'nonfiction']"
3870943,"['fiction', 'romance', 'historical']"
3918010,"['graphic', 'fiction', 'nonfiction']"
3925836,"['historical', 'fiction', 'nonfiction']"
3934321,"['horror', 'fantasy', 'romance']"
3950967,"['fantasy', 'children', 'fiction']"
3975186,"['fiction', 'romance', 'children']"
3975774,"['fantasy', 'horror', 'romance']"
3992598,"['fantasy', 'children', 'fiction']"
3993839,"['horror', 'mystery', 'fiction']"
4005310,"['fiction', 'nonfiction', 'sci-fi']"
4016515,"['fiction', 'historical', 'poetry']"
4059448,"['historical', 'fiction', 'nonfiction']"
4066312,"['romance', 'fiction', 'nonfiction']"
4070095,"['graphic', 'fiction', 'philosophy']"
4070493,"['fantasy', 'horror', 'romance']"
4071018,"['fiction', 'romance', 'children']"
4102763,"['fiction', 'historical', 'mystery']"
4107256,"['fantasy', 'horror', 'romance']"
4110198,"['mystery', 'fiction', 'horror']"
4134071,"['horror', 'fantasy', 'romance']"
4162673,"['mystery', 'fiction', 'nonfiction']"
4201106,"['mystery', 'fiction', 'horror']"
4212386,"['fiction', 'romance', 'historical']"
4224060,"['nonfiction', 'fiction', 'philosophy']"
4268157,"['romance', 'fiction', 'nonfiction']"
4279056,"['romance', 'fiction', 'fantasy']"
4285768,"['mystery', 'fiction', 'romance']"
4313522,"['fiction', 'romance', 'nonfiction']"
4332082,"['fiction', 'historical', 'romance']"
4345290,"['fantasy', 'fiction', 'horror']"
4345498,"['fantasy', 'horror', 'romance']"
4352708,"['romance', 'horror', 'fantasy']"
4374400,"['fiction', 'romance', 'horror']"
4415692,"['fantasy', 'fiction', 'sci-fi']"
4447622,"['horror', 'fantasy', 'romance']"
4452257,"['fiction', 'fantasy', 'historical']"
4485966,"['fiction', 'philosophy', 'nonfiction']"
4488657,"['poetry', 'fiction', 'historical']"
4494917,"['mystery', 'fiction', 'children']"
4497978,"['romance', 'horror', 'fantasy']"
4499214,"['sci-fi', 'fantasy', 'fiction']"
4499669,"['romance', 'fiction', 'philosophy']"
4502507,"['fantasy', 'children', 'horror']"
4502877,"['horror', 'fantasy', 'romance']"
4505161,"['mystery', 'horror', 'fiction']"
4527502,"['mystery', 'fiction', 'nonfiction']"
4566934,"['romance', 'fiction', 'nonfiction']"
4570679,"['romance', 'fiction', 'nonfiction']"
4570768,"['fiction', 'romance', 'horror']"
4588949,"['fantasy', 'fiction', 'horror']"
4601396,"['fiction', 'mystery', 'poetry']"
4609710,"['fiction', 'romance', 'children']"
4618728,"['fiction', 'historical', 'romance']"
4618898,"['fiction', 'historical', 'romance']"
4634266,"['graphic', 'fantasy', 'fiction']"
4653511,"['fiction', 'nonfiction', 'historical']"
4667024,"['fiction', 'historical', 'romance']"
4673605,"['horror', 'mystery', 'fiction']"
4699575,"['mystery', 'sci-fi', 'fiction']"
4701550,"['romance', 'horror', 'fantasy']"
4703427,"['fantasy', 'fiction', 'horror']"
4703450,"['fantasy', 'fiction', 'horror']"
4703581,"['fiction', 'fantasy', 'mystery']"
4714126,"['horror', 'graphic', 'fiction']"
4758093,"['romance', 'fiction', 'nonfiction']"
4765642,"['fiction', 'historical', 'poetry']"
4769247,"['horror', 'romance', 'fantasy']"
4769651,"['fantasy', 'children', 'fiction']"
4772110,"['fiction', 'nonfiction', 'poetry']"
4789801,"['fiction', 'fantasy', 'mystery']"
4800764,"['romance', 'fiction', 'nonfiction']"
4808763,"['fiction', 'sci-fi', 'nonfiction']"
4835838,"['children', 'fiction', 'fantasy']"
4836308,"['fiction', 'romance', 'fantasy']"
4837112,"['fantasy', 'children', 'horror']"
4893390,"['fantasy', 'horror', 'children']"
4902793,"['horror', 'fantasy', 'romance']"
4912857,"['fiction', 'mystery', 'fantasy']"
4922079,"['fiction', 'sci-fi', 'horror']"
4924862,"['fiction', 'nonfiction', 'philosophy']"
4929705,"['fiction', 'mystery', 'romance']"
4932435,"['fantasy', 'romance', 'horror']"
4935682,"['fantasy', 'children', 'fiction']"
4936457,"['historical', 'fiction', 'sci-fi']"
4946005,"['mystery', 'fiction', 'horror']"
4954833,"['fiction', 'historical', 'romance']"
4957350,"['fiction', 'nonfiction', 'historical']"
4961048,"['historical', 'fiction', 'nonfiction']"
4961959,"['fantasy', 'graphic', 'horror']"
5024334,"['romance', 'fiction', 'nonfiction']"
5031805,"['philosophy', 'fiction', 'nonfiction']"
5047880,"['sci-fi', 'fiction', 'horror']"
5048174,"['fiction', 'sci-fi', 'nonfiction']"
5053547,"['mystery', 'romance', 'horror']"
5056084,"['fantasy', 'romance', 'horror']"
5060378,"['mystery', 'fiction', 'horror']"
5061675,"['fantasy', 'fiction', 'nonfiction']"
5082599,"['romance', 'fiction', 'nonfiction']"
5093760,"['historical', 'fiction', 'romance']"
5098079,"['horror', 'romance', 'fantasy']"
5103512,"['fiction', 'nonfiction', 'romance']"
5111039,"['horror', 'romance', 'fantasy']"
5126859,"['fantasy', 'fiction', 'romance']"
5135798,"['romance', 'fiction', 'sci-fi']"
5148720,"['fantasy', 'horror', 'romance']"
5152478,"['fiction', 'horror', 'fantasy']"
5152561,"['fantasy', 'romance', 'horror']"
5153799,"['horror', 'romance', 'historical']"
5161066,"['horror', 'fantasy', 'romance']"
5168517,"['romance', 'fiction', 'children']"
5171894,"['mystery', 'fiction', 'horror']"
5199185,"['fiction', 'sci-fi', 'graphic']"
5201089,"['fantasy', 'horror', 'fiction']"
5206937,"['historical', 'fiction', 'nonfiction']"
5212771,"['horror', 'fantasy', 'romance']"
5215879,"['horror', 'fantasy', 'romance']"
5217282,"['fantasy', 'children', 'fiction']"
5231173,"['romance', 'fiction', 'horror']"
5266667,"['fantasy', 'children', 'romance']"
5267365,"['romance', 'mystery', 'fiction']"
5287473,"['horror', 'fantasy', 'romance']"
5291189,"['philosophy', 'fiction', 'historical']"
5292173,"['sci-fi', 'fiction', 'fantasy']"
5292853,"['fantasy', 'horror', 'romance']"
5295735,"['fiction', 'historical', 'fantasy']"
5303373,"['fiction', 'philosophy', 'romance']"
5310515,"['fiction', 'children', 'sci-fi']"
5355136,"['mystery', 'fiction', 'romance']"
5356711,"['fiction', 'mystery', 'philosophy']"
5391115,"['horror', 'fantasy', 'romance']"
5396496,"['fiction', 'romance', 'nonfiction']"
5422154,"['mystery', 'fiction', 'romance']"
5489684,"['horror', 'romance', 'fantasy']"
5509321,"['mystery', 'fiction', 'horror']"
5509920,"['romance', 'horror', 'fantasy']"
5510384,"['poetry', 'fiction', 'romance']"
5551522,"['mystery', 'fiction', 'horror']"
5556466,"['mystery', 'fiction', 'nonfiction']"
5556595,"['fiction', 'romance', 'historical']"
5557442,"['fiction', 'romance', 'philosophy']"
5558786,"['sci-fi', 'fiction', 'horror']"
5585788,"['fantasy', 'horror', 'romance']"
5587960,"['fiction', 'nonfiction', 'romance']"
5598113,"['romance', 'fiction', 'nonfiction']"
5599692,"['graphic', 'fiction', 'fantasy']"
5600151,"['mystery', 'fiction', 'nonfiction']"
5604848,"['horror', 'fantasy', 'romance']"
5607622,"['fiction', 'historical', 'horror']"
5618698,"['horror', 'romance', 'fantasy']"
5628753,"['romance', 'horror', 'fantasy']"
5632446,"['fiction', 'mystery', 'historical']"
5664022,"['philosophy', 'fiction', 'nonfiction']"
5664985,"['romance', 'fiction', 'children']"
5739373,"['mystery', 'fiction', 'horror']"
5750628,"['fantasy', 'horror', 'fiction']"
5764902,"['mystery', 'fiction', 'romance']"
5771014,"['fiction', 'philosophy', 'nonfiction']"
5776788,"['fantasy', 'horror', 'fiction']"
5821978,"['romance', 'fiction', 'fantasy']"
5861926,"['children', 'mystery', 'horror']"
5883777,"['philosophy', 'fiction', 'nonfiction']"
5886881,"['mystery', 'fiction', 'horror']"
5899779,"['horror', 'fantasy', 'fiction']"
5933841,"['fiction', 'mystery', 'poetry']"
5941033,"['fiction', 'historical', 'nonfiction']"
5941079,"['romance', 'fiction', 'mystery']"
5941233,"['horror', 'fantasy', 'mystery']"
5943970,"['mystery', 'romance', 'fiction']"
5957702,"['mystery', 'fiction', 'sci-fi']"
5960325,"['fiction', 'historical', 'romance']"
5971165,"['fiction', 'historical', 'romance']"
5972040,"['children', 'mystery', 'fiction']"
5981415,"['romance', 'fiction', 'children']"
5981872,"['romance', 'historical', 'fiction']"
5983057,"['fiction', 'mystery', 'historical']"
5983694,"['children', 'fantasy', 'fiction']"
5986375,"['fiction', 'philosophy', 'nonfiction']"
5989573,"['graphic', 'fiction', 'fantasy']"
5996153,"['horror', 'fantasy', 'romance']"
5996209,"['fantasy', 'horror', 'romance']"
6006518,"['horror', 'fantasy', 'romance']"
6013511,"['romance', 'mystery', 'fiction']"
6021523,"['fiction', 'romance', 'children']"
6023056,"['fiction', 'romance', 'philosophy']"
6043849,"['sci-fi', 'fiction', 'fantasy']"
6045456,"['mystery', 'fiction', 'historical']"
6048530,"['mystery', 'fiction', 'romance']"
6049585,"['mystery', 'horror', 'fiction']"
6050298,"['fantasy', 'horror', 'romance']"
6050678,"['fiction', 'fantasy', 'historical']"
6054190,"['romance', 'fiction', 'children']"
6054449,"['children', 'fiction', 'romance']"
6055063,"['fiction', 'historical', 'nonfiction']"
6063187,"['romance', 'fiction', 'horror']"
6065182,"['fiction', 'horror', 'mystery']"
6065215,"['horror', 'sci-fi', 'mystery']"
6066819,"['romance', 'fiction', 'mystery']"
6068551,"['romance', 'fantasy', 'fiction']"
6070950,"['romance', 'fiction', 'nonfiction']"
6076387,"['fiction', 'nonfiction', 'children']"
6076768,"['mystery', 'fiction', 'horror']"
6080337,"['fiction', 'sci-fi', 'fantasy']"
6080420,"['fiction', 'romance', 'sci-fi']"
6080822,"['fiction', 'romance', 'mystery']"
6080889,"['fantasy', 'romance', 'horror']"
6081685,"['graphic', 'fiction', 'romance']"
6081686,"['graphic', 'romance', 'fiction']"
6087756,"['fantasy', 'horror', 'mystery']"
6098691,"['fantasy', 'romance', 'horror']"
6101138,"['fiction', 'historical', 'nonfiction']"
6101718,"['fantasy', 'fiction', 'horror']"
6104943,"['romance', 'fiction', 'nonfiction']"
6114607,"['historical', 'fiction', 'nonfiction']"
6115138,"['mystery', 'fiction', 'romance']"
6117055,"['nonfiction', 'fiction', 'sci-fi']"
6120349,"['graphic', 'horror', 'fantasy']"
6122735,"['fantasy', 'fiction', 'horror']"
6131786,"['fiction', 'historical', 'romance']"
6134826,"['fantasy', 'horror', 'romance']"
6135237,"['fiction', 'romance', 'nonfiction']"
6137154,"['fantasy', 'romance', 'horror']"
6145711,"['horror', 'graphic', 'fiction']"
6148028,"['sci-fi', 'fantasy', 'romance']"
6150530,"['fiction', 'nonfiction', 'sci-fi']"
6164358,"['children', 'fiction', 'mystery']"
6167746,"['horror', 'fantasy', 'romance']"
6178065,"['horror', 'fantasy', 'fiction']"
6178648,"['fiction', 'historical', 'nonfiction']"
6186357,"['sci-fi', 'fiction', 'fantasy']"
6193821,"['mystery', 'fiction', 'romance']"
6193923,"['mystery', 'fiction', 'horror']"
6202318,"['horror', 'fantasy', 'romance']"
6202342,"['fiction', 'horror', 'fantasy']"
6202556,"['fiction', 'children', 'historical']"
6202661,"['romance', 'fiction', 'nonfiction']"
6202690,"['horror', 'fiction', 'fantasy']"
6218007,"['graphic', 'romance', 'fiction']"
6218281,"['mystery', 'fiction', 'historical']"
6219656,"['nonfiction', 'fiction', 'historical']"
6224826,"['fiction', 'poetry', 'romance']"
6224895,"['mystery', 'historical', 'fiction']"
6224935,"['fiction', 'romance', 'nonfiction']"
6236809,"['graphic', 'romance', 'fantasy']"
6239873,"['fiction', 'romance', 'historical']"
6250169,"['fantasy', 'fiction', 'sci-fi']"
6251012,"['nonfiction', 'horror', 'fiction']"
6251222,"['fiction', 'mystery', 'children']"
6255144,"['children', 'mystery', 'horror']"
6255949,"['fiction', 'sci-fi', 'fantasy']"
6257535,"['fiction', 'historical', 'poetry']"
6260997,"['fiction', 'romance', 'nonfiction']"
6261270,"['fiction', 'philosophy', 'poetry']"
6261477,"['fiction', 'historical', 'romance']"
6261522,"['horror', 'mystery', 'fantasy']"
6261961,"['fiction', 'romance', 'nonfiction']"
6262365,"['horror', 'fantasy', 'romance']"
6264710,"['romance', 'historical', 'fiction']"
6266907,"['mystery', 'fiction', 'historical']"
6267237,"['horror', 'fantasy', 'romance']"
6277410,"['fantasy', 'children', 'graphic']"
6280118,"['fiction', 'romance', 'nonfiction']"
6280379,"['fiction', 'historical', 'children']"
6282334,"['fiction', 'historical', 'nonfiction']"
6282753,"['fiction', 'romance', 'nonfiction']"
6287290,"['mystery', 'fiction', 'horror']"
6289283,"['fiction', 'historical', 'nonfiction']"
6289920,"['romance', 'horror', 'fantasy']"
6289938,"['horror', 'fantasy', 'romance']"
6294549,"['fantasy', 'horror', 'mystery']"
6294553,"['romance', 'horror', 'fantasy']"
6303704,"['historical', 'fiction', 'poetry']"
6303733,"['fiction', 'romance', 'nonfiction']"
6304335,"['fantasy', 'horror', 'romance']"
6311614,"['fantasy', 'fiction', 'mystery']"
6314763,"['fiction', 'historical', 'mystery']"
6315602,"['horror', 'fantasy', 'romance']"
6316171,"['fiction', 'children', 'horror']"
6316821,"['fantasy', 'fiction', 'horror']"
6319978,"['horror', 'fantasy', 'romance']"
6320534,"['fiction', 'horror', 'nonfiction']"
6323821,"['fiction', 'poetry', 'historical']"
6324090,"['historical', 'children', 'fantasy']"
6324903,"['mystery', 'fiction', 'horror']"
6326920,"['fiction', 'historical', 'nonfiction']"
6329547,"['fantasy', 'romance', 'horror']"
6330323,"['fiction', 'historical', 'nonfiction']"
6332526,"['fiction', 'nonfiction', 'philosophy']"
6335026,"['mystery', 'fiction', 'children']"
6337006,"['romance', 'horror', 'fantasy']"
6338619,"['fiction', 'mystery', 'fantasy']"
6339304,"['mystery', 'fiction', 'horror']"
6339664,"['fantasy', 'romance', 'horror']"
6339989,"['horror', 'fantasy', 'romance']"
6340016,"['historical', 'fiction', 'nonfiction']"
6340471,"['fiction', 'historical', 'romance']"
6342491,"['fantasy', 'romance', 'horror']"
6344097,"['fiction', 'fantasy', 'horror']"
6344423,"['horror', 'fantasy', 'romance']"
6344534,"['sci-fi', 'fiction', 'mystery']"
6344832,"['mystery', 'horror', 'fantasy']"
6345193,"['fiction', 'mystery', 'nonfiction']"
6345760,"['children', 'fantasy', 'fiction']"
6346975,"['fiction', 'nonfiction', 'philosophy']"
6348045,"['fiction', 'children', 'fantasy']"
6351910,"['historical', 'fiction', 'sci-fi']"
6351939,"['fantasy', 'romance', 'horror']"
6356190,"['nonfiction', 'fantasy', 'horror']"
6357022,"['romance', 'fiction', 'nonfiction']"
6359434,"['fiction', 'sci-fi', 'fantasy']"
6361871,"['fiction', 'historical', 'nonfiction']"
6365221,"['historical', 'fiction', 'philosophy']"
6366437,"['fiction', 'historical', 'nonfiction']"
6368610,"['fantasy', 'romance', 'horror']"
6368611,"['fantasy', 'romance', 'horror']"
6371117,"['horror', 'fantasy', 'romance']"
6373717,"['fiction', 'romance', 'horror']"
6375845,"['graphic', 'fiction', 'mystery']"
6380822,"['horror', 'fantasy', 'romance']"
6381205,"['fantasy', 'horror', 'romance']"
6386555,"['fiction', 'nonfiction', 'poetry']"
6387565,"['fantasy', 'sci-fi', 'horror']"
6388558,"['horror', 'romance', 'fantasy']"
6389257,"['fiction', 'poetry', 'mystery']"
6389704,"['children', 'mystery', 'horror']"
6390031,"['mystery', 'nonfiction', 'fiction']"
6393047,"['children', 'mystery', 'horror']"
6393082,"['fiction', 'sci-fi', 'fantasy']"
6393631,"['children', 'fiction', 'graphic']"
6393972,"['sci-fi', 'fiction', 'horror']"
6395833,"['fiction', 'nonfiction', 'horror']"
6398634,"['fiction', 'historical', 'philosophy']"
6398972,"['fiction', 'nonfiction', 'mystery']"
6400090,"['romance', 'fiction', 'children']"
6402364,"['nonfiction', 'fiction', 'philosophy']"
6403690,"['philosophy', 'fiction', 'poetry']"
6404621,"['historical', 'fiction', 'nonfiction']"
6405929,"['mystery', 'fiction', 'horror']"
6406018,"['graphic', 'fantasy', 'horror']"
6407014,"['historical', 'fiction', 'graphic']"
6407514,"['fantasy', 'children', 'fiction']"
6408862,"['fiction', 'mystery', 'romance']"
6411016,"['fiction', 'historical', 'poetry']"
6411961,"['mystery', 'fiction', 'horror']"
6413193,"['mystery', 'fiction', 'horror']"
6419566,"['graphic', 'romance', 'fiction']"
6419887,"['fiction', 'historical', 'nonfiction']"
6420846,"['sci-fi', 'horror', 'fiction']"
6421588,"['horror', 'romance', 'fantasy']"
6422680,"['historical', 'fiction', 'romance']"
6424184,"['horror', 'fantasy', 'romance']"
6428887,"['fiction', 'horror', 'mystery']"
6431790,"['fantasy', 'sci-fi', 'fiction']"
6433344,"['romance', 'fiction', 'nonfiction']"
6433752,"['fiction', 'historical', 'nonfiction']"
6433836,"['mystery', 'fiction', 'poetry']"
6437061,"['fantasy', 'fiction', 'romance']"
6441509,"['horror', 'fantasy', 'romance']"
6441654,"['philosophy', 'fiction', 'horror']"
6442769,"['fiction', 'horror', 'romance']"
6443349,"['fantasy', 'children', 'fiction']"
6443834,"['fiction', 'fantasy', 'sci-fi']"
6448470,"['fantasy', 'romance', 'horror']"
6448482,"['graphic', 'fantasy', 'horror']"
6449290,"['fiction', 'nonfiction', 'historical']"
6449422,"['fiction', 'fantasy', 'nonfiction']"
6449551,"['mystery', 'fiction', 'horror']"
6452731,"['fiction', 'philosophy', 'nonfiction']"
6452760,"['fiction', 'historical', 'nonfiction']"
6452796,"['fiction', 'philosophy', 'nonfiction']"
6452806,"['historical', 'fiction', 'nonfiction']"
6455256,"['mystery', 'fiction', 'horror']"
6457081,"['fiction', 'historical', 'nonfiction']"
6457229,"['horror', 'fantasy', 'fiction']"
6460331,"['fiction', 'romance', 'sci-fi']"
6463967,"['fiction', 'nonfiction', 'historical']"
6464094,"['mystery', 'children', 'fantasy']"
6464937,"['nonfiction', 'fiction', 'poetry']"
6465707,"['graphic', 'horror', 'fiction']"
6466909,"['horror', 'fiction', 'fantasy']"
6468666,"['horror', 'fantasy', 'romance']"
6469165,"['fiction', 'romance', 'mystery']"
6471550,"['graphic', 'fantasy', 'fiction']"
6472246,"['fiction', 'historical', 'nonfiction']"
6472451,"['fantasy', 'romance', 'fiction']"
6474550,"['fiction', 'nonfiction', 'poetry']"
6479259,"['horror', 'fantasy', 'romance']"
6479550,"['fantasy', 'horror', 'romance']"
6480781,"['historical', 'fiction', 'nonfiction']"
6481245,"['horror', 'romance', 'fantasy']"
6482837,"['fiction', 'romance', 'fantasy']"
6485421,"['fantasy', 'horror', 'romance']"
6486483,"['fiction', 'philosophy', 'nonfiction']"
6487308,"['fantasy', 'romance', 'horror']"
6488483,"['horror', 'graphic', 'fiction']"
6489529,"['fiction', 'historical', 'fantasy']"
6493208,"['fiction', 'historical', 'nonfiction']"
6493321,"['fiction', 'historical', 'philosophy']"
6495359,"['mystery', 'fiction', 'sci-fi']"
6496815,"['fiction', 'children', 'nonfiction']"
6497645,"['mystery', 'fiction', 'horror']"
6505109,"['fiction', 'romance', 'historical']"
6506085,"['fiction', 'nonfiction', 'historical']"
6506307,"['fiction', 'sci-fi', 'historical']"
6512140,"['fiction', 'fantasy', 'horror']"
6512154,"['fiction', 'historical', 'nonfiction']"
6514074,"['historical', 'fiction', 'nonfiction']"
6515834,"['philosophy', 'fiction', 'poetry']"
6516450,"['fiction', 'nonfiction', 'philosophy']"
6517407,"['fiction', 'romance', 'poetry']"
6527740,"['horror', 'fantasy', 'romance']"
6528034,"['mystery', 'fiction', 'horror']"
6532496,"['fiction', 'romance', 'children']"
6534132,"['children', 'fiction', 'historical']"
6534932,"['historical', 'fiction', 'nonfiction']"
6538757,"['romance', 'mystery', 'fiction']"
6539596,"['romance', 'fiction', 'horror']"
6542645,"['mystery', 'romance', 'fiction']"
6545536,"['children', 'mystery', 'fiction']"
6547187,"['horror', 'romance', 'fantasy']"
6547188,"['fantasy', 'horror', 'romance']"
6553733,"['mystery', 'fiction', 'historical']"
6555517,"['horror', 'sci-fi', 'fiction']"
6559316,"['horror', 'fiction', 'fantasy']"
6562380,"['fantasy', 'fiction', 'historical']"
6566616,"['mystery', 'horror', 'fiction']"
6566722,"['mystery', 'fiction', 'romance']"
6567017,"['fiction', 'romance', 'fantasy']"
6570502,"['fiction', 'philosophy', 'nonfiction']"
6571723,"['horror', 'fantasy', 'romance']"
6574102,"['mystery', 'fiction', 'romance']"
6574542,"['mystery', 'fiction', 'horror']"
6578293,"['children', 'fiction', 'graphic']"
6578507,"['fiction', 'historical', 'romance']"
6581511,"['fantasy', 'horror', 'romance']"
6582637,"['horror', 'romance', 'fantasy']"
6584134,"['romance', 'historical', 'fiction']"
6584188,"['romance', 'fiction', 'nonfiction']"
6585201,"['fantasy', 'horror', 'sci-fi']"
6587387,"['fantasy', 'horror', 'romance']"
6587879,"['horror', 'fiction', 'fantasy']"
6589074,"['fiction', 'historical', 'children']"
6596542,"['mystery', 'fiction', 'nonfiction']"
6596547,"['fiction', 'children', 'horror']"
6597651,"['sci-fi', 'fiction', 'fantasy']"
6600137,"['fantasy', 'horror', 'romance']"
6600807,"['horror', 'fantasy', 'romance']"
6604209,"['fantasy', 'fiction', 'sci-fi']"
6604712,"['fiction', 'philosophy', 'nonfiction']"
6604794,"['romance', 'fiction', 'poetry']"
6604887,"['romance', 'fiction', 'nonfiction']"
6605625,"['horror', 'sci-fi', 'fiction']"
6606456,"['mystery', 'fiction', 'romance']"
6606855,"['graphic', 'horror', 'sci-fi']"
6609490,"['horror', 'fantasy', 'romance']"
6609549,"['fiction', 'romance', 'horror']"
6609714,"['romance', 'fiction', 'poetry']"
6609758,"['horror', 'fiction', 'sci-fi']"
6609764,"['fiction', 'children', 'historical']"
6609765,"['fiction', 'children', 'fantasy']"
6609864,"['romance', 'fiction', 'fantasy']"
6611038,"['fantasy', 'horror', 'romance']"
6612005,"['graphic', 'fantasy', 'romance']"
6613956,"['fiction', 'romance', 'poetry']"
6614886,"['nonfiction', 'fiction', 'graphic']"
6614960,"['fiction', 'mystery', 'romance']"
6617185,"['fiction', 'nonfiction', 'fantasy']"
6617928,"['fiction', 'nonfiction', 'romance']"
6618272,"['fantasy', 'romance', 'horror']"
6619499,"['horror', 'romance', 'fantasy']"
6621101,"['mystery', 'historical', 'fiction']"
6621143,"['romance', 'fiction', 'children']"
6621287,"['fiction', 'romance', 'nonfiction']"
6630751,"['mystery', 'fiction', 'horror']"
6631792,"['romance', 'fiction', 'fantasy']"
6634409,"['romance', 'mystery', 'fiction']"
6642402,"['romance', 'mystery', 'fiction']"
6642715,"['fiction', 'philosophy', 'romance']"
6643090,"['fiction', 'romance', 'nonfiction']"
6644117,"['romance', 'horror', 'fantasy']"
6647312,"['fiction', 'philosophy', 'children']"
6654104,"['fantasy', 'children', 'fiction']"
6654313,"['fantasy', 'romance', 'fiction']"
6659254,"['fantasy', 'horror', 'romance']"
6660747,"['romance', 'horror', 'fantasy']"
6662883,"['graphic', 'fantasy', 'children']"
6665671,"['fiction', 'mystery', 'horror']"
6667514,"['fiction', 'nonfiction', 'philosophy']"
6668467,"['fiction', 'romance', 'historical']"
6672183,"['graphic', 'fiction', 'mystery']"
6674372,"['fiction', 'mystery', 'children']"
6678884,"['mystery', 'fiction', 'children']"
6681333,"['horror', 'fantasy', 'fiction']"
6681454,"['mystery', 'fiction', 'children']"
6686092,"['sci-fi', 'fiction', 'horror']"
6686101,"['sci-fi', 'fiction', 'horror']"
6686671,"['graphic', 'fiction', 'romance']"
6687247,"['fiction', 'nonfiction', 'historical']"
6688087,"['mystery', 'fiction', 'historical']"
6688121,"['fiction', 'poetry', 'philosophy']"
6690798,"['fiction', 'sci-fi', 'horror']"
6690979,"['graphic', 'fantasy', 'horror']"
6691426,"['fantasy', 'fiction', 'horror']"
6692041,"['fiction', 'historical', 'nonfiction']"
6693332,"['fantasy', 'fiction', 'horror']"
6694937,"['fiction', 'nonfiction', 'historical']"
6696465,"['children', 'fiction', 'fantasy']"
6696602,"['horror', 'fantasy', 'romance']"
6697305,"['children', 'mystery', 'fiction']"
6713071,"['fiction', 'historical', 'nonfiction']"
6718608,"['fiction', 'romance', 'mystery']"
6723348,"['horror', 'fiction', 'mystery']"
6726595,"['horror', 'fantasy', 'romance']"
6728738,"['fiction', 'historical', 'romance']"
6732019,"['fiction', 'nonfiction', 'graphic']"
6735082,"['graphic', 'fiction', 'romance']"
6736971,"['fantasy', 'fiction', 'horror']"
6746018,"['fiction', 'mystery', 'historical']"
6751356,"['fiction', 'historical', 'nonfiction']"
6752378,"['fantasy', 'horror', 'romance']"
6758331,"['romance', 'horror', 'fantasy']"
6758423,"['philosophy', 'fiction', 'historical']"
6763961,"['horror', 'fantasy', 'romance']"
6765740,"['romance', 'fiction', 'nonfiction']"
6777616,"['mystery', 'fiction', 'horror']"
6780439,"['horror', 'fantasy', 'romance']"
6781956,"['romance', 'fiction', 'nonfiction']"
6791212,"['historical', 'fiction', 'nonfiction']"
6792458,"['fiction', 'nonfiction', 'historical']"
6801582,"['fantasy', 'romance', 'horror']"
6801614,"['graphic', 'fantasy', 'horror']"
6801652,"['graphic', 'horror', 'romance']"
6818019,"['fiction', 'historical', 'nonfiction']"
6828896,"['fiction', 'historical', 'nonfiction']"
6834410,"['fiction', 'nonfiction', 'poetry']"
6837103,"['fiction', 'historical', 'nonfiction']"
6839093,"['graphic', 'mystery', 'fiction']"
6855294,"['fiction', 'mystery', 'nonfiction']"
6867952,"['graphic', 'horror', 'fantasy']"
6871616,"['romance', 'horror', 'fantasy']"
6871617,"['horror', 'fantasy', 'romance']"
6871646,"['children', 'fiction', 'poetry']"
6871737,"['fiction', 'children', 'historical']"
6878614,"['mystery', 'fiction', 'horror']"
6891433,"['mystery', 'fiction', 'horror']"
6892870,"['mystery', 'fiction', 'nonfiction']"
6905012,"['fiction', 'children', 'romance']"
6905534,"['horror', 'fantasy', 'romance']"
6907672,"['horror', 'nonfiction', 'fantasy']"
6909544,"['sci-fi', 'fiction', 'fantasy']"
6911529,"['graphic', 'romance', 'fiction']"
6916963,"['fantasy', 'horror', 'romance']"
6917952,"['horror', 'fantasy', 'romance']"
6918909,"['fantasy', 'romance', 'horror']"
6919272,"['fantasy', 'sci-fi', 'fiction']"
6922622,"['historical', 'nonfiction', 'fiction']"
6926176,"['fiction', 'historical', 'romance']"
6928893,"['fiction', 'romance', 'children']"
6931246,"['fantasy', 'fiction', 'horror']"
6931356,"['romance', 'fiction', 'nonfiction']"
6933152,"['fantasy', 'horror', 'romance']"
6933876,"['fantasy', 'horror', 'fiction']"
6934395,"['horror', 'fantasy', 'romance']"
6936382,"['romance', 'fiction', 'nonfiction']"
6937878,"['horror', 'romance', 'fantasy']"
6939939,"['fiction', 'romance', 'children']"
6944032,"['romance', 'horror', 'fantasy']"
6944566,"['fiction', 'philosophy', 'children']"
6945530,"['fiction', 'horror', 'fantasy']"
6948436,"['fiction', 'historical', 'poetry']"
6950688,"['romance', 'mystery', 'fiction']"
6952423,"['historical', 'fiction', 'poetry']"
6953500,"['horror', 'romance', 'fantasy']"
6954438,"['graphic', 'sci-fi', 'fiction']"
6966823,"['fiction', 'philosophy', 'nonfiction']"
6969361,"['romance', 'fiction']"
6977769,"['mystery', 'fiction', 'children']"
6987558,"['mystery', 'fiction', 'horror']"
6988014,"['fiction', 'nonfiction', 'historical']"
7005479,"['fiction', 'historical', 'fantasy']"
7005865,"['fantasy', 'fiction', 'children']"
7006562,"['horror', 'nonfiction', 'graphic']"
7010683,"['romance', 'fiction', 'children']"
7011225,"['fiction', 'philosophy', 'fantasy']"
7011403,"['fantasy', 'fiction', 'horror']"
7011879,"['romance', 'fiction', 'horror']"
7015403,"['fiction', 'philosophy', 'poetry']"
7015635,"['fiction', 'nonfiction', 'philosophy']"
7023554,"['mystery', 'fiction', 'romance']"
7025086,"['sci-fi', 'fiction', 'graphic']"
7027569,"['fiction', 'mystery', 'historical']"
7039218,"['horror', 'romance', 'fantasy']"
7046495,"['romance', 'horror', 'fantasy']"
7048800,"['fiction', 'fantasy', 'nonfiction']"
7054123,"['fiction', 'historical', 'nonfiction']"
7058405,"['mystery', 'fiction', 'romance']"
7059135,"['sci-fi', 'fiction', 'fantasy']"
7060582,"['horror', 'fantasy', 'romance']"
7074000,"['romance', 'fiction', 'nonfiction']"
7076706,"['romance', 'mystery', 'fiction']"
7078265,"['mystery', 'fiction', 'children']"
7090290,"['historical', 'fiction', 'romance']"
7090447,"['fantasy', 'children', 'horror']"
7090785,"['horror', 'fiction', 'fantasy']"
7091370,"['romance', 'fiction', 'nonfiction']"
7091488,"['horror', 'fantasy', 'romance']"
7091713,"['horror', 'fantasy', 'romance']"
7093222,"['mystery', 'fiction', 'nonfiction']"
7093952,"['mystery', 'fiction', 'nonfiction']"
7094569,"['horror', 'sci-fi', 'fiction']"
7095831,"['sci-fi', 'fiction', 'horror']"
7096123,"['mystery', 'fiction', 'historical']"
7098304,"['romance', 'horror', 'fantasy']"
7099273,"['historical', 'fiction', 'nonfiction']"
7099389,"['mystery', 'fiction', 'poetry']"
7100490,"['fantasy', 'horror', 'romance']"
7108001,"['horror', 'fiction', 'fantasy']"
7108725,"['fiction', 'philosophy', 'nonfiction']"
7114761,"['romance', 'fiction', 'children']"
7116709,"['fantasy', 'sci-fi', 'fiction']"
7119070,"['romance', 'fiction', 'nonfiction']"
7121598,"['horror', 'fantasy', 'romance']"
7122034,"['mystery', 'fiction', 'horror']"
7124095,"['fantasy', 'horror', 'romance']"
7124101,"['fantasy', 'horror', 'fiction']"
7124475,"['romance', 'fiction']"
7128341,"['fantasy', 'horror', 'fiction']"
7129588,"['romance', 'fiction', 'fantasy']"
7129598,"['horror', 'fantasy', 'romance']"
7130616,"['fantasy', 'romance', 'horror']"
7132363,"['fiction', 'sci-fi', 'mystery']"
7134201,"['mystery', 'fiction', 'horror']"
7134202,"['mystery', 'fiction', 'nonfiction']"
7135858,"['fantasy', 'fiction', 'romance']"
7137327,"['sci-fi', 'horror', 'fiction']"
7137775,"['romance', 'fiction', 'nonfiction']"
7140220,"['horror', 'fiction', 'historical']"
7140754,"['fiction', 'nonfiction', 'sci-fi']"
7141642,"['fiction', 'historical', 'poetry']"
7144426,"['mystery', 'fiction', 'horror']"
7145565,"['mystery', 'fiction', 'nonfiction']"
7146335,"['fiction', 'nonfiction', 'poetry']"
7147831,"['fiction', 'historical', 'nonfiction']"
7148256,"['fiction', 'historical', 'romance']"
7148931,"['fiction', 'nonfiction', 'philosophy']"
7150174,"['children', 'fiction', 'fantasy']"
7150178,"['children', 'fiction', 'graphic']"
7155145,"['fiction', 'philosophy', 'nonfiction']"
7156505,"['mystery', 'fiction', 'horror']"
7157310,"['horror', 'sci-fi', 'fiction']"
7159016,"['horror', 'romance', 'fantasy']"
7159515,"['mystery', 'fiction', 'horror']"
7164343,"['mystery', 'fiction', 'horror']"
7165300,"['fantasy', 'fiction', 'horror']"
7165405,"['fantasy', 'fiction', 'horror']"
7170627,"['fiction', 'nonfiction', 'historical']"
7171637,"['fantasy', 'horror', 'romance']"
7171856,"['fiction', 'sci-fi', 'fantasy']"
7171876,"['poetry', 'fiction', 'romance']"
7176578,"['fiction', 'historical', 'nonfiction']"
7180727,"['mystery', 'fiction', 'historical']"
7182899,"['children', 'mystery', 'horror']"
7187395,"['fiction', 'poetry', 'romance']"
7189177,"['mystery', 'fiction', 'sci-fi']"
7198269,"['romance', 'historical', 'fiction']"
7198988,"['fantasy', 'horror', 'romance']"
7199667,"['fantasy', 'children', 'fiction']"
7200351,"['fantasy', 'horror', 'romance']"
7201913,"['fantasy', 'fiction', 'sci-fi']"
7202825,"['romance', 'nonfiction', 'fiction']"
7202829,"['mystery', 'fiction', 'horror']"
7202831,"['mystery', 'fiction', 'nonfiction']"
7202841,"['graphic', 'horror', 'fantasy']"
7203669,"['mystery', 'fiction', 'horror']"
7203690,"['romance', 'fiction', 'nonfiction']"
7227174,"['romance', 'fiction', 'children']"
7234828,"['fantasy', 'horror', 'romance']"
7235533,"['fantasy', 'fiction', 'horror']"
7237456,"['fiction', 'nonfiction', 'sci-fi']"
7243142,"['fantasy', 'children', 'fiction']"
7247854,"['fiction', 'nonfiction', 'historical']"
7257982,"['mystery', 'fiction', 'horror']"
7260188,"['sci-fi', 'fiction', 'fantasy']"
7261549,"['fantasy', 'horror', 'mystery']"
7262166,"['mystery', 'romance', 'fiction']"
7263429,"['fantasy', 'horror', 'romance']"
7264206,"['mystery', 'fiction', 'nonfiction']"
7268995,"['children', 'fiction', 'historical']"
7274337,"['fiction', 'historical', 'romance']"
7277715,"['mystery', 'fiction', 'horror']"
7278837,"['fiction', 'children', 'nonfiction']"
7285498,"['fantasy', 'horror', 'romance']"
7290826,"['romance', 'fiction', 'children']"
7296271,"['horror', 'fiction', 'sci-fi']"
7304203,"['fantasy', 'romance', 'horror']"
7307503,"['horror', 'romance', 'fantasy']"
7307795,"['mystery', 'fiction', 'nonfiction']"
7313444,"['mystery', 'fiction', 'horror']"
7315573,"['fiction', 'historical', 'nonfiction']"
7324659,"['fiction', 'historical', 'nonfiction']"
7331435,"['fiction', 'nonfiction', 'poetry']"
7332753,"['historical', 'fiction', 'nonfiction']"
7334201,"['fiction', 'sci-fi', 'romance']"
7347109,"['fiction', 'nonfiction', 'children']"
7351574,"['horror', 'fiction', 'fantasy']"
7352053,"['fiction', 'historical', 'romance']"
7352220,"['graphic', 'horror', 'fantasy']"
7355137,"['fantasy', 'children', 'fiction']"
7362158,"['fiction', 'children', 'historical']"
7384801,"['horror', 'romance', 'fantasy']"
7402393,"['fantasy', 'horror', 'romance']"
7405450,"['romance', 'mystery', 'fiction']"
7415016,"['romance', 'fiction', 'nonfiction']"
7438179,"['sci-fi', 'fiction', 'fantasy']"
7468160,"['fiction', 'romance', 'children']"
7469133,"['mystery', 'fiction', 'horror']"
7469664,"['horror', 'graphic', 'fiction']"
7476122,"['horror', 'fantasy', 'romance']"
7488244,"['fantasy', 'horror', 'romance']"
7491418,"['romance', 'historical', 'fiction']"
7494887,"['historical', 'fiction', 'nonfiction']"
7497897,"['philosophy', 'fiction', 'poetry']"
7501962,"['historical', 'fiction', 'philosophy']"
7505716,"['historical', 'fantasy', 'children']"
7507825,"['fiction', 'historical', 'nonfiction']"
7507908,"['horror', 'fantasy', 'fiction']"
7514925,"['fantasy', 'romance', 'children']"
7519472,"['romance', 'horror', 'fantasy']"
7519640,"['fiction', 'historical', 'nonfiction']"
7519866,"['fiction', 'mystery', 'poetry']"
7521400,"['historical', 'fiction', 'nonfiction']"
7528717,"['fiction', 'children', 'graphic']"
7531478,"['fiction', 'romance', 'philosophy']"
7540092,"['sci-fi', 'fiction', 'fantasy']"
7544603,"['fantasy', 'sci-fi', 'fiction']"
7557548,"['fantasy', 'fiction', 'mystery']"
7558747,"['fiction', 'historical', 'sci-fi']"
7562764,"['sci-fi', 'fiction', 'fantasy']"
7569223,"['romance', 'fiction', 'poetry']"
7576115,"['fantasy', 'fiction', 'children']"
7592279,"['fantasy', 'horror', 'fiction']"
7600922,"['horror', 'fantasy', 'romance']"
7600924,"['romance', 'fiction', 'horror']"
7614747,"['fantasy', 'horror', 'romance']"
7617119,"['horror', 'mystery', 'fiction']"
7619057,"['fiction', 'horror', 'historical']"
7619292,"['horror', 'graphic', 'fantasy']"
7619398,"['horror', 'graphic', 'fiction']"
7631105,"['sci-fi', 'fiction', 'fantasy']"
7632329,"['historical', 'fiction', 'mystery']"
7636774,"['mystery', 'fiction', 'children']"
7640261,"['fiction', 'romance', 'nonfiction']"
7640705,"['fantasy', 'fiction', 'children']"
7646805,"['fantasy', 'sci-fi', 'horror']"
7648269,"['historical', 'fiction', 'nonfiction']"
7657484,"['graphic', 'fiction', 'nonfiction']"
7664041,"['fantasy', 'fiction', 'horror']"
7664334,"['romance', 'fiction', 'horror']"
7683254,"['fantasy', 'horror', 'fiction']"
7685763,"['mystery', 'romance', 'fiction']"
7696135,"['fiction', 'poetry', 'graphic']"
7701043,"['horror', 'mystery', 'fiction']"
7701275,"['horror', 'fantasy', 'romance']"
7704143,"['fiction', 'mystery']"
7707538,"['romance', 'fiction', 'nonfiction']"
7713965,"['mystery', 'fiction', 'children']"
7715664,"['horror', 'romance', 'fantasy']"
7717482,"['fiction', 'fantasy', 'sci-fi']"
7719245,"['horror', 'fantasy', 'romance']"
7719355,"['fantasy', 'horror', 'fiction']"
7723542,"['fiction', 'fantasy', 'children']"
7723797,"['nonfiction', 'fiction', 'graphic']"
7726143,"['horror', 'fantasy', 'romance']"
7726892,"['fiction', 'romance', 'children']"
7728889,"['fantasy', 'fiction', 'horror']"
7735333,"['sci-fi', 'fiction', 'romance']"
7736086,"['fantasy', 'graphic', 'children']"
7736182,"['fantasy', 'children', 'fiction']"
7739934,"['horror', 'fantasy', 'romance']"
7740152,"['fantasy', 'horror', 'romance']"
7741325,"['romance', 'fiction', 'fantasy']"
7743117,"['fiction', 'fantasy', 'historical']"
7743175,"['fantasy', 'fiction', 'horror']"
7743783,"['romance', 'fiction', 'nonfiction']"
7745031,"['fiction', 'sci-fi', 'mystery']"
7746259,"['horror', 'graphic', 'nonfiction']"
7747064,"['fantasy', 'romance', 'horror']"
7747263,"['horror', 'fantasy', 'romance']"
7747374,"['sci-fi', 'fiction', 'fantasy']"
7766027,"['mystery', 'horror', 'fiction']"
7775611,"['horror', 'fantasy', 'fiction']"
7775841,"['fiction', 'historical', 'nonfiction']"
7776678,"['mystery', 'fiction', 'romance']"
7778609,"['fantasy', 'horror', 'fiction']"
7778981,"['fantasy', 'horror', 'romance']"
7779059,"['fantasy', 'horror', 'nonfiction']"
7783191,"['philosophy', 'fiction', 'nonfiction']"
7783920,"['fiction', 'children', 'fantasy']"
7785194,"['philosophy', 'fiction', 'nonfiction']"
7785207,"['romance', 'horror', 'fantasy']"
7791997,"['fantasy', 'romance', 'horror']"
7797874,"['romance', 'fiction', 'fantasy']"
7800188,"['mystery', 'fiction', 'sci-fi']"
7801229,"['fantasy', 'romance', 'horror']"
7812659,"['romance', 'fiction', 'mystery']"
7815744,"['fiction', 'philosophy', 'nonfiction']"
7817785,"['horror', 'romance', 'fantasy']"
7818881,"['horror', 'fantasy', 'fiction']"
7821447,"['fiction', 'historical', 'nonfiction']"
7821828,"['historical', 'fiction', 'nonfiction']"
7822895,"['mystery', 'fiction', 'horror']"
7823038,"['fantasy', 'horror', 'romance']"
7823678,"['children', 'fiction', 'graphic']"
7824322,"['historical', 'fiction', 'romance']"
7824768,"['poetry', 'fiction', 'romance']"
7824997,"['mystery', 'fiction', 'children']"
7825557,"['children', 'fantasy', 'fiction']"
7826116,"['fiction', 'fantasy', 'historical']"
7827221,"['mystery', 'horror', 'romance']"
7828781,"['romance', 'mystery', 'fiction']"
7828882,"['romance', 'horror', 'historical']"
7830126,"['horror', 'mystery', 'fiction']"
7831145,"['romance', 'horror', 'fantasy']"
7831742,"['horror', 'fantasy', 'romance']"
7840156,"['mystery', 'fiction', 'horror']"
7841446,"['fiction', 'sci-fi', 'historical']"
7841677,"['historical', 'fiction', 'nonfiction']"
7842288,"['fantasy', 'horror', 'romance']"
7849034,"['fantasy', 'romance', 'horror']"
7849341,"['fantasy', 'romance', 'horror']"
7853137,"['mystery', 'fiction', 'nonfiction']"
7853757,"['mystery', 'fiction', 'graphic']"
7856305,"['mystery', 'fiction', 'horror']"
7857195,"['fiction', 'nonfiction', 'fantasy']"
7862725,"['horror', 'fantasy', 'romance']"
7863274,"['romance', 'fiction', 'nonfiction']"
7863423,"['romance', 'fiction', 'children']"
7864437,"['sci-fi', 'fiction', 'fantasy']"
7870457,"['mystery', 'fiction', 'graphic']"
7879278,"['fiction', 'sci-fi', 'fantasy']"
7894870,"['graphic', 'fantasy', 'children']"
7896345,"['fantasy', 'horror', 'romance']"
7896527,"['fantasy', 'romance', 'horror']"
7897478,"['historical', 'fiction', 'nonfiction']"
7897620,"['fiction', 'romance', 'mystery']"
7904429,"['graphic', 'fiction', 'fantasy']"
7904453,"['fantasy', 'fiction', 'romance']"
7905092,"['fiction', 'children', 'nonfiction']"
7905977,"['children', 'fiction', 'graphic']"
7906105,"['mystery', 'fiction', 'horror']"
7907680,"['mystery', 'fiction', 'romance']"
7907782,"['fiction', 'historical', 'nonfiction']"
7907803,"['fiction', 'nonfiction', 'poetry']"
7908638,"['fiction', 'mystery', 'romance']"
7912007,"['nonfiction', 'horror', 'fiction']"
7913305,"['fantasy', 'fiction', 'historical']"
7914058,"['fiction', 'romance', 'children']"
7926242,"['mystery', 'fiction', 'sci-fi']"
7926569,"['mystery', 'fiction', 'romance']"
7930335,"['fantasy', 'horror', 'romance']"
7932146,"['mystery', 'fiction', 'nonfiction']"
7933292,"['philosophy', 'historical', 'fiction']"
7933437,"['mystery', 'fiction', 'horror']"
7933615,"['horror', 'fantasy', 'romance']"
7933617,"['horror', 'fantasy', 'romance']"
7936809,"['mystery', 'fiction', 'horror']"
7937462,"['horror', 'fantasy', 'fiction']"
7937744,"['fiction', 'sci-fi', 'fantasy']"
7937843,"['fiction', 'mystery', 'children']"
7938275,"['sci-fi', 'fiction', 'romance']"
7940589,"['historical', 'fiction', 'nonfiction']"
7940591,"['nonfiction', 'fiction', 'horror']"
7942008,"['graphic', 'fiction', 'historical']"
7942786,"['fantasy', 'horror', 'romance']"
7945049,"['mystery', 'fiction', 'historical']"
7948230,"['mystery', 'fiction', 'nonfiction']"
7948945,"['horror', 'fantasy', 'romance']"
7952502,"['fiction', 'fantasy', 'children']"
7954556,"['horror', 'fantasy', 'romance']"
7955881,"['fantasy', 'children', 'graphic']"
7959473,"['mystery', 'fiction', 'horror']"
7963189,"['romance', 'graphic', 'fiction']"
7963208,"['fiction', 'mystery', 'historical']"
7967299,"['horror', 'fantasy', 'fiction']"
7968243,"['historical', 'fiction', 'nonfiction']"
7979073,"['fiction', 'romance', 'children']"
7981206,"['horror', 'fantasy', 'fiction']"
7981456,"['fiction', 'children', 'historical']"
7991200,"['horror', 'fantasy', 'romance']"
7992363,"['fiction', 'historical', 'nonfiction']"
7992995,"['fantasy', 'romance', 'horror']"
7993566,"['historical', 'fiction', 'nonfiction']"
7997069,"['mystery', 'fiction', 'horror']"
8008928,"['mystery', 'fiction', 'nonfiction']"
8034188,"['fiction', 'nonfiction', 'historical']"
8038219,"['romance', 'horror', 'fantasy']"
8044557,"['fiction', 'children', 'graphic']"
8045080,"['mystery', 'fiction', 'horror']"
8046350,"['horror', 'romance', 'fantasy']"
8046680,"['fiction', 'nonfiction', 'sci-fi']"
8058301,"['fantasy', 'horror', 'sci-fi']"
8069535,"['fantasy', 'horror', 'romance']"
8069828,"['fantasy', 'romance', 'horror']"
8070049,"['fantasy', 'horror', 'romance']"
8074967,"['romance', 'horror', 'fantasy']"
8086216,"['fiction', 'nonfiction']"
8087038,"['mystery', 'fiction', 'romance']"
8087906,"['fantasy', 'horror', 'romance']"
8099187,"['historical', 'nonfiction', 'fiction']"
8100267,"['fantasy', 'fiction', 'sci-fi']"
8100288,"['fiction', 'philosophy', 'historical']"
8100979,"['fantasy', 'horror', 'romance']"
8105569,"['fiction', 'historical', 'nonfiction']"
8110748,"['romance', 'graphic', 'fiction']"
8112318,"['children', 'fiction', 'mystery']"
8113344,"['fantasy', 'horror', 'mystery']"
8113940,"['fantasy', 'horror', 'fiction']"
8130839,"['fantasy', 'horror', 'romance']"
8135807,"['romance', 'nonfiction', 'fiction']"
8138071,"['fantasy', 'horror', 'romance']"
8139321,"['fiction', 'romance', 'poetry']"
8142508,"['fiction', 'romance', 'historical']"
8150317,"['horror', 'romance', 'fantasy']"
8152697,"['fiction', 'historical', 'nonfiction']"
8158992,"['romance', 'horror', 'fantasy']"
8163161,"['graphic', 'romance', 'fiction']"
8163722,"['fiction', 'nonfiction', 'historical']"
8167094,"['fiction', 'sci-fi', 'nonfiction']"
8171378,"['fiction', 'historical', 'nonfiction']"
8177526,"['horror', 'romance', 'fantasy']"
8196732,"['mystery', 'fiction', 'children']"
8204005,"['romance', 'fiction', 'nonfiction']"
8205669,"['mystery', 'romance', 'fantasy']"
8229399,"['children', 'fiction', 'graphic']"
8230409,"['graphic', 'fantasy', 'romance']"
8235178,"['sci-fi', 'fiction', 'romance']"
8239301,"['fiction', 'historical', 'nonfiction']"
8242117,"['fiction', 'historical', 'nonfiction']"
8253920,"['fantasy', 'fiction', 'horror']"
8255917,"['historical', 'fiction', 'nonfiction']"
8257435,"['fiction', 'philosophy', 'romance']"
8269450,"['horror', 'fantasy', 'romance']"
8274537,"['children', 'fiction', 'romance']"
8281069,"['fiction', 'fantasy', 'children']"
8286216,"['mystery', 'fiction', 'horror']"
8288246,"['fantasy', 'horror', 'mystery']"
8293938,"['fiction', 'children', 'historical']"
8296140,"['fiction', 'historical', 'nonfiction']"
8306745,"['fantasy', 'children', 'horror']"
8315872,"['mystery', 'romance', 'fiction']"
8318666,"['fiction', 'historical', 'romance']"
8320534,"['fantasy', 'fiction', 'graphic']"
8341567,"['romance', 'fantasy', 'fiction']"
8343444,"['romance', 'fiction', 'children']"
8346300,"['fantasy', 'children', 'fiction']"
8349348,"['horror', 'romance', 'fantasy']"
8354134,"['fiction', 'children', 'fantasy']"
8356487,"['fantasy', 'horror', 'fiction']"
8357992,"['mystery', 'fiction', 'children']"
8366402,"['fiction', 'fantasy', 'nonfiction']"
8369681,"['romance', 'fiction', 'children']"
8379374,"['romance', 'poetry', 'fiction']"
8389671,"['fiction', 'fantasy', 'nonfiction']"
8407173,"['fiction', 'mystery', 'historical']"
8411749,"['fantasy', 'fiction', 'horror']"
8419428,"['romance', 'mystery', 'fiction']"
8428064,"['horror', 'fantasy', 'romance']"
8428069,"['mystery', 'fiction', 'romance']"
8428195,"['fantasy', 'children', 'fiction']"
8428984,"['sci-fi', 'fiction', 'fantasy']"
8429687,"['horror', 'fiction', 'sci-fi']"
8435445,"['mystery', 'horror', 'fiction']"
8437379,"['romance', 'fiction', 'nonfiction']"
8437667,"['mystery', 'fiction', 'romance']"
8437913,"['mystery', 'fiction', 'nonfiction']"
8442457,"['mystery', 'fiction', 'romance']"
8447255,"['fantasy', 'fiction', 'nonfiction']"
8449698,"['romance', 'historical', 'fiction']"
8456124,"['horror', 'fantasy', 'romance']"
8458018,"['fantasy', 'fiction', 'horror']"
8459594,"['historical', 'fiction', 'nonfiction']"
8462184,"['horror', 'fantasy', 'romance']"
8471815,"['romance', 'fiction', 'nonfiction']"
8475505,"['fantasy', 'horror', 'romance']"
8476248,"['romance', 'historical', 'fiction']"
8477057,"['graphic', 'fiction', 'fantasy']"
8483233,"['historical', 'fiction', 'romance']"
8487363,"['horror', 'fantasy', 'romance']"
8490112,"['fantasy', 'horror', 'romance']"
8492319,"['horror', 'romance', 'fantasy']"
8492768,"['fiction', 'romance', 'nonfiction']"
8492825,"['romance', 'fiction', 'poetry']"
8492856,"['romance', 'fiction', 'fantasy']"
8492907,"['nonfiction', 'fiction', 'sci-fi']"
8517008,"['mystery', 'fiction', 'historical']"
8519822,"['fantasy', 'fiction', 'horror']"
8520362,"['nonfiction', 'fiction', 'sci-fi']"
8520610,"['fiction', 'philosophy', 'nonfiction']"
8525590,"['sci-fi', 'fiction', 'romance']"
8526694,"['fiction', 'nonfiction', 'poetry']"
8533018,"['fiction', 'historical', 'romance']"
8534799,"['romance', 'horror', 'fantasy']"
8534899,"['horror', 'fantasy', 'romance']"
8535273,"['horror', 'sci-fi', 'fiction']"
8537327,"['fiction', 'children', 'poetry']"
8539798,"['graphic', 'fantasy', 'horror']"
8542839,"['horror', 'romance', 'fantasy']"
8546358,"['fiction', 'romance', 'fantasy']"
8554005,"['fiction', 'romance', 'children']"
8559047,"['fantasy', 'horror', 'romance']"
8563789,"['fiction', 'mystery', 'historical']"
8564644,"['fiction', 'historical', 'children']"
8564935,"['fantasy', 'horror', 'romance']"
8565083,"['fiction', 'children', 'romance']"
8570787,"['fiction', 'historical', 'nonfiction']"
8573020,"['fiction', 'romance', 'children']"
8573642,"['fantasy', 'sci-fi', 'romance']"
8574333,"['fiction', 'children', 'romance']"
8575295,"['horror', 'romance', 'fantasy']"
8579016,"['philosophy', 'fiction', 'poetry']"
8581936,"['horror', 'fantasy', 'romance']"
8584686,"['fiction', 'fantasy', 'nonfiction']"
8584913,"['historical', 'fiction', 'nonfiction']"
8592946,"['fiction', 'philosophy', 'poetry']"
8593026,"['mystery', 'fiction', 'nonfiction']"
8598554,"['fantasy', 'fiction', 'horror']"
8619814,"['children', 'fiction', 'fantasy']"
8621462,"['fantasy', 'horror', 'fiction']"
8635145,"['fantasy', 'horror', 'romance']"
8643220,"['horror', 'graphic', 'fantasy']"
8643407,"['fantasy', 'fiction', 'historical']"
8649656,"['historical', 'fiction', 'nonfiction']"
8652190,"['horror', 'fantasy', 'fiction']"
8659601,"['sci-fi', 'fantasy', 'fiction']"
8662836,"['romance', 'fiction', 'nonfiction']"
8664353,"['historical', 'fiction', 'nonfiction']"
8664368,"['fiction', 'nonfiction', 'historical']"
8667848,"['fantasy', 'horror', 'fiction']"
8677937,"['horror', 'fantasy', 'romance']"
8680278,"['romance', 'fiction', 'nonfiction']"
8680417,"['fantasy', 'mystery', 'fiction']"
8680418,"['fantasy', 'mystery', 'fiction']"
8682579,"['mystery', 'fiction', 'romance']"
8683812,"['fiction', 'historical', 'romance']"
8685612,"['fantasy', 'romance', 'horror']"
8686068,"['mystery', 'fiction', 'nonfiction']"
8689913,"['fiction', 'historical', 'romance']"
8694522,"['fiction', 'fantasy', 'horror']"
8701129,"['mystery', 'fiction', 'historical']"
8701960,"['fiction', 'nonfiction', 'historical']"
8702806,"['mystery', 'fiction', 'romance']"
8705784,"['horror', 'fantasy', 'romance']"
8706185,"['fantasy', 'fiction', 'sci-fi']"
8709523,"['horror', 'fantasy', 'romance']"
8709524,"['horror', 'fantasy', 'romance']"
8709526,"['horror', 'fantasy', 'romance']"
8709527,"['horror', 'fantasy', 'romance']"
8709528,"['horror', 'fantasy', 'romance']"
8710484,"['fiction', 'philosophy', 'poetry']"
8712343,"['romance', 'horror', 'fantasy']"
8718952,"['horror', 'fantasy', 'romance']"
8720415,"['fiction', 'poetry', 'philosophy']"
8720917,"['romance', 'fiction', 'mystery']"
8724779,"['horror', 'fantasy', 'romance']"
8726744,"['fantasy', 'horror', 'romance']"
8727466,"['fiction', 'nonfiction', 'philosophy']"
8752885,"['fantasy', 'fiction', 'nonfiction']"
8755555,"['mystery', 'fiction', 'historical']"
8755776,"['fantasy', 'horror', 'romance']"
8755785,"['fantasy', 'horror', 'romance']"
8765012,"['mystery', 'fiction', 'historical']"
8765461,"['historical', 'fiction', 'philosophy']"
8785374,"['fantasy', 'fiction', 'mystery']"
8788554,"['fantasy', 'horror', 'romance']"
8793878,"['romance', 'horror', 'fantasy']"
8803932,"['horror', 'fantasy', 'romance']"
8805443,"['mystery', 'fiction', 'horror']"
8811134,"['sci-fi', 'fiction', 'horror']"
8811139,"['sci-fi', 'fiction', 'horror']"
8835379,"['fantasy', 'sci-fi', 'fiction']"
8835897,"['horror', 'fantasy', 'romance']"
8843801,"['romance', 'horror', 'fantasy']"
8855321,"['fiction', 'sci-fi', 'fantasy']"
8857310,"['fiction', 'historical', 'nonfiction']"
8874743,"['fiction', 'nonfiction', 'children']"
8879121,"['children', 'fiction', 'sci-fi']"
8909152,"['romance', 'fiction', 'nonfiction']"
8935153,"['horror', 'fantasy', 'romance']"
8935689,"['fiction', 'sci-fi', 'fantasy']"
8949352,"['fiction', 'romance', 'children']"
8951449,"['horror', 'sci-fi', 'fantasy']"
9018370,"['horror', 'graphic', 'fiction']"
9064899,"['horror', 'fantasy', 'romance']"
9065265,"['romance', 'horror', 'fantasy']"
9067850,"['fantasy', 'children', 'horror']"
9086994,"['fiction', 'philosophy', 'historical']"
9118135,"['fiction', 'nonfiction', 'mystery']"
9151181,"['fiction', 'historical', 'nonfiction']"
9160695,"['fiction', 'historical', 'children']"
9165406,"['fiction', 'children', 'historical']"
9166559,"['mystery', 'fiction', 'children']"
9166877,"['fiction', 'romance', 'horror']"
9182478,"['sci-fi', 'horror', 'fantasy']"
9219901,"['historical', 'fiction', 'nonfiction']"
9260507,"['fiction', 'graphic', 'nonfiction']"
9265453,"['fiction', 'sci-fi', 'fantasy']"
9265891,"['fantasy', 'fiction', 'sci-fi']"
9266769,"['romance', 'fiction', 'nonfiction']"
9266776,"['romance', 'fiction', 'nonfiction']"
9266793,"['mystery', 'romance', 'fiction']"
9266810,"['romance', 'fiction', 'fantasy']"
9268487,"['fantasy', 'fiction', 'horror']"
9275658,"['sci-fi', 'romance', 'fiction']"
9279177,"['fiction', 'romance', 'poetry']"
9279734,"['romance', 'fiction', 'nonfiction']"
9284655,"['fantasy', 'romance', 'horror']"
9293020,"['mystery', 'fiction', 'horror']"
9296438,"['fiction', 'mystery', 'romance']"
9297774,"['sci-fi', 'fiction', 'romance']"
9300768,"['fantasy', 'fiction', 'horror']"
9305362,"['fantasy', 'romance', 'fiction']"
9307674,"['fantasy', 'fiction', 'nonfiction']"
9329354,"['fantasy', 'fiction', 'horror']"
9349915,"['fantasy', 'horror', 'children']"
9361589,"['fantasy', 'fiction', 'romance']"
9366879,"['graphic', 'fantasy', 'children']"
9369720,"['fantasy', 'horror', 'romance']"
9376345,"['horror', 'fantasy', 'romance']"
9378297,"['horror', 'fantasy', 'romance']"
9394010,"['romance', 'horror', 'fantasy']"
9395215,"['fantasy', 'horror', 'romance']"
9397967,"['fantasy', 'horror', 'romance']"
9399336,"['romance', 'fiction', 'nonfiction']"
9403947,"['romance', 'fiction', 'fantasy']"
9409458,"['fantasy', 'horror', 'romance']"
9409469,"['fantasy', 'romance', 'fiction']"
9410421,"['romance', 'mystery', 'fiction']"
9413044,"['fantasy', 'horror', 'romance']"
9415951,"['romance', 'fiction', 'horror']"
9418327,"['fiction', 'historical', 'nonfiction']"
9424367,"['sci-fi', 'fiction', 'romance']"
9429531,"['fiction', 'historical', 'romance']"
9436632,"['fantasy', 'romance', 'horror']"
9436746,"['mystery', 'fiction', 'romance']"
9439303,"['historical', 'poetry', 'fiction']"
9439989,"['fantasy', 'horror', 'romance']"
9440324,"['fantasy', 'fiction', 'mystery']"
9440448,"['mystery', 'fiction', 'nonfiction']"
9442157,"['romance', 'poetry', 'fiction']"
9443405,"['fiction', 'poetry', 'nonfiction']"
9460487,"['fantasy', 'fiction', 'horror']"
9461872,"['fiction', 'romance', 'children']"
9462775,"['fiction', 'romance', 'horror']"
9462795,"['fantasy', 'romance', 'horror']"
9462812,"['horror', 'fantasy', 'romance']"
9464733,"['fiction', 'romance', 'horror']"
9465845,"['children', 'mystery', 'horror']"
9476510,"['fiction', 'historical', 'graphic']"
9484114,"['philosophy', 'fiction', 'romance']"
9489502,"['mystery', 'fiction', 'horror']"
9496240,"['fiction', 'mystery', 'historical']"
9500416,"['fiction', 'historical', 'romance']"
9503336,"['fiction', 'romance', 'children']"
9509287,"['mystery', 'fiction', 'horror']"
9509289,"['fiction', 'romance', 'children']"
9512985,"['fiction', 'nonfiction', 'philosophy']"
9520360,"['fantasy', 'children', 'horror']"
9526658,"['horror', 'fantasy', 'romance']"
9528186,"['fiction', 'mystery', 'romance']"
9529502,"['children', 'fiction', 'graphic']"
9532302,"['horror', 'fantasy', 'fiction']"
9533378,"['fantasy', 'horror', 'fiction']"
9542259,"['historical', 'romance', 'fantasy']"
9542439,"['fiction', 'historical', 'romance']"
9545064,"['fiction', 'romance', 'historical']"
9553503,"['horror', 'fantasy', 'romance']"
9565045,"['horror', 'fantasy', 'romance']"
9565548,"['fantasy', 'fiction', 'romance']"
9565574,"['fantasy', 'horror', 'romance']"
9572203,"['mystery', 'fiction', 'horror']"
9578590,"['horror', 'fantasy', 'romance']"
9578677,"['mystery', 'fiction', 'nonfiction']"
9579634,"['fantasy', 'fiction', 'sci-fi']"
9581001,"['horror', 'fantasy', 'romance']"
9581507,"['mystery', 'fiction', 'fantasy']"
9583508,"['mystery', 'fiction', 'romance']"
9591398,"['fantasy', 'children', 'fiction']"
9592213,"['fiction', 'philosophy', 'children']"
9593911,"['fiction', 'fantasy', 'sci-fi']"
9593913,"['sci-fi', 'romance', 'fiction']"
9595620,"['fantasy', 'horror', 'fiction']"
9595650,"['fantasy', 'horror', 'fiction']"
9606002,"['mystery', 'fiction', 'horror']"
9615347,"['horror', 'graphic', 'fantasy']"
9627755,"['romance', 'fiction', 'nonfiction']"
9628743,"['philosophy', 'fiction', 'nonfiction']"
9634967,"['sci-fi', 'fiction', 'horror']"
9635495,"['mystery', 'fiction', 'romance']"
9635657,"['children', 'fiction', 'romance']"
9637479,"['fantasy', 'romance', 'horror']"
9639197,"['mystery', 'fiction', 'romance']"
9644151,"['sci-fi', 'fiction', 'horror']"
9647532,"['sci-fi', 'fiction', 'fantasy']"
9659607,"['fantasy', 'romance', 'horror']"
9662386,"['fantasy', 'romance', 'horror']"
9666241,"['fiction', 'historical', 'philosophy']"
9666812,"['horror', 'fantasy', 'romance']"
9670094,"['historical', 'fiction', 'nonfiction']"
9673436,"['children', 'fiction', 'fantasy']"
9674335,"['horror', 'graphic', 'fantasy']"
9677870,"['children', 'fiction', 'graphic']"
9680114,"['sci-fi', 'romance', 'fiction']"
9680718,"['fantasy', 'horror', 'romance']"
9681098,"['mystery', 'fiction', 'horror']"
9681214,"['fantasy', 'romance', 'horror']"
9682816,"['mystery', 'fiction', 'horror']"
9684523,"['fiction', 'historical', 'nonfiction']"
9712341,"['romance', 'fiction', 'nonfiction']"
9712492,"['romance', 'horror', 'fantasy']"
9722217,"['romance', 'fiction', 'nonfiction']"
9724798,"['fiction', 'romance', 'mystery']"
9729504,"['fiction', 'historical', 'horror']"
9736930,"['mystery', 'fiction', 'nonfiction']"
9739365,"['historical', 'fiction', 'nonfiction']"
9748274,"['historical', 'fiction', 'children']"
9751378,"['romance', 'fiction', 'nonfiction']"
9757266,"['romance', 'fiction', 'fantasy']"
9758764,"['romance', 'fiction', 'children']"
9761771,"['fantasy', 'horror', 'romance']"
9761778,"['fantasy', 'horror', 'romance']"
9792287,"['fiction', 'romance', 'sci-fi']"
9798177,"['fiction', 'children', 'graphic']"
9799572,"['romance', 'mystery', 'fiction']"
9802372,"['horror', 'mystery', 'fantasy']"
9814682,"['fantasy', 'fiction', 'nonfiction']"
9815702,"['horror', 'fantasy', 'romance']"
9827912,"['fiction', 'nonfiction', 'philosophy']"
9832370,"['fantasy', 'fiction', 'horror']"
9833184,"['horror', 'fantasy', 'romance']"
9835731,"['mystery', 'fiction', 'nonfiction']"
9838800,"['mystery', 'fiction', 'horror']"
9850443,"['fiction', 'historical', 'mystery']"
9858488,"['fiction', 'children', 'historical']"
9858714,"['fantasy', 'horror', 'romance']"
9862761,"['historical', 'fiction', 'nonfiction']"
9864913,"['fantasy', 'fiction', 'philosophy']"
9876989,"['graphic', 'fantasy', 'horror']"
9888775,"['romance', 'fiction', 'fantasy']"
9893331,"['fiction', 'mystery', 'romance']"
9893355,"['mystery', 'fiction', 'romance']"
9897164,"['fantasy', 'horror', 'romance']"
9902804,"['fiction', 'historical', 'nonfiction']"
9912994,"['horror', 'fantasy', 'fiction']"
9915707,"['fantasy', 'horror', 'romance']"
9917879,"['fantasy', 'children', 'sci-fi']"
9917938,"['sci-fi', 'fiction', 'fantasy']"
9917945,"['fiction', 'poetry', 'romance']"
9917998,"['horror', 'sci-fi', 'fiction']"
9918083,"['fiction', 'fantasy', 'historical']"
9923372,"['fiction', 'romance', 'children']"
9925913,"['mystery', 'fiction', 'nonfiction']"
9938498,"['fiction', 'historical', 'nonfiction']"
9943270,"['fantasy', 'fiction', 'historical']"
9961796,"['romance', 'fiction', 'nonfiction']"
9962040,"['romance', 'historical', 'fiction']"
9969571,"['sci-fi', 'fiction', 'fantasy']"
9970042,"['fantasy', 'mystery', 'fiction']"
9972053,"['historical', 'fiction', 'nonfiction']"
9975679,"['horror', 'sci-fi', 'fiction']"
9975779,"['mystery', 'fiction', 'nonfiction']"
9995135,"['romance', 'horror', 'fantasy']"
9998705,"['mystery', 'fiction', 'sci-fi']"
9999107,"['fiction', 'romance', 'historical']"
10008056,"['mystery', 'fiction', 'nonfiction']"
10025305,"['fantasy', 'horror', 'romance']"
10032672,"['fiction', 'children', 'nonfiction']"
10047589,"['fiction', 'romance', 'nonfiction']"
10049436,"['romance', 'fiction', 'nonfiction']"
10054335,"['fiction', 'historical', 'romance']"
10059498,"['fiction', 'mystery', 'romance']"
10079321,"['fantasy', 'fiction', 'horror']"
10088913,"['horror', 'fiction', 'fantasy']"
10098912,"['fiction', 'mystery', 'historical']"
10108463,"['fiction', 'mystery', 'horror']"
10111087,"['fiction', 'historical', 'horror']"
10112885,"['mystery', 'fiction', 'horror']"
10115852,"['philosophy', 'fiction', 'poetry']"
10127019,"['fiction', 'nonfiction', 'sci-fi']"
10128428,"['children', 'fiction', 'mystery']"
10131648,"['historical', 'fiction', 'nonfiction']"
10138607,"['graphic', 'fiction', 'philosophy']"
10140661,"['romance', 'fiction', 'nonfiction']"
10149142,"['fiction', 'children', 'nonfiction']"
10161216,"['mystery', 'fiction', 'historical']"
10163292,"['fiction', 'romance', 'historical']"
10165727,"['fantasy', 'romance', 'fiction']"
10169662,"['mystery', 'fiction', 'children']"
10193062,"['sci-fi', 'horror', 'fiction']"
10194157,"['fantasy', 'horror', 'romance']"
10194514,"['romance', 'fiction', 'nonfiction']"
10196362,"['mystery', 'fiction', 'nonfiction']"
10209997,"['horror', 'fiction', 'mystery']"
10211494,"['historical', 'fiction', 'nonfiction']"
10215349,"['horror', 'sci-fi', 'fantasy']"
10252302,"['historical', 'fiction', 'nonfiction']"
10256723,"['fiction', 'historical', 'nonfiction']"
10295484,"['romance', 'fiction', 'nonfiction']"
10305231,"['romance', 'fiction', 'horror']"
10305247,"['mystery', 'fiction', 'nonfiction']"
10306358,"['fiction', 'nonfiction', 'romance']"
10314376,"['fiction', 'mystery', 'historical']"
10324808,"['horror', 'fantasy', 'romance']"
10327303,"['mystery', 'romance', 'fiction']"
10335308,"['fiction', 'historical', 'nonfiction']"
10335318,"['historical', 'fiction', 'nonfiction']"
10343389,"['mystery', 'fiction', 'children']"
10345927,"['sci-fi', 'fiction', 'romance']"
10345937,"['sci-fi', 'fiction', 'romance']"
10357575,"['fiction', 'fantasy', 'sci-fi']"
10357792,"['horror', 'fantasy', 'romance']"
10364994,"['fiction', 'nonfiction', 'philosophy']"
10365343,"['horror', 'fiction', 'sci-fi']"
10374638,"['fiction', 'nonfiction', 'romance']"
10378106,"['romance', 'historical', 'fiction']"
10399742,"['mystery', 'fiction']"
10400407,"['romance', 'fiction', 'nonfiction']"
10401084,"['horror', 'romance', 'fantasy']"
10402992,"['mystery', 'romance', 'fiction']"
10407279,"['horror', 'fantasy', 'romance']"
10414941,"['historical', 'fiction', 'nonfiction']"
10421530,"['fantasy', 'horror', 'romance']"
10428708,"['mystery', 'fiction', 'children']"
10428803,"['romance', 'historical', 'fiction']"
10429025,"['horror', 'romance', 'fantasy']"
10429037,"['mystery', 'fiction', 'romance']"
10429045,"['sci-fi', 'romance', 'fantasy']"
10429092,"['fantasy', 'fiction', 'horror']"
10431447,"['fantasy', 'children', 'fiction']"
10433900,"['sci-fi', 'fiction', 'mystery']"
10439703,"['fantasy', 'horror', 'fiction']"
10445208,"['fantasy', 'romance', 'horror']"
10450750,"['graphic', 'fantasy', 'children']"
10464963,"['fiction', 'historical', 'nonfiction']"
10468258,"['romance', 'horror', 'fantasy']"
10473214,"['children', 'fiction', 'fantasy']"
10503124,"['mystery', 'fiction', 'horror']"
10507293,"['sci-fi', 'romance', 'fiction']"
10508526,"['children', 'nonfiction', 'fiction']"
10517947,"['mystery', 'fiction', 'horror']"
10518110,"['horror', 'romance', 'fantasy']"
10518423,"['fiction', 'historical', 'romance']"
10532477,"['mystery', 'fiction', 'romance']"
10537195,"['fantasy', 'children', 'graphic']"
10549501,"['horror', 'fantasy', 'romance']"
10551947,"['fantasy', 'horror', 'fiction']"
10552338,"['fiction', 'sci-fi', 'mystery']"
10560331,"['mystery', 'romance', 'fiction']"
10576365,"['sci-fi', 'fantasy', 'fiction']"
10586539,"['fantasy', 'horror', 'romance']"
10587120,"['historical', 'fiction', 'nonfiction']"
10594929,"['fantasy', 'fiction', 'children']"
10596724,"['sci-fi', 'horror', 'fiction']"
10599302,"['romance', 'fiction', 'nonfiction']"
10599805,"['fantasy', 'horror', 'romance']"
10600242,"['fiction', 'historical', 'romance']"
10604115,"['historical', 'fiction', 'nonfiction']"
10626594,"['fantasy', 'romance', 'horror']"
10637748,"['sci-fi', 'fantasy', 'romance']"
10637766,"['romance', 'horror', 'fantasy']"
10644930,"['fiction', 'sci-fi', 'nonfiction']"
10659536,"['children', 'fiction', 'poetry']"
10661081,"['horror', 'fantasy', 'romance']"
10664113,"['fantasy', 'fiction', 'nonfiction']"
10677213,"['historical', 'fiction', 'nonfiction']"
10677277,"['sci-fi', 'fiction', 'romance']"
10680329,"['mystery', 'fiction', 'nonfiction']"
10706120,"['children', 'mystery', 'horror']"
10706934,"['fiction', 'nonfiction', 'philosophy']"
10710392,"['romance', 'fiction', 'graphic']"
10720733,"['mystery', 'fiction', 'children']"
10746542,"['fiction', 'nonfiction', 'poetry']"
10756240,"['fiction', 'poetry', 'nonfiction']"
10757771,"['romance', 'fiction', 'fantasy']"
10757806,"['fiction', 'romance', 'children']"
10757833,"['fantasy', 'horror', 'romance']"
10762469,"['fiction', 'sci-fi', 'fantasy']"
10762697,"['fantasy', 'fiction', 'horror']"
10766509,"['romance', 'fiction', 'nonfiction']"
10767466,"['graphic', 'fiction', 'historical']"
10776592,"['mystery', 'fiction', 'nonfiction']"
10776793,"['fiction', 'historical', 'romance']"
10778410,"['fantasy', 'sci-fi', 'horror']"
10785687,"['fiction', 'fantasy', 'children']"
10790276,"['fiction', 'philosophy', 'poetry']"
10790277,"['fantasy', 'fiction', 'horror']"
10790290,"['fantasy', 'fiction', 'horror']"
10790376,"['fantasy', 'horror', 'romance']"
10790516,"['horror', 'romance', 'fantasy']"
10798416,"['romance', 'fiction', 'children']"
10798418,"['fiction', 'romance', 'fantasy']"
10799881,"['fantasy', 'horror', 'romance']"
10800916,"['horror', 'fantasy', 'romance']"
10801027,"['romance', 'fiction', 'nonfiction']"
10803121,"['fantasy', 'fiction', 'mystery']"
10803806,"['children', 'fiction', 'historical']"
10805160,"['mystery', 'fiction', 'nonfiction']"
10808006,"['mystery', 'fiction', 'horror']"
10813469,"['romance', 'mystery', 'fiction']"
10813480,"['romance', 'mystery', 'fiction']"
10816297,"['mystery', 'fiction', 'horror']"
10816908,"['fantasy', 'romance', 'horror']"
10818853,"['romance', 'fiction', 'nonfiction']"
10822174,"['horror', 'graphic', 'fiction']"
10822858,"['mystery', 'fiction', 'nonfiction']"
10830444,"['mystery', 'fiction', 'romance']"
10836728,"['fantasy', 'fiction', 'mystery']"
10836810,"['fiction', 'romance', 'historical']"
10836813,"['fiction', 'historical', 'romance']"
10843036,"['fantasy', 'fiction', 'nonfiction']"
10844125,"['romance', 'fiction', 'mystery']"
10846336,"['fiction', 'historical', 'nonfiction']"
10852027,"['mystery', 'fiction', 'romance']"
10859509,"['sci-fi', 'fiction', 'romance']"
10865206,"['philosophy', 'fiction', 'nonfiction']"
10866233,"['fiction', 'romance', 'fantasy']"
10866624,"['fantasy', 'horror', 'romance']"
10868182,"['mystery', 'fiction', 'historical']"
10869746,"['horror', 'fiction', 'sci-fi']"
10870589,"['historical', 'fiction', 'philosophy']"
10872085,"['fiction', 'mystery', 'historical']"
10874177,"['fiction', 'fantasy', 'horror']"
10875239,"['mystery', 'romance', 'fiction']"
10889279,"['graphic', 'mystery', 'fiction']"
10893138,"['romance', 'fantasy', 'fiction']"
10897866,"['fantasy', 'horror', 'fiction']"
10909804,"['fiction', 'graphic', 'historical']"
10929432,"['fantasy', 'horror', 'fiction']"
10931321,"['mystery', 'fiction', 'horror']"
10940958,"['mystery', 'fiction', 'philosophy']"
10947600,"['romance', 'fiction', 'poetry']"
10950924,"['fiction', 'historical', 'fantasy']"
10954979,"['historical', 'fiction', 'philosophy']"
10959277,"['fiction', 'romance', 'sci-fi']"
10960383,"['fiction', 'romance', 'mystery']"
10964693,"['fiction', 'romance', 'nonfiction']"
10970532,"['romance', 'fiction', 'nonfiction']"
10993282,"['horror', 'romance', 'fantasy']"
10996342,"['fiction', 'romance', 'nonfiction']"
11007587,"['mystery', 'fiction', 'horror']"
11010251,"['fiction', 'historical', 'romance']"
11045709,"['sci-fi', 'fiction', 'fantasy']"
11051889,"['horror', 'fantasy', 'romance']"
11057626,"['mystery', 'fiction', 'sci-fi']"
11071466,"['fiction', 'romance', 'children']"
11076123,"['fiction', 'historical', 'poetry']"
11076177,"['fiction', 'nonfiction', 'historical']"
11082037,"['mystery', 'fiction', 'horror']"
11084145,"['historical', 'fiction', 'nonfiction']"
11093329,"['mystery', 'fiction', 'historical']"
11096647,"['romance', 'fiction', 'nonfiction']"
11099729,"['sci-fi', 'fiction', 'historical']"
11100431,"['fantasy', 'fiction', 'horror']"
11101772,"['fiction', 'historical', 'romance']"
11104030,"['fiction', 'historical', 'romance']"
11104933,"['fiction', 'philosophy', 'nonfiction']"
11106458,"['fantasy', 'horror', 'romance']"
11107244,"['fiction', 'philosophy', 'nonfiction']"
11112619,"['sci-fi', 'fiction', 'romance']"
11133791,"['poetry', 'fiction', 'romance']"
11166889,"['horror', 'mystery', 'fiction']"
11166890,"['horror', 'mystery', 'fiction']"
11178225,"['fiction', 'historical', 'mystery']"
11192642,"['fiction', 'children', 'poetry']"
11198312,"['children', 'mystery', 'horror']"
11198480,"['philosophy', 'fiction', 'poetry']"
11201007,"['romance', 'nonfiction', 'fiction']"
11227040,"['romance', 'mystery', 'nonfiction']"
11227041,"['romance', 'mystery', 'fiction']"
11227043,"['romance', 'mystery', 'fiction']"
11230081,"['fiction', 'historical', 'nonfiction']"
11233988,"['children', 'fiction', 'graphic']"
11235712,"['sci-fi', 'fantasy', 'fiction']"
11235783,"['romance', 'mystery', 'fiction']"
11237412,"['sci-fi', 'fantasy', 'fiction']"
11239856,"['romance', 'fiction', 'nonfiction']"
11250053,"['fantasy', 'children', 'fiction']"
11250317,"['fiction', 'fantasy', 'historical']"
11254250,"['fiction', 'children', 'graphic']"
11254850,"['fantasy', 'children', 'fiction']"
11256293,"['fiction', 'romance', 'poetry']"
11256979,"['nonfiction', 'fiction', 'philosophy']"
11260526,"['horror', 'fantasy', 'fiction']"
11262424,"['romance', 'fiction', 'nonfiction']"
11266880,"['fiction', 'historical', 'nonfiction']"
11275323,"['fantasy', 'fiction', 'horror']"
11277218,"['mystery', 'fiction', 'historical']"
11281852,"['fiction', 'historical', 'philosophy']"
11300302,"['horror', 'fantasy', 'romance']"
11306337,"['fiction', 'nonfiction', 'historical']"
11309018,"['fantasy', 'horror', 'fiction']"
11324166,"['fantasy', 'horror', 'fiction']"
11324722,"['philosophy', 'fiction', 'nonfiction']"
11330361,"['historical', 'fiction', 'mystery']"
11331421,"['fiction', 'romance', 'nonfiction']"
11337189,"['nonfiction', 'fiction', 'sci-fi']"
11337912,"['fiction', 'fantasy', 'sci-fi']"
11343348,"['mystery', 'fiction', 'horror']"
11350430,"['fantasy', 'fiction', 'nonfiction']"
11366397,"['sci-fi', 'fiction', 'romance']"
11367726,"['mystery', 'fiction', 'nonfiction']"
11381643,"['romance', 'nonfiction', 'fiction']"
11381910,"['fiction', 'nonfiction', 'romance']"
11382346,"['romance', 'fiction', 'nonfiction']"
11387392,"['horror', 'romance', 'fantasy']"
11387515,"['children', 'fiction', 'mystery']"
11389341,"['romance', 'philosophy', 'fiction']"
11389875,"['fiction', 'historical', 'nonfiction']"
11391817,"['historical', 'children', 'fiction']"
11395597,"['historical', 'fiction', 'romance']"
11401915,"['horror', 'fantasy', 'romance']"
11408650,"['horror', 'romance', 'fantasy']"
11410104,"['romance', 'fiction', 'nonfiction']"
11410430,"['sci-fi', 'fantasy', 'romance']"
11431896,"['fantasy', 'fiction', 'horror']"
11445880,"['romance', 'fiction', 'mystery']"
11447921,"['fiction', 'romance', 'historical']"
11450360,"['horror', 'graphic', 'romance']"
11450591,"['fiction', 'mystery', 'romance']"
11454587,"['horror', 'fantasy', 'romance']"
11468377,"['philosophy', 'nonfiction', 'fiction']"
11469379,"['fiction', 'mystery', 'historical']"
11479285,"['romance', 'fiction', 'poetry']"
11488123,"['fiction', 'historical', 'romance']"
11500217,"['fantasy', 'sci-fi', 'horror']"
11505008,"['fiction', 'nonfiction']"
11505797,"['romance', 'fiction', 'nonfiction']"
11512688,"['children', 'mystery', 'horror']"
11529868,"['fiction', 'historical', 'nonfiction']"
11532160,"['romance', 'horror', 'fantasy']"
11544421,"['fantasy', 'horror', 'romance']"
11544466,"['sci-fi', 'fiction', 'romance']"
11551045,"['horror', 'fantasy', 'romance']"
11556960,"['sci-fi', 'fantasy', 'fiction']"
11559200,"['horror', 'fiction', 'fantasy']"
11561469,"['romance', 'fiction', 'nonfiction']"
11563110,"['fantasy', 'horror', 'romance']"
11566956,"['historical', 'fiction', 'graphic']"
11568316,"['fantasy', 'horror', 'nonfiction']"
11594257,"['sci-fi', 'romance', 'fiction']"
11594337,"['children', 'fiction', 'fantasy']"
11595276,"['fiction', 'romance', 'fantasy']"
11600163,"['mystery', 'fiction', 'nonfiction']"
11607446,"['children', 'fantasy', 'fiction']"
11614718,"['romance', 'fiction', 'fantasy']"
11660590,"['fiction', 'sci-fi', 'mystery']"
11665750,"['romance', 'mystery', 'nonfiction']"
11699349,"['fiction', 'children', 'historical']"
11709037,"['fiction', 'philosophy', 'nonfiction']"
11710373,"['fiction', 'romance', 'sci-fi']"
11714997,"['horror', 'fantasy', 'romance']"
11720382,"['mystery', 'fiction', 'historical']"
11721314,"['romance', 'fiction', 'fantasy']"
11734251,"['fiction', 'historical', 'fantasy']"
11735983,"['sci-fi', 'fiction', 'fantasy']"
11737271,"['mystery', 'fiction', 'horror']"
11737313,"['children', 'mystery', 'fiction']"
11737387,"['fantasy', 'horror', 'fiction']"
11738128,"['romance', 'historical', 'fiction']"
11742691,"['fiction', 'sci-fi', 'fantasy']"
11746513,"['mystery', 'fiction', 'romance']"
11757975,"['romance', 'fiction', 'nonfiction']"
11765920,"['fantasy', 'horror', 'romance']"
11777020,"['mystery', 'fiction', 'nonfiction']"
11784281,"['romance', 'fiction', 'nonfiction']"
11797365,"['fiction', 'historical', 'nonfiction']"
11801463,"['fantasy', 'fiction', 'horror']"
11806716,"['horror', 'fiction', 'sci-fi']"
11808919,"['romance', 'nonfiction', 'fiction']"
11808950,"['horror', 'romance', 'fantasy']"
11821514,"['romance', 'mystery', 'horror']"
11827808,"['fantasy', 'fiction', 'horror']"
11830394,"['fiction', 'sci-fi', 'fantasy']"
11851522,"['horror', 'fiction', 'fantasy']"
11857408,"['romance', 'nonfiction', 'fiction']"
11861062,"['sci-fi', 'fiction', 'fantasy']"
11861815,"['fiction', 'romance', 'fantasy']"
11864728,"['fantasy', 'horror', 'romance']"
11866694,"['fiction', 'sci-fi', 'nonfiction']"
11869272,"['fiction', 'historical', 'nonfiction']"
11870085,"['fiction', 'romance', 'horror']"
11872242,"['mystery', 'fiction', 'romance']"
11873368,"['sci-fi', 'fiction', 'fantasy']"
11887020,"['historical', 'fiction', 'nonfiction']"
11889938,"['mystery', 'fiction', 'horror']"
11913681,"['romance', 'fiction', 'nonfiction']"
11925514,"['fiction', 'historical', 'mystery']"
11940384,"['mystery', 'fiction', 'horror']"
11942408,"['nonfiction', 'fiction', 'philosophy']"
11942639,"['fiction', 'romance', 'historical']"
11946245,"['fantasy', 'sci-fi', 'fiction']"
11947156,"['horror', 'romance', 'fantasy']"
11947829,"['fantasy', 'romance', 'horror']"
11966216,"['fantasy', 'horror', 'romance']"
11970096,"['mystery', 'romance', 'fiction']"
11970747,"['fantasy', 'fiction', 'nonfiction']"
11981168,"['mystery', 'fiction', 'romance']"
11983940,"['fiction', 'fantasy', 'romance']"
11985631,"['fantasy', 'fiction', 'nonfiction']"
11988046,"['sci-fi', 'horror', 'romance']"
11995136,"['fiction', 'nonfiction', 'romance']"
11996019,"['fiction', 'historical', 'fantasy']"
12000020,"['fiction', 'historical', 'children']"
12002819,"['fiction', 'romance', 'historical']"
12019355,"['horror', 'fantasy', 'romance']"
12021559,"['romance', 'fiction', 'nonfiction']"
12022079,"['fiction', 'romance', 'children']"
12022496,"['mystery', 'fiction', 'historical']"
12027429,"['fantasy', 'romance', 'horror']"
12029468,"['romance', 'fiction', 'children']"
12031532,"['fiction', 'historical', 'nonfiction']"
12033455,"['romance', 'fiction']"
12037026,"['mystery', 'fiction', 'romance']"
12039943,"['fiction', 'nonfiction', 'historical']"
12040447,"['sci-fi', 'fiction', 'fantasy']"
12042279,"['horror', 'romance', 'fantasy']"
12043770,"['horror', 'fantasy', 'romance']"
12063467,"['romance', 'horror', 'fantasy']"
12065943,"['children', 'fiction', 'fantasy']"
12067972,"['romance', 'fiction', 'nonfiction']"
12070846,"['horror', 'nonfiction', 'fiction']"
12072362,"['fiction', 'nonfiction', 'graphic']"
12075886,"['romance', 'fiction', 'children']"
12081467,"['fiction', 'children', 'horror']"
12099007,"['romance', 'fiction', 'horror']"
12107920,"['children', 'fiction', 'mystery']"
12107925,"['children', 'mystery', 'fiction']"
12107927,"['children', 'mystery', 'horror']"
12119529,"['fantasy', 'horror', 'romance']"
12127750,"['fantasy', 'children', 'horror']"
12127810,"['fantasy', 'children', 'horror']"
12143200,"['fiction', 'nonfiction', 'historical']"
12157365,"['sci-fi', 'horror', 'fiction']"
12158480,"['nonfiction', 'fiction', 'historical']"
12160906,"['fiction', 'mystery', 'historical']"
12171769,"['fiction', 'philosophy', 'historical']"
12177850,"['fantasy', 'fiction', 'nonfiction']"
12191246,"['mystery', 'fiction', 'nonfiction']"
12204857,"['fiction', 'historical', 'nonfiction']"
12216302,"['fantasy', 'horror', 'sci-fi']"
12232938,"['fiction', 'mystery', 'horror']"
12254379,"['fiction', 'fantasy', 'sci-fi']"
12262741,"['fiction', 'historical', 'horror']"
12275680,"['mystery', 'romance', 'fantasy']"
12283261,"['fantasy', 'romance', 'fiction']"
12287209,"['sci-fi', 'fiction', 'fantasy']"
12288282,"['fantasy', 'horror', 'romance']"
12291438,"['fiction', 'horror', 'fantasy']"
12294652,"['romance', 'fiction', 'nonfiction']"
12299419,"['romance', 'mystery', 'fiction']"
12326627,"['fiction', 'historical', 'romance']"
12326644,"['fiction', 'historical', 'romance']"
12331767,"['fiction', 'sci-fi', 'fantasy']"
12341557,"['fantasy', 'fiction', 'horror']"
12351649,"['romance', 'nonfiction', 'fiction']"
12360050,"['fiction', 'mystery', 'historical']"
12368985,"['romance', 'mystery', 'fiction']"
12383252,"['horror', 'fantasy', 'romance']"
12383869,"['sci-fi', 'fiction', 'romance']"
12384157,"['fiction', 'historical', 'romance']"
12389310,"['romance', 'mystery', 'fiction']"
12390650,"['fantasy', 'romance', 'horror']"
12391521,"['fiction', 'philosophy', 'nonfiction']"
12394068,"['fiction', 'historical', 'nonfiction']"
12401556,"['fiction', 'sci-fi', 'fantasy']"
12408149,"['fiction', 'mystery', 'romance']"
12413836,"['graphic', 'fantasy', 'children']"
12413949,"['fiction', 'romance', 'historical']"
12415695,"['fiction', 'nonfiction', 'philosophy']"
12425532,"['fantasy', 'romance', 'horror']"
12432220,"['fantasy', 'children', 'fiction']"
12444166,"['fantasy', 'horror', 'romance']"
12444297,"['fantasy', 'romance', 'horror']"
12444298,"['fantasy', 'horror', 'romance']"
12449167,"['fiction', 'romance', 'historical']"
12458287,"['fantasy', 'romance', 'horror']"
12475019,"['historical', 'fiction', 'children']"
12476820,"['sci-fi', 'fiction', 'fantasy']"
12482658,"['fiction', 'romance', 'horror']"
12499290,"['fantasy', 'fiction', 'horror']"
12507214,"['horror', 'fantasy', 'romance']"
12513614,"['romance', 'mystery', 'fiction']"
12522507,"['fantasy', 'horror', 'romance']"
12546674,"['romance', 'fiction', 'nonfiction']"
12547098,"['fiction', 'historical', 'romance']"
12551077,"['romance', 'fiction', 'fantasy']"
12558285,"['fantasy', 'romance', 'horror']"
12578077,"['romance', 'sci-fi', 'horror']"
12583975,"['romance', 'fiction', 'nonfiction']"
12588363,"['fantasy', 'horror', 'romance']"
12591698,"['sci-fi', 'fiction', 'fantasy']"
12598982,"['mystery', 'fiction', 'horror']"
12602078,"['romance', 'fiction', 'nonfiction']"
12605157,"['fiction', 'nonfiction', 'poetry']"
12609433,"['nonfiction', 'fiction', 'philosophy']"
12611073,"['fiction', 'philosophy', 'mystery']"
12614410,"['fantasy', 'horror', 'romance']"
12615008,"['fiction', 'romance', 'mystery']"
12617758,"['mystery', 'fiction', 'horror']"
12637490,"['fantasy', 'romance', 'horror']"
12647642,"['romance', 'fiction', 'nonfiction']"
12652457,"['fantasy', 'fiction', 'horror']"
12663646,"['sci-fi', 'nonfiction', 'fiction']"
12667194,"['romance', 'horror', 'fantasy']"
12675109,"['fiction', 'nonfiction', 'philosophy']"
12677913,"['fantasy', 'romance', 'horror']"
12680907,"['fantasy', 'fiction', 'romance']"
12687461,"['mystery', 'fiction', 'horror']"
12700306,"['fantasy', 'horror', 'fiction']"
12700353,"['fiction', 'horror', 'nonfiction']"
12706435,"['romance', 'horror', 'fantasy']"
12710035,"['romance', 'poetry', 'fiction']"
12710106,"['romance', 'poetry', 'fiction']"
12712435,"['fiction', 'romance', 'children']"
12716010,"['horror', 'fantasy', 'romance']"
12716613,"['romance', 'mystery', 'fiction']"
12722468,"['historical', 'fiction', 'nonfiction']"
12737118,"['fiction', 'romance', 'children']"
12743472,"['sci-fi', 'fiction', 'mystery']"
12751687,"['fantasy', 'romance', 'horror']"
12752313,"['historical', 'fiction', 'nonfiction']"
12753231,"['sci-fi', 'fiction', 'horror']"
12755792,"['horror', 'fantasy', 'romance']"
12758317,"['fiction', 'romance', 'nonfiction']"
12760903,"['horror', 'fantasy', 'romance']"
12782865,"['mystery', 'fiction', 'horror']"
12791521,"['graphic', 'fiction', 'nonfiction']"
12792658,"['sci-fi', 'fiction', 'horror']"
12799058,"['fiction', 'romance', 'children']"
12812550,"['fantasy', 'horror', 'romance']"
12813630,"['horror', 'fantasy', 'sci-fi']"
12813860,"['romance', 'fiction', 'nonfiction']"
12820360,"['romance', 'fiction', 'historical']"
12820793,"['fiction', 'fantasy', 'historical']"
12842134,"['romance', 'fiction', 'fantasy']"
12846479,"['fantasy', 'romance', 'horror']"
12849385,"['mystery', 'fiction', 'horror']"
12866426,"['horror', 'fantasy', 'romance']"
12867423,"['historical', 'fiction', 'nonfiction']"
12868761,"['historical', 'fiction', 'nonfiction']"
12872236,"['fiction', 'mystery', 'nonfiction']"
12875258,"['fiction', 'romance', 'nonfiction']"
12875355,"['mystery', 'fiction', 'historical']"
12878300,"['historical', 'fiction', 'nonfiction']"
12878667,"['fiction', 'romance', 'nonfiction']"
12880428,"['horror', 'fantasy', 'fiction']"
12881141,"['romance', 'mystery', 'fiction']"
12888599,"['fiction', 'historical', 'mystery']"
12891107,"['fantasy', 'fiction', 'sci-fi']"
12893742,"['fantasy', 'children', 'horror']"
12900174,"['romance', 'fiction', 'nonfiction']"
12900491,"['romance', 'horror', 'fantasy']"
12902549,"['fiction', 'historical', 'nonfiction']"
12908877,"['horror', 'fantasy', 'romance']"
12922320,"['mystery', 'fiction', 'nonfiction']"
12924253,"['sci-fi', 'romance', 'fiction']"
12924261,"['horror', 'fiction', 'fantasy']"
12925063,"['romance', 'horror', 'fantasy']"
12926132,"['fantasy', 'children', 'fiction']"
12926432,"['historical', 'fiction', 'nonfiction']"
12926804,"['children', 'fiction', 'fantasy']"
12951824,"['romance', 'fiction', 'horror']"
12954620,"['fantasy', 'romance', 'horror']"
12958487,"['romance', 'mystery', 'nonfiction']"
12959045,"['fiction', 'historical', 'graphic']"
12959086,"['fantasy', 'children', 'horror']"
12959233,"['fiction', 'historical', 'nonfiction']"
12962439,"['graphic', 'fantasy', 'fiction']"
12968662,"['fiction', 'children', 'romance']"
12971616,"['sci-fi', 'fiction', 'fantasy']"
12977172,"['horror', 'fantasy', 'romance']"
12982393,"['mystery', 'fiction', 'nonfiction']"
12983100,"['fantasy', 'sci-fi', 'horror']"
12987640,"['fiction', 'nonfiction', 'poetry']"
12987977,"['romance', 'fiction', 'children']"
12988016,"['horror', 'romance', 'fantasy']"
12988089,"['fiction', 'fantasy', 'sci-fi']"
12989112,"['romance', 'fiction', 'fantasy']"
12995284,"['fantasy', 'romance', 'horror']"
13003565,"['fantasy', 'horror', 'fiction']"
13007638,"['mystery', 'romance', 'fiction']"
13010211,"['sci-fi', 'fiction', 'romance']"
13027304,"['sci-fi', 'fiction', 'fantasy']"
13030356,"['mystery', 'fiction', 'sci-fi']"
13031445,"['fiction', 'sci-fi', 'fantasy']"
13035050,"['fiction', 'romance', 'children']"
13037558,"['mystery', 'fiction', 'nonfiction']"
13041934,"['romance', 'fiction', 'nonfiction']"
13042154,"['sci-fi', 'fiction', 'romance']"
13047090,"['sci-fi', 'romance', 'horror']"
13049981,"['fantasy', 'romance', 'horror']"
13051316,"['fiction', 'romance', 'children']"
13055592,"['fiction', 'sci-fi', 'fantasy']"
13056159,"['fiction', 'historical', 'romance']"
13056511,"['fantasy', 'horror', 'romance']"
13057939,"['fiction', 'historical', 'children']"
13065142,"['romance', 'mystery', 'fiction']"
13065327,"['romance', 'fiction', 'fantasy']"
13069213,"['historical', 'fiction', 'nonfiction']"
13069935,"['fiction', 'romance', 'fantasy']"
13070346,"['horror', 'romance', 'fantasy']"
13083008,"['fiction', 'mystery', 'historical']"
13089710,"['sci-fi', 'fiction', 'fantasy']"
13093001,"['mystery', 'fiction', 'nonfiction']"
13096848,"['graphic', 'fantasy', 'children']"
13097901,"['mystery', 'fiction', 'horror']"
13099738,"['fiction', 'poetry', 'graphic']"
13104080,"['sci-fi', 'horror', 'romance']"
13105527,"['poetry', 'fiction', 'romance']"
13109291,"['fantasy', 'fiction', 'horror']"
13111733,"['romance', 'mystery', 'fiction']"
13112023,"['mystery', 'fiction', 'children']"
13115995,"['fantasy', 'romance', 'horror']"
13117308,"['mystery', 'fiction', 'horror']"
13125234,"['horror', 'romance', 'fantasy']"
13125947,"['sci-fi', 'fiction', 'fantasy']"
13127599,"['fiction', 'romance', 'historical']"
13129925,"['horror', 'fiction', 'mystery']"
13132816,"['romance', 'fiction', 'children']"
13138635,"['sci-fi', 'fiction', 'romance']"
13146214,"['romance', 'fiction', 'nonfiction']"
13147230,"['sci-fi', 'fantasy', 'fiction']"
13148921,"['mystery', 'fiction', 'horror']"
13151129,"['sci-fi', 'fiction', 'fantasy']"
13151283,"['romance', 'fiction', 'nonfiction']"
13151637,"['romance', 'fiction', 'horror']"
13152194,"['fiction', 'historical', 'nonfiction']"
13152287,"['historical', 'children', 'fiction']"
13152668,"['fiction', 'fantasy', 'historical']"
13152998,"['fiction', 'historical', 'nonfiction']"
13153693,"['fiction', 'mystery', 'nonfiction']"
13154150,"['graphic', 'horror', 'fantasy']"
13154933,"['horror', 'mystery', 'fiction']"
13154952,"['fiction', 'children', 'mystery']"
13158800,"['fiction', 'historical', 'romance']"
13163846,"['fiction', 'children', 'graphic']"
13167062,"['romance', 'fiction', 'children']"
13167796,"['fiction', 'fantasy', 'horror']"
13167847,"['historical', 'fiction', 'nonfiction']"
13170021,"['fiction', 'historical', 'children']"
13170596,"['sci-fi', 'fiction', 'horror']"
13178410,"['sci-fi', 'fiction', 'fantasy']"
13183957,"['sci-fi', 'horror', 'romance']"
13184572,"['romance', 'fiction', 'nonfiction']"
13184992,"['romance', 'mystery', 'fiction']"
13188676,"['sci-fi', 'romance', 'fantasy']"
13193855,"['fiction', 'nonfiction']"
13202092,"['fiction', 'historical', 'fantasy']"
13206760,"['fantasy', 'fiction', 'sci-fi']"
13206828,"['sci-fi', 'fantasy', 'fiction']"
13206900,"['sci-fi', 'fantasy', 'fiction']"
13223349,"['graphic', 'fiction', 'mystery']"
13223520,"['horror', 'romance', 'fantasy']"
13226173,"['graphic', 'fantasy', 'horror']"
13227319,"['graphic', 'fantasy', 'fiction']"
13227454,"['fiction', 'romance', 'nonfiction']"
13230263,"['historical', 'fiction', 'nonfiction']"
13235689,"['poetry', 'fiction', 'historical']"
13237327,"['philosophy', 'fiction', 'mystery']"
13239822,"['fantasy', 'fiction', 'sci-fi']"
13241659,"['fantasy', 'horror', 'romance']"
13252406,"['mystery', 'romance', 'fiction']"
13253276,"['sci-fi', 'romance', 'fantasy']"
13256064,"['mystery', 'fiction', 'nonfiction']"
13259270,"['philosophy', 'fiction', 'nonfiction']"
13262061,"['children', 'fiction', 'mystery']"
13262783,"['fiction', 'fantasy', 'romance']"
13272498,"['mystery', 'fiction', 'horror']"
13281368,"['horror', 'fiction', 'sci-fi']"
13281637,"['horror', 'romance', 'fantasy']"
13282015,"['romance', 'mystery', 'fiction']"
13312527,"['romance', 'fiction', 'nonfiction']"
13316328,"['fantasy', 'fiction', 'children']"
13320466,"['fiction', 'historical', 'nonfiction']"
13323842,"['horror', 'romance', 'fantasy']"
13324841,"['sci-fi', 'fiction', 'fantasy']"
13325079,"['fiction', 'historical', 'nonfiction']"
13326831,"['sci-fi', 'fiction', 'romance']"
13330370,"['mystery', 'fiction', 'sci-fi']"
13330603,"['fiction', 'historical', 'romance']"
13330761,"['fiction', 'sci-fi', 'horror']"
13330771,"['fiction', 'nonfiction', 'philosophy']"
13331184,"['fiction', 'historical', 'nonfiction']"
13331199,"['fiction', 'nonfiction', 'graphic']"
13333093,"['fiction', 'historical', 'romance']"
13335037,"['sci-fi', 'fiction', 'fantasy']"
13337715,"['fantasy', 'fiction', 'nonfiction']"
13337716,"['fantasy', 'fiction', 'nonfiction']"
13345975,"['romance', 'fiction', 'nonfiction']"
13353667,"['mystery', 'fiction', 'sci-fi']"
13359067,"['mystery', 'fiction', 'children']"
13360101,"['romance', 'historical', 'fiction']"
13362536,"['sci-fi', 'horror', 'romance']"
13363270,"['horror', 'romance', 'fantasy']"
13366259,"['fiction', 'historical', 'nonfiction']"
13369678,"['romance', 'fiction', 'nonfiction']"
13372690,"['romance', 'fiction', 'nonfiction']"
13390528,"['mystery', 'fiction', 'nonfiction']"
13402447,"['fantasy', 'children', 'fiction']"
13406425,"['romance', 'fiction', 'horror']"
13412515,"['romance', 'mystery', 'nonfiction']"
13413589,"['fantasy', 'horror', 'romance']"
13414446,"['sci-fi', 'fiction', 'romance']"
13414594,"['romance', 'fiction', 'nonfiction']"
13414599,"['fiction', 'historical', 'romance']"
13414676,"['fiction', 'historical', 'nonfiction']"
13415554,"['fantasy', 'nonfiction', 'horror']"
13416236,"['horror', 'fantasy', 'romance']"
13417946,"['horror', 'romance', 'fantasy']"
13419891,"['fantasy', 'nonfiction', 'horror']"
13425393,"['fiction', 'historical', 'nonfiction']"
13425570,"['fiction', 'philosophy', 'poetry']"
13426114,"['philosophy', 'fiction', 'nonfiction']"
13431827,"['horror', 'fiction', 'sci-fi']"
13435889,"['fiction', 'children', 'nonfiction']"
13436373,"['children', 'fiction', 'graphic']"
13438524,"['fiction', 'nonfiction', 'romance']"
13448656,"['romance', 'mystery', 'nonfiction']"
13450339,"['fantasy', 'horror', 'sci-fi']"
13452375,"['fantasy', 'fiction', 'sci-fi']"
13453029,"['sci-fi', 'fiction', 'fantasy']"
13454149,"['romance', 'fiction', 'nonfiction']"
13477676,"['fiction', 'fantasy', 'philosophy']"
13477819,"['children', 'mystery', 'fiction']"
13481275,"['fiction', 'fantasy', 'romance']"
13486122,"['romance', 'fiction', 'nonfiction']"
13486632,"['fiction', 'horror', 'historical']"
13489517,"['fiction', 'nonfiction', 'philosophy']"
13489518,"['horror', 'romance', 'fantasy']"
13489919,"['romance', 'historical', 'fiction']"
13490570,"['graphic', 'horror', 'fantasy']"
13495034,"['mystery', 'fiction', 'horror']"
13496084,"['romance', 'fiction', 'nonfiction']"
13496738,"['romance', 'nonfiction', 'fiction']"
13497505,"['fiction', 'philosophy', 'historical']"
13497818,"['nonfiction', 'fiction', 'mystery']"
13497991,"['fiction', 'sci-fi', 'fantasy']"
13502963,"['horror', 'romance', 'fantasy']"
13502970,"['horror', 'romance', 'fantasy']"
13503109,"['fiction', 'nonfiction', 'romance']"
13505130,"['mystery', 'fiction', 'nonfiction']"
13507011,"['mystery', 'romance', 'fiction']"
13507212,"['fiction', 'historical', 'nonfiction']"
13508021,"['fiction', 'historical', 'romance']"
13508607,"['fiction', 'mystery', 'historical']"
13513205,"['fiction', 'children', 'fantasy']"
13514612,"['sci-fi', 'fiction', 'romance']"
13516846,"['fiction', 'historical', 'mystery']"
13517455,"['sci-fi', 'fiction', 'horror']"
13517535,"['romance', 'nonfiction', 'fiction']"
13519844,"['romance', 'horror', 'fantasy']"
13521299,"['mystery', 'fiction']"
13521399,"['mystery', 'fiction', 'horror']"
13521459,"['fantasy', 'fiction', 'horror']"
13522285,"['fiction', 'romance', 'fantasy']"
13522957,"['romance', 'horror', 'fantasy']"
13523061,"['fiction', 'philosophy', 'nonfiction']"
13525938,"['fiction', 'children', 'romance']"
13526026,"['mystery', 'fiction', 'horror']"
13526165,"['fiction', 'mystery', 'romance']"
13528417,"['fiction', 'mystery', 'romance']"
13529055,"['historical', 'philosophy', 'fiction']"
13530973,"['philosophy', 'nonfiction', 'fiction']"
13530981,"['nonfiction', 'fiction', 'historical']"
13531024,"['children', 'fiction', 'historical']"
13531832,"['nonfiction', 'fiction', 'fantasy']"
13533740,"['historical', 'fiction', 'nonfiction']"
13536649,"['fantasy', 'horror', 'fiction']"
13536860,"['romance', 'fiction', 'nonfiction']"
13537891,"['fiction', 'nonfiction', 'poetry']"
13538552,"['fiction', 'fantasy', 'children']"
13538641,"['historical', 'fiction', 'nonfiction']"
13538873,"['fiction', 'mystery', 'fantasy']"
13538992,"['horror', 'fantasy', 'romance']"
13539044,"['fiction', 'romance', 'nonfiction']"
13540215,"['fiction', 'historical', 'nonfiction']"
13543138,"['fiction', 'mystery', 'romance']"
13545075,"['sci-fi', 'fiction', 'horror']"
13545345,"['fiction', 'children', 'graphic']"
13546173,"['fantasy', 'nonfiction', 'romance']"
13547180,"['fiction', 'historical', 'philosophy']"
13547188,"['fiction', 'romance', 'graphic']"
13547234,"['fiction', 'philosophy', 'historical']"
13547241,"['historical', 'fiction', 'philosophy']"
13547289,"['children', 'fiction', 'romance']"
13547381,"['fiction', 'romance', 'philosophy']"
13547504,"['fiction', 'philosophy', 'children']"
13554713,"['fiction', 'fantasy', 'children']"
13555073,"['horror', 'fantasy', 'mystery']"
13560262,"['romance', 'fiction', 'nonfiction']"
13561164,"['romance', 'fiction', 'nonfiction']"
13562049,"['fiction', 'mystery', 'historical']"
13562054,"['fiction', 'nonfiction', 'historical']"
13563669,"['children', 'fiction', 'graphic']"
13565676,"['fantasy', 'nonfiction', 'romance']"
13565914,"['romance', 'fiction', 'nonfiction']"
13568322,"['mystery', 'fiction', 'horror']"
13568619,"['fantasy', 'horror', 'fiction']"
13569581,"['fantasy', 'fiction', 'horror']"
13570854,"['horror', 'romance', 'fantasy']"
13572249,"['romance', 'fiction', 'nonfiction']"
13573236,"['mystery', 'fiction', 'nonfiction']"
13573419,"['fiction', 'sci-fi', 'mystery']"
13573622,"['mystery', 'fiction', 'historical']"
13573795,"['horror', 'romance', 'fantasy']"
13574417,"['sci-fi', 'romance', 'fiction']"
13578175,"['fantasy', 'fiction', 'nonfiction']"
13580846,"['romance', 'fiction', 'fantasy']"
13580928,"['mystery', 'romance', 'fiction']"
13580951,"['mystery', 'romance', 'fiction']"
13581990,"['horror', 'sci-fi', 'fantasy']"
13584236,"['romance', 'fiction', 'nonfiction']"
13586707,"['fiction', 'nonfiction', 'historical']"
13586743,"['fiction', 'children', 'nonfiction']"
13588356,"['fiction', 'philosophy', 'children']"
13588394,"['fiction', 'nonfiction', 'philosophy']"
13589182,"['fiction', 'philosophy', 'historical']"
13593526,"['fiction', 'historical', 'mystery']"
13593553,"['fiction', 'philosophy', 'nonfiction']"
13593555,"['mystery', 'fiction', 'poetry']"
13596166,"['mystery', 'horror', 'fiction']"
13596809,"['romance', 'fiction', 'nonfiction']"
13597723,"['mystery', 'romance', 'fiction']"
13597728,"['horror', 'fiction', 'fantasy']"
13600318,"['romance', 'nonfiction', 'poetry']"
13601550,"['romance', 'fiction', 'nonfiction']"
13602426,"['fiction', 'mystery', 'historical']"
13603717,"['sci-fi', 'fiction', 'fantasy']"
13605723,"['fantasy', 'horror', 'romance']"
13605727,"['fantasy', 'horror', 'romance']"
13612739,"['romance', 'mystery', 'fiction']"
13614836,"['romance', 'fiction', 'nonfiction']"
13615258,"['sci-fi', 'nonfiction', 'fiction']"
13615414,"['fiction', 'nonfiction', 'sci-fi']"
13616278,"['fantasy', 'fiction', 'horror']"
13618440,"['fantasy', 'horror', 'romance']"
13623012,"['fantasy', 'fiction', 'mystery']"
13623150,"['sci-fi', 'romance', 'nonfiction']"
13623777,"['fiction', 'children', 'fantasy']"
13624367,"['romance', 'fiction', 'nonfiction']"
13624688,"['fiction', 'fantasy', 'poetry']"
13628209,"['romance', 'fiction', 'nonfiction']"
13628812,"['fiction', 'nonfiction', 'historical']"
13630171,"['fantasy', 'fiction', 'horror']"
13634927,"['fiction', 'fantasy', 'historical']"
13637412,"['fiction', 'nonfiction']"
13638125,"['fantasy', 'fiction', 'sci-fi']"
13638570,"['romance', 'fiction', 'nonfiction']"
13639050,"['romance', 'fiction', 'nonfiction']"
13640229,"['romance', 'fiction', 'mystery']"
13641208,"['nonfiction', 'fiction', 'poetry']"
13642710,"['fiction', 'sci-fi', 'mystery']"
13642929,"['historical', 'fiction', 'nonfiction']"
13642950,"['fiction', 'historical', 'romance']"
13642963,"['mystery', 'fiction', 'historical']"
13643567,"['horror', 'fantasy', 'romance']"
13644052,"['sci-fi', 'romance', 'fantasy']"
13644055,"['romance', 'horror', 'fantasy']"
13649056,"['romance', 'poetry', 'nonfiction']"
13707738,"['fiction', 'nonfiction', 'historical']"
13708346,"['mystery', 'fiction', 'sci-fi']"
13722526,"['mystery', 'fiction', 'nonfiction']"
13722902,"['fiction', 'historical', 'poetry']"
13765729,"['mystery', 'romance', 'fiction']"
14060046,"['romance', 'sci-fi', 'horror']"
14061955,"['fantasy', 'romance', 'horror']"
14061957,"['fantasy', 'romance', 'horror']"
14165516,"['romance', 'fiction', 'nonfiction']"
14288998,"['sci-fi', 'romance', 'fantasy']"
14290364,"['sci-fi', 'fiction', 'romance']"
14367051,"['fantasy', 'horror', 'romance']"
14568987,"['fiction', 'mystery', 'nonfiction']"
14740588,"['mystery', 'fiction', 'romance']"
14744381,"['horror', 'graphic', 'fiction']"
14745338,"['fantasy', 'children', 'horror']"
14759321,"['fiction', 'romance', 'children']"
14781219,"['mystery', 'fiction', 'horror']"
14781501,"['mystery', 'fiction', 'horror']"
14889780,"['mystery', 'fiction', 'horror']"
14897790,"['fiction', 'historical', 'nonfiction']"
15034320,"['mystery', 'fiction', 'sci-fi']"
15059301,"['horror', 'romance', 'fantasy']"
15062217,"['horror', 'fiction', 'mystery']"
15096257,"['fiction', 'historical', 'mystery']"
15283043,"['romance', 'fiction', 'nonfiction']"
15451058,"['historical', 'fiction', 'romance']"
15505346,"['romance', 'fiction', 'horror']"
15507958,"['romance', 'fiction', 'nonfiction']"
15513156,"['fantasy', 'romance', 'horror']"
15698479,"['sci-fi', 'fiction', 'fantasy']"
15701217,"['fiction', 'nonfiction', 'romance']"
15703770,"['fantasy', 'children', 'horror']"
15704001,"['romance', 'fiction', 'nonfiction']"
15704307,"['graphic', 'fantasy', 'fiction']"
15704459,"['fantasy', 'sci-fi', 'fiction']"
15704486,"['fantasy', 'sci-fi', 'fiction']"
15705011,"['fiction', 'historical', 'nonfiction']"
15707526,"['fantasy', 'fiction', 'horror']"
15711341,"['horror', 'fantasy', 'romance']"
15717721,"['romance', 'mystery', 'fiction']"
15717876,"['romance', 'fiction', 'nonfiction']"
15717943,"['romance', 'fiction', 'nonfiction']"
15722284,"['horror', 'mystery', 'fantasy']"
15723286,"['fantasy', 'horror', 'fiction']"
15724396,"['fantasy', 'children', 'horror']"
15724654,"['romance', 'fiction', 'nonfiction']"
15728721,"['fantasy', 'horror', 'fiction']"
15728921,"['fiction', 'romance', 'children']"
15729261,"['romance', 'fiction', 'nonfiction']"
15729539,"['horror', 'fiction', 'mystery']"
15730101,"['horror', 'fiction', 'historical']"
15731779,"['romance', 'fiction', 'horror']"
15732712,"['romance', 'fiction', 'mystery']"
15733346,"['fiction', 'historical', 'nonfiction']"
15733523,"['fiction', 'mystery', 'fantasy']"
15733851,"['romance', 'fiction', 'nonfiction']"
15734464,"['mystery', 'fiction', 'horror']"
15737147,"['philosophy', 'fiction', 'historical']"
15738951,"['mystery', 'fiction', 'nonfiction']"
15739018,"['romance', 'fiction', 'nonfiction']"
15742039,"['romance', 'mystery', 'nonfiction']"
15743075,"['romance', 'historical', 'fiction']"
15743078,"['sci-fi', 'fiction', 'romance']"
15745371,"['horror', 'fantasy', 'romance']"
15745753,"['romance', 'fiction', 'fantasy']"
15745950,"['romance', 'nonfiction', 'fiction']"
15748335,"['romance', 'nonfiction', 'graphic']"
15748898,"['romance', 'fiction', 'nonfiction']"
15749186,"['fiction', 'romance', 'children']"
15751404,"['fiction', 'philosophy', 'nonfiction']"
15752115,"['graphic', 'fiction', 'mystery']"
15752757,"['romance', 'mystery', 'fiction']"
15753740,"['fiction', 'historical', 'romance']"
15755201,"['mystery', 'fiction', 'horror']"
15757434,"['romance', 'fiction', 'nonfiction']"
15760001,"['romance', 'nonfiction', 'fiction']"
15761241,"['romance', 'fiction']"
15762186,"['fiction', 'children', 'romance']"
15762657,"['romance', 'nonfiction', 'fiction']"
15762975,"['romance', 'fiction', 'nonfiction']"
15766776,"['children', 'fantasy', 'fiction']"
15767586,"['romance', 'horror', 'fantasy']"
15768191,"['horror', 'romance', 'fantasy']"
15768409,"['horror', 'romance', 'fantasy']"
15768536,"['romance', 'horror', 'fantasy']"
15769463,"['romance', 'fiction', 'nonfiction']"
15771862,"['historical', 'fiction', 'nonfiction']"
15776309,"['mystery', 'fiction', 'nonfiction']"
15776904,"['fiction', 'mystery', 'historical']"
15777621,"['fiction', 'romance', 'poetry']"
15778138,"['romance', 'nonfiction', 'fiction']"
15781725,"['fiction', 'historical', 'mystery']"
15783307,"['romance', 'fiction', 'nonfiction']"
15783514,"['fiction', 'fantasy', 'horror']"
15784909,"['romance', 'nonfiction', 'fiction']"
15786110,"['historical', 'fiction', 'graphic']"
15786792,"['fiction', 'historical', 'nonfiction']"
15790837,"['fiction', 'historical', 'nonfiction']"
15790842,"['fiction', 'sci-fi', 'historical']"
15790873,"['romance', 'fiction', 'fantasy']"
15790883,"['fantasy', 'fiction', 'nonfiction']"
15791154,"['mystery', 'fiction', 'historical']"
15791403,"['mystery', 'fiction', 'nonfiction']"
15793068,"['fantasy', 'fiction', 'sci-fi']"
15793074,"['fiction', 'mystery', 'historical']"
15793165,"['fiction', 'mystery', 'romance']"
15793184,"['fiction', 'romance', 'historical']"
15793186,"['fiction', 'romance', 'children']"
15793231,"['fiction', 'mystery', 'children']"
15795628,"['romance', 'fiction', 'historical']"
15796700,"['fiction', 'romance', 'nonfiction']"
15797397,"['fiction', 'nonfiction', 'historical']"
15797722,"['horror', 'mystery', 'fantasy']"
15797938,"['fiction', 'mystery', 'children']"
15799151,"['fiction', 'poetry', 'historical']"
15799166,"['romance', 'fiction', 'nonfiction']"
15799936,"['fiction', 'graphic', 'nonfiction']"
15801381,"['fantasy', 'children', 'fiction']"
15801668,"['fiction', 'historical', 'nonfiction']"
15801967,"['fiction', 'philosophy', 'nonfiction']"
15802944,"['fiction', 'historical', 'philosophy']"
15803037,"['mystery', 'fiction', 'nonfiction']"
15803059,"['fiction', 'mystery', 'historical']"
15803141,"['fiction', 'nonfiction', 'historical']"
15803757,"['romance', 'fiction', 'children']"
15806231,"['mystery', 'romance', 'fiction']"
15808287,"['fiction', 'historical', 'nonfiction']"
15808816,"['historical', 'fiction', 'nonfiction']"
15810910,"['fantasy', 'fiction', 'horror']"
15811495,"['mystery', 'fiction', 'romance']"
15811496,"['historical', 'fiction', 'nonfiction']"
15811520,"['fiction', 'historical', 'nonfiction']"
15811545,"['fiction', 'fantasy', 'philosophy']"
15811568,"['mystery', 'fiction', 'romance']"
15812814,"['sci-fi', 'fiction', 'romance']"
15813668,"['horror', 'fantasy', 'romance']"
15814872,"['historical', 'fiction', 'nonfiction']"
15815333,"['fiction', 'nonfiction', 'poetry']"
15815364,"['fiction', 'nonfiction', 'children']"
15818107,"['fiction', 'historical', 'nonfiction']"
15818164,"['mystery', 'horror', 'fiction']"
15818278,"['mystery', 'fiction', 'horror']"
15818333,"['fiction', 'mystery', 'children']"
15818362,"['mystery', 'fiction', 'romance']"
15819028,"['fantasy', 'fiction', 'historical']"
15820492,"['sci-fi', 'nonfiction', 'fiction']"
15820748,"['sci-fi', 'romance', 'nonfiction']"
15823426,"['fiction', 'historical', 'fantasy']"
15823461,"['fiction', 'children', 'romance']"
15823480,"['historical', 'fiction', 'romance']"
15824358,"['fiction', 'nonfiction', 'philosophy']"
15827066,"['fiction', 'historical', 'philosophy']"
15828714,"['romance', 'nonfiction', 'fiction']"
15832316,"['romance', 'fiction', 'nonfiction']"
15832932,"['romance', 'fiction', 'fantasy']"
15833693,"['historical', 'fiction', 'mystery']"
15835685,"['romance', 'nonfiction', 'fiction']"
15839976,"['sci-fi', 'fiction', 'fantasy']"
15839984,"['fantasy', 'romance', 'children']"
15842230,"['mystery', 'fiction', 'horror']"
15842441,"['romance', 'nonfiction', 'fiction']"
15843166,"['fiction', 'poetry', 'philosophy']"
15849910,"['fiction', 'historical', 'romance']"
15851746,"['historical', 'philosophy', 'nonfiction']"
15852479,"['fiction', 'nonfiction', 'poetry']"
15852756,"['romance', 'fiction', 'nonfiction']"
15858248,"['romance', 'fiction', 'nonfiction']"
15861491,"['sci-fi', 'fantasy', 'fiction']"
15902792,"['historical', 'fiction', 'nonfiction']"
15937108,"['children', 'fiction', 'horror']"
15942636,"['fiction', 'romance', 'fantasy']"
15944406,"['horror', 'children', 'fantasy']"
15954540,"['fantasy', 'fiction', 'horror']"
15954546,"['romance', 'fiction', 'nonfiction']"
15981894,"['romance', 'poetry', 'fiction']"
15984268,"['fiction', 'historical', 'nonfiction']"
15985348,"['horror', 'fantasy', 'romance']"
15985372,"['horror', 'fantasy', 'romance']"
15985373,"['fantasy', 'fiction', 'sci-fi']"
15985392,"['mystery', 'fiction', 'horror']"
15990489,"['fiction', 'romance', 'nonfiction']"
15990969,"['romance', 'fiction', 'nonfiction']"
15993374,"['romance', 'fiction', 'nonfiction']"
15994634,"['fiction', 'historical', 'romance']"
16000044,"['fantasy', 'romance', 'horror']"
16000980,"['romance', 'fiction', 'mystery']"
16001443,"['romance', 'fiction', 'nonfiction']"
16001893,"['romance', 'fiction', 'nonfiction']"
16002136,"['graphic', 'fiction', 'nonfiction']"
16007855,"['horror', 'romance', 'fantasy']"
16029994,"['romance', 'mystery', 'fiction']"
16031620,"['fiction', 'mystery', 'horror']"
16031679,"['romance', 'nonfiction', 'fiction']"
16033842,"['mystery', 'fiction', 'nonfiction']"
16033902,"['romance', 'fiction', 'nonfiction']"
16033906,"['romance', 'fiction', 'nonfiction']"
16033909,"['romance', 'fiction']"
16034964,"['romance', 'fiction', 'nonfiction']"
16041169,"['romance', 'fiction', 'nonfiction']"
16042305,"['romance', 'fiction', 'nonfiction']"
16043804,"['fantasy', 'fiction', 'horror']"
16044981,"['fiction', 'romance', 'children']"
16045078,"['romance', 'fiction', 'children']"
16045140,"['fiction', 'romance', 'nonfiction']"
16045144,"['mystery', 'fiction', 'philosophy']"
16045855,"['romance', 'fiction', 'mystery']"
16047244,"['romance', 'poetry', 'fiction']"
16052012,"['children', 'fiction', 'fantasy']"
16053316,"['romance', 'poetry', 'nonfiction']"
16054217,"['fantasy', 'horror', 'fiction']"
16054808,"['children', 'fiction', 'mystery']"
16054811,"['fiction', 'philosophy', 'poetry']"
16055475,"['romance', 'fiction', 'nonfiction']"
16056408,"['romance', 'fiction', 'nonfiction']"
16056862,"['romance', 'fiction', 'nonfiction']"
16058610,"['fiction', 'historical', 'romance']"
16061295,"['horror', 'fantasy', 'romance']"
16061734,"['fiction', 'nonfiction', 'children']"
16062210,"['romance', 'poetry', 'fiction']"
16062211,"['romance', 'fiction', 'nonfiction']"
16065004,"['fantasy', 'fiction', 'mystery']"
16065538,"['mystery', 'fiction', 'horror']"
16066586,"['mystery', 'fiction', 'horror']"
16068780,"['sci-fi', 'fantasy', 'romance']"
16068905,"['romance', 'fiction', 'children']"
16069030,"['fantasy', 'romance', 'sci-fi']"
16070018,"['romance', 'mystery', 'fiction']"
16070143,"['fantasy', 'romance', 'horror']"
16070521,"['romance', 'fiction', 'nonfiction']"
16070903,"['romance', 'fiction', 'nonfiction']"
16071701,"['mystery', 'fiction', 'horror']"
16071736,"['fiction', 'romance', 'historical']"
16071745,"['fiction', 'romance', 'nonfiction']"
16071748,"['fantasy', 'horror', 'fiction']"
16071764,"['fiction', 'romance', 'historical']"
16071767,"['mystery', 'fiction', 'nonfiction']"
16074748,"['children', 'fiction', 'romance']"
16074758,"['mystery', 'fiction', 'romance']"
16076787,"['fiction', 'mystery']"
16077150,"['fiction', 'children', 'romance']"
16079228,"['romance', 'mystery', 'fiction']"
16081202,"['romance', 'fiction', 'poetry']"
16081272,"['romance', 'fiction', 'nonfiction']"
16081754,"['romance', 'fiction', 'nonfiction']"
16081961,"['fiction', 'romance', 'nonfiction']"
16084702,"['romance', 'fiction', 'nonfiction']"
16085481,"['fiction', 'romance', 'children']"
16085517,"['fiction', 'historical', 'nonfiction']"
16090636,"['romance', 'nonfiction', 'fiction']"
16090981,"['romance', 'fiction', 'nonfiction']"
16093188,"['romance', 'mystery', 'fiction']"
16096514,"['romance', 'nonfiction', 'fiction']"
16096824,"['fantasy', 'romance', 'children']"
16096873,"['horror', 'fantasy', 'romance']"
16099159,"['romance', 'fiction', 'nonfiction']"
16099180,"['fiction', 'romance', 'children']"
16099189,"['fiction', 'mystery', 'historical']"
16101018,"['children', 'fiction', 'graphic']"
16101126,"['romance', 'fiction', 'children']"
16101128,"['sci-fi', 'fiction', 'horror']"
16102004,"['romance', 'fiction', 'nonfiction']"
16102880,"['romance', 'fiction', 'nonfiction']"
16109563,"['romance', 'fiction', 'mystery']"
16113737,"['fiction', 'historical', 'philosophy']"
16113791,"['romance', 'fiction', 'nonfiction']"
16114861,"['romance', 'mystery', 'nonfiction']"
16114862,"['romance', 'horror', 'mystery']"
16115612,"['fiction', 'historical', 'children']"
16116760,"['romance', 'fiction', 'mystery']"
16117182,"['romance', 'fiction', 'mystery']"
16117506,"['romance', 'fiction', 'nonfiction']"
16117804,"['romance', 'fiction', 'nonfiction']"
16119079,"['romance', 'poetry', 'fiction']"
16120760,"['fiction', 'philosophy', 'mystery']"
16122034,"['romance', 'nonfiction', 'fiction']"
16122163,"['romance', 'fiction', 'nonfiction']"
16122643,"['romance', 'nonfiction', 'fiction']"
16124019,"['romance', 'fiction', 'nonfiction']"
16127237,"['romance', 'fiction', 'children']"
16128105,"['fiction', 'children', 'romance']"
16130291,"['fiction', 'historical', 'children']"
16130307,"['romance', 'fiction', 'horror']"
16130537,"['fiction', 'sci-fi', 'fantasy']"
16130549,"['horror', 'nonfiction', 'fiction']"
16130723,"['mystery', 'fiction', 'horror']"
16130986,"['mystery', 'fiction', 'nonfiction']"
16131025,"['fiction', 'romance', 'children']"
16131032,"['sci-fi', 'fiction', 'fantasy']"
16131072,"['mystery', 'fiction', 'horror']"
16131077,"['mystery', 'fiction', 'sci-fi']"
16131193,"['fiction', 'historical', 'nonfiction']"
16131484,"['sci-fi', 'fiction', 'horror']"
16131489,"['sci-fi', 'fiction', 'horror']"
16134551,"['romance', 'nonfiction', 'fiction']"
16134782,"['romance', 'fiction', 'nonfiction']"
16136599,"['horror', 'fantasy', 'romance']"
16136959,"['romance', 'nonfiction', 'fiction']"
16138688,"['fiction', 'historical', 'romance']"
16139641,"['romance', 'fiction', 'nonfiction']"
16140036,"['romance', 'fiction', 'nonfiction']"
16140408,"['romance', 'fiction', 'nonfiction']"
16141924,"['fiction', 'historical', 'children']"
16142053,"['fiction', 'philosophy', 'historical']"
16143347,"['fiction', 'mystery', 'romance']"
16148398,"['graphic', 'fantasy', 'sci-fi']"
16148938,"['sci-fi', 'fiction', 'fantasy']"
16150119,"['fiction', 'mystery', 'sci-fi']"
16150830,"['sci-fi', 'fantasy', 'horror']"
16150831,"['sci-fi', 'fantasy', 'fiction']"
16150996,"['romance', 'mystery', 'fiction']"
16151178,"['romance', 'fiction', 'mystery']"
16152943,"['romance', 'fiction', 'nonfiction']"
16158498,"['fiction', 'philosophy', 'nonfiction']"
16158508,"['fiction', 'historical', 'romance']"
16158519,"['romance', 'mystery', 'fiction']"
16158527,"['mystery', 'fiction', 'nonfiction']"
16158535,"['fiction', 'romance', 'historical']"
16158542,"['fiction', 'historical', 'nonfiction']"
16158558,"['romance', 'fantasy', 'horror']"
16158563,"['mystery', 'fiction', 'historical']"
16158596,"['fiction', 'sci-fi', 'mystery']"
16160797,"['mystery', 'fiction', 'nonfiction']"
16163690,"['romance', 'fiction', 'nonfiction']"
16164271,"['graphic', 'horror', 'fantasy']"
16169737,"['mystery', 'fiction', 'romance']"
16170522,"['horror', 'fiction', 'fantasy']"
16170625,"['poetry', 'fiction', 'historical']"
16171259,"['fiction', 'mystery', 'historical']"
16171272,"['fiction', 'historical', 'nonfiction']"
16171291,"['mystery', 'fiction', 'romance']"
16172634,"['romance', 'fiction', 'nonfiction']"
16174197,"['romance', 'fiction', 'mystery']"
16175040,"['fantasy', 'horror', 'romance']"
16176440,"['fiction', 'nonfiction', 'children']"
16181775,"['fiction', 'romance', 'nonfiction']"
16182601,"['fiction', 'historical', 'philosophy']"
16218778,"['historical', 'fiction', 'nonfiction']"
16233105,"['romance', 'fiction', 'nonfiction']"
16240761,"['fiction', 'historical', 'children']"
16247792,"['romance', 'fiction', 'nonfiction']"
16248068,"['sci-fi', 'romance', 'fiction']"
16248078,"['mystery', 'fiction', 'nonfiction']"
16248113,"['fantasy', 'children', 'fiction']"
16248114,"['fiction', 'fantasy', 'romance']"
16248139,"['fiction', 'romance', 'children']"
16248196,"['fiction', 'philosophy', 'nonfiction']"
16248223,"['fiction', 'fantasy', 'horror']"
16248311,"['fiction', 'romance', 'historical']"
16256798,"['fiction', 'philosophy', 'nonfiction']"
16277248,"['graphic', 'fantasy', 'children']"
16278318,"['fiction', 'sci-fi', 'fantasy']"
16279715,"['romance', 'poetry', 'nonfiction']"
16279856,"['sci-fi', 'fiction', 'fantasy']"
16280678,"['fantasy', 'horror', 'fiction']"
16280689,"['fantasy', 'horror', 'fiction']"
16282066,"['romance', 'horror', 'fantasy']"
16299256,"['romance', 'nonfiction', 'fantasy']"
16299341,"['mystery', 'romance', 'fiction']"
16299991,"['fantasy', 'fiction', 'horror']"
16301111,"['romance', 'fiction', 'nonfiction']"
16303287,"['fantasy', 'horror', 'nonfiction']"
16429619,"['fantasy', 'romance', 'fiction']"
16479439,"['horror', 'sci-fi', 'fiction']"
16704759,"['romance', 'fiction', 'nonfiction']"
16718083,"['romance', 'fiction', 'nonfiction']"
16762211,"['romance', 'poetry', 'fiction']"
17029526,"['romance', 'nonfiction', 'fiction']"
17032328,"['romance', 'fiction', 'nonfiction']"
17131869,"['graphic', 'fantasy', 'fiction']"
17156015,"['romance', 'nonfiction', 'fiction']"
17158513,"['fantasy', 'romance', 'fiction']"
17158532,"['romance', 'fantasy', 'fiction']"
17158596,"['romance', 'fiction', 'nonfiction']"
17159011,"['mystery', 'fiction', 'horror']"
17163514,"['fantasy', 'fiction', 'horror']"
17165932,"['sci-fi', 'fiction', 'horror']"
17166702,"['romance', 'poetry', 'fiction']"
17167042,"['romance', 'nonfiction', 'mystery']"
17167084,"['mystery', 'fiction', 'horror']"
17167166,"['fantasy', 'romance', 'horror']"
17167572,"['fiction', 'sci-fi', 'fantasy']"
17171909,"['fiction', 'sci-fi', 'mystery']"
17181905,"['romance', 'historical', 'nonfiction']"
17182126,"['fantasy', 'sci-fi', 'fiction']"
17182421,"['fiction', 'fantasy', 'horror']"
17190226,"['romance', 'fiction', 'mystery']"
17191012,"['romance', 'nonfiction', 'fiction']"
17192373,"['fiction', 'nonfiction', 'children']"
17199504,"['fantasy', 'sci-fi', 'fiction']"
17200687,"['romance', 'nonfiction', 'fiction']"
17201095,"['romance', 'nonfiction', 'fiction']"
17201104,"['romance', 'poetry', 'nonfiction']"
17201110,"['romance', 'nonfiction', 'fiction']"
17202452,"['romance', 'fiction', 'nonfiction']"
17204568,"['romance', 'fiction', 'children']"
17204860,"['romance', 'poetry', 'fiction']"
17212231,"['mystery', 'fiction', 'horror']"
17225311,"['fiction', 'romance', 'mystery']"
17228280,"['romance', 'fiction', 'children']"
17231976,"['romance', 'historical', 'fiction']"
17232261,"['fiction', 'historical', 'children']"
17233800,"['romance', 'fiction', 'nonfiction']"
17234658,"['sci-fi', 'romance', 'fiction']"
17235026,"['horror', 'fiction', 'sci-fi']"
17235347,"['sci-fi', 'nonfiction', 'fiction']"
17237214,"['romance', 'fiction', 'fantasy']"
17254035,"['romance', 'fiction', 'nonfiction']"
17255186,"['fiction', 'sci-fi', 'historical']"
17255265,"['romance', 'fiction', 'nonfiction']"
17255435,"['horror', 'fantasy', 'romance']"
17257484,"['romance', 'fiction', 'nonfiction']"
17257990,"['romance', 'fiction', 'nonfiction']"
17257993,"['romance', 'mystery', 'fiction']"
17262100,"['fiction', 'nonfiction', 'historical']"
17262155,"['romance', 'fiction', 'nonfiction']"
17262159,"['mystery', 'fiction', 'children']"
17262203,"['fiction', 'sci-fi', 'fantasy']"
17262206,"['historical', 'fiction', 'nonfiction']"
17262236,"['fiction', 'historical', 'horror']"
17262366,"['fiction', 'historical', 'nonfiction']"
17262540,"['fiction', 'historical', 'sci-fi']"
17267122,"['romance', 'nonfiction', 'fiction']"
17277800,"['graphic', 'nonfiction', 'fiction']"
17285330,"['fiction', 'romance', 'horror']"
17285883,"['fantasy', 'horror', 'romance']"
17286162,"['romance', 'fiction', 'nonfiction']"
17286747,"['fiction', 'historical', 'romance']"
17286958,"['historical', 'fiction', 'philosophy']"
17287009,"['fiction', 'graphic', 'nonfiction']"
17287028,"['historical', 'fiction', 'mystery']"
17288661,"['mystery', 'fiction', 'nonfiction']"
17302495,"['romance', 'fiction', 'nonfiction']"
17306293,"['sci-fi', 'fiction', 'fantasy']"
17312201,"['fantasy', 'fiction', 'children']"
17314410,"['romance', 'fiction', 'nonfiction']"
17314430,"['romance', 'nonfiction', 'fiction']"
17316075,"['romance', 'nonfiction', 'fiction']"
17317675,"['romance', 'fiction', 'nonfiction']"
17325147,"['romance', 'fiction', 'nonfiction']"
17329041,"['fiction', 'mystery', 'historical']"
17331349,"['fiction', 'nonfiction', 'philosophy']"
17331518,"['sci-fi', 'romance', 'fantasy']"
17331828,"['fantasy', 'romance', 'horror']"
17332207,"['fiction', 'nonfiction', 'historical']"
17332218,"['fantasy', 'fiction', 'horror']"
17332564,"['romance', 'fiction', 'nonfiction']"
17332969,"['sci-fi', 'fiction', 'romance']"
17333171,"['fantasy', 'horror', 'romance']"
17333174,"['fantasy', 'horror', 'romance']"
17333223,"['fiction', 'mystery', 'nonfiction']"
17333227,"['mystery', 'fiction', 'horror']"
17333230,"['fiction', 'mystery', 'historical']"
17333237,"['fiction', 'historical', 'romance']"
17333277,"['mystery', 'fiction', 'horror']"
17333279,"['mystery', 'fiction', 'horror']"
17333302,"['fiction', 'nonfiction', 'philosophy']"
17333319,"['fiction', 'mystery', 'historical']"
17333324,"['fiction', 'sci-fi', 'fantasy']"
17333431,"['mystery', 'fiction', 'horror']"
17333880,"['romance', 'nonfiction', 'fiction']"
17334079,"['fantasy', 'horror', 'nonfiction']"
17334495,"['historical', 'fiction', 'nonfiction']"
17336849,"['romance', 'nonfiction', 'fiction']"
17337562,"['romance', 'nonfiction', 'fiction']"
17339590,"['nonfiction', 'fiction', 'horror']"
17340050,"['romance', 'nonfiction', 'fiction']"
17342700,"['fantasy', 'romance', 'horror']"
17345242,"['fantasy', 'fiction', 'nonfiction']"
17345258,"['fiction', 'romance', 'historical']"
17346698,"['historical', 'fiction', 'graphic']"
17347389,"['fantasy', 'horror', 'romance']"
17348985,"['mystery', 'horror', 'fiction']"
17349023,"['fiction', 'children', 'romance']"
17349163,"['fiction', 'romance', 'historical']"
17349203,"['children', 'fantasy', 'fiction']"
17349222,"['fiction', 'historical', 'nonfiction']"
17352874,"['romance', 'historical', 'nonfiction']"
17375956,"['romance', 'fiction', 'nonfiction']"
17377032,"['romance', 'nonfiction', 'fiction']"
17378508,"['fantasy', 'horror', 'romance']"
17378527,"['fantasy', 'horror', 'romance']"
17380041,"['fiction', 'historical', 'romance']"
17383934,"['fiction', 'historical', 'romance']"
17383994,"['sci-fi', 'fiction', 'fantasy']"
17399160,"['fantasy', 'romance', 'sci-fi']"
17401198,"['mystery', 'fiction', 'horror']"
17402288,"['fiction', 'nonfiction', 'romance']"
17402605,"['fantasy', 'fiction', 'horror']"
17404452,"['romance', 'nonfiction', 'fiction']"
17406847,"['fantasy', 'romance', 'horror']"
17407233,"['romance', 'fiction', 'nonfiction']"
17407748,"['fiction', 'romance', 'nonfiction']"
17411703,"['romance', 'fiction', 'nonfiction']"
17412188,"['mystery', 'fiction', 'horror']"
17443673,"['romance', 'fiction', 'nonfiction']"
17448960,"['romance', 'nonfiction', 'horror']"
17449197,"['fantasy', 'romance', 'horror']"
17449417,"['romance', 'nonfiction', 'fiction']"
17452179,"['mystery', 'fiction', 'nonfiction']"
17455541,"['historical', 'fiction', 'nonfiction']"
17455585,"['horror', 'romance', 'fantasy']"
17455815,"['horror', 'romance', 'fantasy']"
17456328,"['fiction', 'historical', 'mystery']"
17465453,"['fiction', 'historical', 'nonfiction']"
17465470,"['fantasy', 'horror', 'fiction']"
17465515,"['fiction', 'nonfiction', 'romance']"
17504320,"['romance', 'fantasy', 'nonfiction']"
17524166,"['fiction', 'historical', 'nonfiction']"
17557143,"['romance', 'nonfiction', 'fiction']"
17557913,"['mystery', 'fiction', 'children']"
17558817,"['romance', 'nonfiction', 'fiction']"
17560674,"['romance', 'nonfiction', 'fiction']"
17562900,"['fantasy', 'horror', 'romance']"
17563080,"['fantasy', 'horror', 'romance']"
17563539,"['nonfiction', 'fiction', 'philosophy']"
17565845,"['fiction', 'mystery', 'horror']"
17568801,"['historical', 'fiction', 'philosophy']"
17569860,"['romance', 'mystery', 'fiction']"
17570105,"['mystery', 'fiction', 'horror']"
17570538,"['fantasy', 'fiction', 'horror']"
17571466,"['horror', 'fiction', 'mystery']"
17571564,"['fiction', 'historical', 'graphic']"
17572903,"['fiction', 'romance', 'historical']"
17573684,"['fiction', 'romance', 'historical']"
17607848,"['romance', 'nonfiction', 'fiction']"
17608111,"['fantasy', 'fiction', 'nonfiction']"
17617277,"['romance', 'nonfiction', 'fiction']"
17623975,"['romance', 'fiction', 'horror']"
17660462,"['fiction', 'historical', 'nonfiction']"
17661831,"['fiction', 'historical', 'philosophy']"
17667452,"['fiction', 'romance', 'children']"
17667561,"['fantasy', 'children', 'horror']"
17671913,"['graphic', 'horror', 'mystery']"
17673271,"['historical', 'fiction', 'nonfiction']"
17673307,"['romance', 'fiction', 'nonfiction']"
17674991,"['fiction', 'historical', 'nonfiction']"
17675031,"['fiction', 'historical', 'nonfiction']"
17675462,"['fantasy', 'horror', 'romance']"
17704902,"['fiction', 'historical', 'horror']"
17704903,"['historical', 'fiction', 'nonfiction']"
17707603,"['historical', 'fiction', 'nonfiction']"
17707605,"['mystery', 'fiction', 'romance']"
17707654,"['mystery', 'fiction', 'nonfiction']"
17722973,"['children', 'fantasy', 'nonfiction']"
17726978,"['mystery', 'horror', 'fiction']"
17727276,"['historical', 'fiction', 'nonfiction']"
17729712,"['romance', 'nonfiction', 'fiction']"
17733861,"['horror', 'romance', 'fantasy']"
17733898,"['children', 'fiction', 'graphic']"
17788401,"['romance', 'fiction', 'nonfiction']"
17792606,"['romance', 'nonfiction', 'fiction']"
17794657,"['romance', 'fiction', 'mystery']"
17797253,"['fiction', 'historical', 'nonfiction']"
17797381,"['mystery', 'horror', 'fiction']"
17798233,"['romance', 'nonfiction', 'fiction']"
17798287,"['romance', 'nonfiction', 'fiction']"
17800786,"['romance', 'historical', 'fiction']"
17802724,"['mystery', 'fiction', 'romance']"
17802747,"['fiction', 'mystery', 'historical']"
17825503,"['romance', 'fiction', 'nonfiction']"
17828418,"['romance', 'fiction', 'nonfiction']"
17830123,"['fiction', 'historical', 'romance']"
17830559,"['romance', 'nonfiction', 'fiction']"
17831614,"['romance', 'nonfiction', 'fiction']"
17831616,"['romance', 'nonfiction', 'fiction']"
17831617,"['romance', 'nonfiction', 'fiction']"
17831619,"['romance', 'nonfiction', 'fiction']"
17833099,"['romance', 'nonfiction', 'fiction']"
17834834,"['fiction', 'historical', 'mystery']"
17834904,"['mystery', 'fiction', 'historical']"
17835351,"['historical', 'fiction', 'nonfiction']"
17835766,"['romance', 'fiction', 'nonfiction']"
17835773,"['romance', 'nonfiction', 'fiction']"
17838528,"['romance', 'fiction', 'nonfiction']"
17851885,"['fiction', 'historical', 'nonfiction']"
17853024,"['fiction', 'historical', 'fantasy']"
17855756,"['sci-fi', 'fiction', 'fantasy']"
17860199,"['sci-fi', 'fiction', 'fantasy']"
17860217,"['romance', 'nonfiction', 'fiction']"
17860739,"['fiction', 'mystery', 'fantasy']"
17876893,"['romance', 'fiction', 'nonfiction']"
17876897,"['romance', 'fiction', 'nonfiction']"
17878931,"['fantasy', 'sci-fi', 'fiction']"
17880708,"['romance', 'nonfiction', 'fiction']"
17880714,"['romance', 'nonfiction', 'fiction']"
17884042,"['fiction', 'romance', 'graphic']"
17888952,"['fiction', 'philosophy', 'poetry']"
17899392,"['romance', 'fiction', 'horror']"
17899696,"['romance', 'nonfiction', 'fiction']"
17901125,"['fantasy', 'sci-fi', 'fiction']"
17903381,"['romance', 'fiction', 'nonfiction']"
17905709,"['fiction', 'historical', 'nonfiction']"
17908462,"['mystery', 'fiction', 'romance']"
17910048,"['fantasy', 'fiction', 'nonfiction']"
17910054,"['fiction', 'nonfiction', 'historical']"
17910124,"['fantasy', 'fiction', 'horror']"
17910544,"['historical', 'fiction', 'children']"
17910611,"['romance', 'fiction', 'nonfiction']"
17920175,"['mystery', 'sci-fi', 'fiction']"
17925397,"['horror', 'romance', 'fantasy']"
17926775,"['fantasy', 'romance', 'horror']"
17927395,"['fantasy', 'romance', 'fiction']"
17930773,"['romance', 'nonfiction', 'fiction']"
17934385,"['romance', 'fiction', 'children']"
17934416,"['mystery', 'fiction', 'children']"
17934521,"['fiction', 'romance', 'poetry']"
17934530,"['fiction', 'sci-fi', 'horror']"
17934655,"['fiction', 'nonfiction', 'historical']"
17936925,"['romance', 'fiction', 'nonfiction']"
17948485,"['romance', 'fiction', 'nonfiction']"
17950614,"['sci-fi', 'fiction', 'fantasy']"
17970255,"['romance', 'fiction', 'nonfiction']"
17973653,"['romance', 'nonfiction', 'fiction']"
17977710,"['romance', 'fiction', 'nonfiction']"
17978144,"['mystery', 'fiction', 'romance']"
17983690,"['romance', 'poetry', 'fiction']"
17985262,"['fiction', 'sci-fi', 'mystery']"
17989312,"['fiction', 'mystery', 'historical']"
17999892,"['sci-fi', 'fiction', 'mystery']"
18003300,"['poetry', 'romance', 'fiction']"
18006496,"['fantasy', 'romance', 'horror']"
18007532,"['fiction', 'mystery', 'historical']"
18007533,"['nonfiction', 'fiction', 'historical']"
18007535,"['horror', 'mystery', 'fiction']"
18007564,"['sci-fi', 'fantasy', 'fiction']"
18039755,"['fiction', 'fantasy', 'romance']"
18039963,"['historical', 'fiction', 'nonfiction']"
18045473,"['fiction', 'historical', 'nonfiction']"
18050143,"['nonfiction', 'fiction', 'sci-fi']"
18052985,"['romance', 'historical', 'fiction']"
18053060,"['fiction', 'fantasy', 'children']"
18053782,"['romance', 'fiction', 'nonfiction']"
18054175,"['fiction', 'romance', 'philosophy']"
18071296,"['romance', 'mystery', 'nonfiction']"
18076876,"['romance', 'fiction', 'mystery']"
18077752,"['fiction', 'sci-fi', 'fantasy']"
18077769,"['fiction', 'sci-fi', 'horror']"
18077875,"['fiction', 'philosophy', 'nonfiction']"
18077903,"['fiction', 'poetry', 'historical']"
18079527,"['fiction', 'romance', 'children']"
18079661,"['mystery', 'fiction', 'historical']"
18079683,"['fiction', 'children', 'fantasy']"
18079719,"['fiction', 'sci-fi', 'horror']"
18079757,"['mystery', 'romance', 'fiction']"
18079776,"['fiction', 'historical', 'nonfiction']"
18079804,"['fantasy', 'horror', 'fiction']"
18080889,"['romance', 'fiction', 'fantasy']"
18080920,"['sci-fi', 'fiction', 'nonfiction']"
18080923,"['sci-fi', 'fiction', 'nonfiction']"
18081809,"['fiction', 'romance', 'fantasy']"
18089551,"['romance', 'nonfiction', 'fiction']"
18089900,"['fiction', 'fantasy', 'historical']"
18089975,"['mystery', 'fiction', 'children']"
18090061,"['romance', 'fiction', 'nonfiction']"
18090147,"['fiction', 'fantasy', 'mystery']"
18090150,"['mystery', 'fiction', 'nonfiction']"
18104607,"['romance', 'fiction', 'nonfiction']"
18105011,"['romance', 'nonfiction', 'fantasy']"
18107951,"['fantasy', 'horror', 'mystery']"
18108281,"['romance', 'horror', 'fantasy']"
18108795,"['mystery', 'fiction', 'nonfiction']"
18108877,"['sci-fi', 'fiction', 'fantasy']"
18110808,"['romance', 'nonfiction', 'fiction']"
18111281,"['historical', 'fiction', 'nonfiction']"
18114057,"['fiction', 'sci-fi', 'mystery']"
18114060,"['mystery', 'fiction', 'romance']"
18114068,"['fiction', 'nonfiction', 'historical']"
18114142,"['fiction', 'historical', 'romance']"
18115061,"['romance', 'nonfiction', 'fiction']"
18126198,"['sci-fi', 'fiction', 'nonfiction']"
18127101,"['fiction', 'historical', 'nonfiction']"
18129852,"['romance', 'nonfiction', 'fiction']"
18134249,"['romance', 'nonfiction', 'fiction']"
18134894,"['romance', 'mystery', 'fiction']"
18138189,"['fantasy', 'fiction', 'horror']"
18138755,"['romance', 'fiction', 'nonfiction']"
18140047,"['fiction', 'romance', 'horror']"
18142329,"['mystery', 'fiction', 'horror']"
18143905,"['fiction', 'nonfiction', 'historical']"
18143968,"['mystery', 'fiction', 'horror']"
18143977,"['fiction', 'historical', 'nonfiction']"
18144053,"['fiction', 'fantasy', 'historical']"
18144115,"['fiction', 'romance', 'children']"
18144124,"['mystery', 'fiction', 'horror']"
18149927,"['romance', 'fiction', 'nonfiction']"
18161265,"['romance', 'fiction', 'nonfiction']"
18163646,"['fiction', 'romance', 'horror']"
18166936,"['fantasy', 'fiction', 'romance']"
18167006,"['fiction', 'romance', 'historical']"
18170039,"['sci-fi', 'romance', 'nonfiction']"
18170134,"['mystery', 'fiction', 'horror']"
18170143,"['fiction', 'historical', 'nonfiction']"
18172471,"['sci-fi', 'romance', 'fiction']"
18176747,"['nonfiction', 'fiction', 'sci-fi']"
18189606,"['romance', 'fiction', 'mystery']"
18191814,"['horror', 'romance', 'fantasy']"
18209290,"['fiction', 'romance', 'children']"
18209454,"['mystery', 'fiction', 'romance']"
18209468,"['mystery', 'fiction', 'romance']"
18210706,"['fantasy', 'mystery', 'fiction']"
18211536,"['romance', 'nonfiction', 'fiction']"
18213403,"['fiction', 'nonfiction', 'historical']"
18214414,"['mystery', 'fiction', 'nonfiction']"
18221931,"['romance', 'mystery', 'nonfiction']"
18222699,"['sci-fi', 'fiction', 'fantasy']"
18225810,"['children', 'fiction', 'historical']"
18228202,"['fiction', 'romance', 'historical']"
18232495,"['fiction', 'historical', 'mystery']"
18243700,"['fantasy', 'romance', 'nonfiction']"
18243828,"['romance', 'historical', 'nonfiction']"
18244799,"['romance', 'fiction', 'nonfiction']"
18246727,"['mystery', 'romance', 'fiction']"
18263725,"['children', 'poetry', 'fiction']"
18271235,"['fiction', 'children', 'poetry']"
18282800,"['romance', 'fiction', 'nonfiction']"
18282915,"['mystery', 'fiction', 'romance']"
18285151,"['romance', 'nonfiction', 'fiction']"
18293427,"['fiction', 'romance', 'nonfiction']"
18295852,"['romance', 'fiction', 'fantasy']"
18295858,"['fiction', 'mystery', 'historical']"
18296030,"['mystery', 'romance', 'fiction']"
18297707,"['romance', 'fiction', 'nonfiction']"
18298225,"['romance', 'fiction', 'nonfiction']"
18301124,"['romance', 'fiction', 'nonfiction']"
18302455,"['fiction', 'sci-fi', 'mystery']"
18304322,"['fiction', 'romance', 'fantasy']"
18310201,"['fiction', 'mystery', 'poetry']"
18310944,"['fantasy', 'graphic', 'fiction']"
18316089,"['fiction', 'historical', 'romance']"
18323154,"['horror', 'fiction', 'mystery']"
18331807,"['romance', 'fiction', 'nonfiction']"
18335634,"['fantasy', 'horror', 'romance']"
18336965,"['fiction', 'romance', 'horror']"
18337259,"['fantasy', 'graphic', 'fiction']"
18339630,"['fiction', 'nonfiction', 'poetry']"
18339743,"['fiction', 'mystery', 'romance']"
18340482,"['romance', 'nonfiction', 'fiction']"
18341046,"['romance', 'nonfiction', 'mystery']"
18342283,"['fiction', 'mystery', 'horror']"
18353714,"['mystery', 'fiction', 'horror']"
18363068,"['romance', 'fiction', 'nonfiction']"
18367581,"['fantasy', 'horror', 'fiction']"
18373214,"['mystery', 'fiction', 'nonfiction']"
18387597,"['fiction', 'mystery', 'nonfiction']"
18404093,"['romance', 'fiction', 'nonfiction']"
18404248,"['mystery', 'fiction', 'horror']"
18404285,"['fiction', 'mystery', 'historical']"
18404427,"['fiction', 'historical', 'romance']"
18405221,"['fantasy', 'fiction', 'horror']"
18428067,"['fiction', 'historical', 'nonfiction']"
18453074,"['fiction', 'philosophy', 'nonfiction']"
18453095,"['mystery', 'fiction', 'romance']"
18453110,"['fiction', 'mystery', 'horror']"
18460392,"['fiction', 'romance', 'horror']"
18461986,"['romance', 'poetry', 'fiction']"
18465566,"['graphic', 'fiction', 'children']"
18465657,"['romance', 'fiction', 'children']"
18465852,"['fiction', 'nonfiction', 'romance']"
18467802,"['fiction', 'historical', 'romance']"
18467818,"['fiction', 'mystery', 'nonfiction']"
18468559,"['romance', 'mystery', 'fiction']"
18478222,"['historical', 'fiction', 'nonfiction']"
18498558,"['horror', 'mystery', 'fiction']"
18498569,"['fiction', 'historical', 'fantasy']"
18500665,"['fantasy', 'sci-fi', 'horror']"
18505784,"['fiction', 'historical', 'nonfiction']"
18505796,"['fiction', 'philosophy', 'historical']"
18505832,"['mystery', 'fiction', 'historical']"
18505836,"['fiction', 'historical', 'romance']"
18527947,"['romance', 'fantasy', 'horror']"
18528190,"['fiction', 'romance', 'nonfiction']"
18528454,"['romance', 'nonfiction', 'fiction']"
18584855,"['fantasy', 'romance', 'children']"
18593175,"['romance', 'nonfiction', 'fiction']"
18594409,"['historical', 'fiction', 'graphic']"
18594594,"['mystery', 'fiction', 'historical']"
18594633,"['fiction', 'mystery', 'children']"
18594634,"['fiction', 'philosophy', 'historical']"
18599754,"['romance', 'fiction', 'fantasy']"
18602341,"['fantasy', 'fiction', 'children']"
18607805,"['fiction', 'sci-fi']"
18616975,"['fantasy', 'fiction', 'sci-fi']"
18630542,"['graphic', 'fantasy', 'fiction']"
18635016,"['sci-fi', 'romance', 'fiction']"
18635039,"['fiction', 'romance', 'children']"
18635113,"['mystery', 'fiction', 'nonfiction']"
18635622,"['fantasy', 'fiction', 'nonfiction']"
18641982,"['fiction', 'romance', 'children']"
18651980,"['fiction', 'mystery', 'poetry']"
18652002,"['fiction', 'sci-fi', 'fantasy']"
18655937,"['romance', 'nonfiction', 'fiction']"
18656006,"['fiction', 'romance', 'children']"
18656030,"['sci-fi', 'fiction', 'fantasy']"
18656036,"['mystery', 'fiction', 'horror']"
18656055,"['mystery', 'fiction', 'horror']"
18659623,"['horror', 'graphic', 'nonfiction']"
18660447,"['romance', 'fiction', 'nonfiction']"
18666006,"['fiction', 'sci-fi', 'horror']"
18666047,"['fantasy', 'fiction', 'horror']"
18667307,"['graphic', 'horror', 'fantasy']"
18667779,"['romance', 'fiction', 'mystery']"
18667817,"['mystery', 'fiction', 'horror']"
18667945,"['historical', 'fiction', 'romance']"
18667976,"['fiction', 'romance', 'historical']"
18668059,"['philosophy', 'fiction', 'historical']"
18668066,"['romance', 'mystery', 'fiction']"
18668485,"['sci-fi', 'fiction', 'nonfiction']"
18680106,"['romance', 'mystery', 'nonfiction']"
18687079,"['graphic', 'fantasy', 'children']"
18692431,"['romance', 'fiction', 'children']"
18693621,"['romance', 'mystery', 'fiction']"
18693716,"['romance', 'fiction', 'children']"
18693743,"['fantasy', 'fiction', 'horror']"
18693753,"['mystery', 'fiction', 'horror']"
18693763,"['fiction', 'nonfiction', 'mystery']"
18705209,"['fantasy', 'children', 'horror']"
18710190,"['sci-fi', 'fiction', 'fantasy']"
18711993,"['romance', 'fiction', 'nonfiction']"
18712886,"['fantasy', 'sci-fi', 'fiction']"
18718848,"['fiction', 'horror', 'romance']"
18722887,"['fiction', 'mystery', 'romance']"
18730158,"['mystery', 'fiction', 'nonfiction']"
18736925,"['nonfiction', 'fiction', 'historical']"
18739426,"['fantasy', 'fiction', 'horror']"
18739485,"['romance', 'mystery', 'fiction']"
18752959,"['fantasy', 'children', 'nonfiction']"
18754961,"['romance', 'fantasy', 'horror']"
18764826,"['fiction', 'romance', 'children']"
18774020,"['sci-fi', 'fiction', 'horror']"
18774964,"['fiction', 'nonfiction', 'children']"
18774981,"['philosophy', 'fiction', 'nonfiction']"
18775203,"['romance', 'fiction', 'nonfiction']"
18775247,"['mystery', 'fiction', 'nonfiction']"
18775284,"['fiction', 'romance', 'children']"
18775297,"['romance', 'fiction', 'nonfiction']"
18775365,"['fiction', 'historical', 'nonfiction']"
18781540,"['romance', 'nonfiction', 'children']"
18781543,"['romance', 'mystery', 'nonfiction']"
18798983,"['fantasy', 'romance', 'fiction']"
18799585,"['mystery', 'romance', 'fiction']"
18800655,"['sci-fi', 'fiction', 'fantasy']"
18803640,"['fiction', 'historical', 'nonfiction']"
18806240,"['fantasy', 'fiction', 'mystery']"
18812405,"['mystery', 'fiction', 'romance']"
18813530,"['horror', 'romance', 'fantasy']"
18813642,"['fiction', 'romance', 'nonfiction']"
18815695,"['fiction', 'mystery', 'historical']"
18816603,"['fiction', 'mystery', 'horror']"
18819296,"['fiction', 'romance', 'nonfiction']"
18867685,"['sci-fi', 'fiction', 'mystery']"
18869967,"['fiction', 'historical', 'mystery']"
18869970,"['historical', 'mystery', 'fiction']"
18870159,"['romance', 'nonfiction', 'poetry']"
18879761,"['fiction', 'romance', 'mystery']"
18892134,"['sci-fi', 'fiction', 'nonfiction']"
18906484,"['fiction', 'mystery', 'romance']"
18943009,"['romance', 'fiction', 'nonfiction']"
18966322,"['fantasy', 'sci-fi', 'fiction']"
18966806,"['sci-fi', 'fiction', 'fantasy']"
18966819,"['sci-fi', 'fiction', 'fantasy']"
18982011,"['fantasy', 'horror', 'fiction']"
19004663,"['mystery', 'fiction', 'romance']"
19030845,"['graphic', 'fiction', 'nonfiction']"
19090384,"['fantasy', 'horror', 'sci-fi']"
19095025,"['romance', 'poetry', 'nonfiction']"
19101283,"['mystery', 'fiction', 'nonfiction']"
19103097,"['fantasy', 'fiction', 'horror']"
19138879,"['graphic', 'horror', 'fantasy']"
19156898,"['children', 'fiction', 'fantasy']"
19161852,"['fantasy', 'fiction', 'sci-fi']"
19286623,"['romance', 'poetry', 'fiction']"
19286669,"['mystery', 'fiction', 'romance']"
19286674,"['horror', 'fantasy', 'romance']"
19288239,"['fiction', 'fantasy', 'mystery']"
19288321,"['fantasy', 'fiction', 'horror']"
19346451,"['sci-fi', 'fiction', 'fantasy']"
19351043,"['fantasy', 'graphic', 'fiction']"
19351490,"['historical', 'children', 'fiction']"
19358975,"['graphic', 'fantasy', 'sci-fi']"
19427193,"['romance', 'fiction', 'horror']"
19486412,"['mystery', 'fiction', 'romance']"
19486421,"['fantasy', 'horror', 'sci-fi']"
19501672,"['romance', 'nonfiction', 'fiction']"
19523454,"['fiction', 'sci-fi', 'mystery']"
19536001,"['fiction', 'fantasy', 'graphic']"
19547856,"['romance', 'fiction', 'fantasy']"
19549841,"['fantasy', 'fiction', 'romance']"
19561922,"['mystery', 'fiction', 'horror']"
19747756,"['fiction', 'mystery', 'horror']"
20168816,"['fiction', 'nonfiction', 'fantasy']"
20170296,"['historical', 'fiction', 'nonfiction']"
20170404,"['fiction', 'sci-fi', 'fantasy']"
20174424,"['fantasy', 'fiction', 'mystery']"
20257122,"['historical', 'fiction', 'mystery']"
20263040,"['mystery', 'fiction', 'children']"
20299683,"['graphic', 'fantasy', 'fiction']"
20309175,"['nonfiction', 'fiction', 'fantasy']"
20312459,"['mystery', 'fiction', 'children']"
20316309,"['fiction', 'romance', 'nonfiction']"
20317106,"['romance', 'fiction', 'philosophy']"
20318201,"['mystery', 'fiction', 'nonfiction']"
20329634,"['sci-fi', 'fiction', 'fantasy']"
20342617,"['fiction', 'historical', 'nonfiction']"
20348781,"['romance', 'nonfiction', 'fiction']"
20423680,"['mystery', 'sci-fi', 'fiction']"
20426917,"['fantasy', 'horror', 'romance']"
20438825,"['mystery', 'romance', 'fiction']"
20439328,"['fiction', 'nonfiction', 'historical']"
20443207,"['fantasy', 'romance', 'sci-fi']"
20443235,"['fantasy', 'romance', 'sci-fi']"
20454076,"['sci-fi', 'fiction', 'romance']"
20454672,"['mystery', 'romance', 'fiction']"
20499240,"['fantasy', 'mystery', 'fiction']"
20505127,"['mystery', 'fiction', 'romance']"
20509356,"['sci-fi', 'fiction', 'fantasy']"
20510241,"['sci-fi', 'fiction', 'fantasy']"
20518872,"['fiction', 'sci-fi', 'fantasy']"
20525628,"['fiction', 'romance', 'poetry']"
20559676,"['romance', 'mystery', 'fiction']"
20560137,"['fantasy', 'sci-fi', 'romance']"
20575411,"['fiction', 'philosophy', 'historical']"
20575425,"['fiction', 'sci-fi', 'poetry']"
20575434,"['children', 'fiction', 'fantasy']"
20575440,"['fiction', 'historical', 'nonfiction']"
20575446,"['graphic', 'fiction', 'fantasy']"
20578940,"['fantasy', 'children', 'horror']"
20587777,"['fiction', 'historical', 'children']"
20588698,"['historical', 'nonfiction', 'romance']"
20603820,"['romance', 'nonfiction', 'fiction']"
20604826,"['fiction', 'nonfiction', 'historical']"
20613470,"['fantasy', 'romance', 'horror']"
20613761,"['poetry', 'fiction', 'nonfiction']"
20613920,"['romance', 'fiction', 'graphic']"
20620995,"['fiction', 'children', 'horror']"
20639274,"['romance', 'nonfiction', 'fiction']"
20646604,"['romance', 'nonfiction', 'fiction']"
20662728,"['fantasy', 'fiction', 'horror']"
20663702,"['fiction', 'historical', 'nonfiction']"
20685373,"['fiction', 'historical', 'nonfiction']"
20696006,"['fiction', 'nonfiction', 'philosophy']"
20697435,"['fiction', 'sci-fi', 'philosophy']"
20697471,"['fiction', 'historical', 'nonfiction']"
20698530,"['romance', 'fiction', 'nonfiction']"
20701984,"['children', 'historical', 'fiction']"
20705702,"['fantasy', 'romance', 'horror']"
20706269,"['mystery', 'horror', 'fiction']"
20706284,"['fiction', 'sci-fi', 'fantasy']"
20706316,"['fiction', 'romance', 'children']"
20706317,"['fiction', 'sci-fi', 'fantasy']"
20706320,"['fantasy', 'children', 'nonfiction']"
20707959,"['fiction', 'mystery', 'nonfiction']"
20727654,"['fantasy', 'fiction', 'romance']"
20758175,"['mystery', 'fiction', 'horror']"
20761374,"['romance', 'nonfiction', 'fiction']"
20764879,"['fantasy', 'fiction', 'romance']"
20767918,"['mystery', 'fiction', 'horror']"
20768868,"['mystery', 'fiction', 'horror']"
20797535,"['fiction', 'sci-fi', 'mystery']"
20800147,"['mystery', 'fiction', 'horror']"
20801166,"['romance', 'fiction', 'historical']"
20803953,"['romance', 'fiction', 'nonfiction']"
20803962,"['romance', 'nonfiction', 'fiction']"
20819682,"['fiction', 'romance', 'philosophy']"
20819685,"['fiction', 'fantasy', 'sci-fi']"
20820994,"['fiction', 'romance', 'children']"
20820995,"['mystery', 'fiction', 'nonfiction']"
20821043,"['mystery', 'fiction', 'nonfiction']"
20821087,"['fiction', 'romance', 'historical']"
20821111,"['fantasy', 'sci-fi', 'romance']"
20821159,"['sci-fi', 'fiction', 'fantasy']"
20821249,"['mystery', 'romance', 'fiction']"
20821284,"['historical', 'poetry', 'fiction']"
20821299,"['children', 'fiction', 'graphic']"
20821376,"['fantasy', 'fiction', 'romance']"
20821614,"['mystery', 'fiction', 'horror']"
20829994,"['fantasy', 'fiction', 'children']"
20871704,"['fiction', 'romance', 'horror']"
20874139,"['fiction', 'historical', 'romance']"
20878809,"['children', 'fiction', 'nonfiction']"
20881071,"['mystery', 'fiction', 'horror']"
20883847,"['fantasy', 'fiction', 'nonfiction']"
20886354,"['fantasy', 'fiction', 'mystery']"
20890479,"['fiction', 'romance', 'horror']"
20893314,"['fiction', 'mystery', 'historical']"
20894857,"['mystery', 'fiction', 'nonfiction']"
20897517,"['fiction', 'historical', 'horror']"
20898019,"['graphic', 'fiction', 'fantasy']"
20910157,"['fiction', 'historical', 'nonfiction']"
20912424,"['fiction', 'children', 'historical']"
20926278,"['horror', 'nonfiction', 'fiction']"
20958632,"['horror', 'fantasy', 'fiction']"
20980373,"['romance', 'nonfiction', 'fiction']"
20980959,"['mystery', 'fiction', 'horror']"
20980987,"['fiction', 'historical', 'poetry']"
20983362,"['fantasy', 'sci-fi', 'fiction']"
21064599,"['romance', 'fiction', 'nonfiction']"
21086818,"['fiction', 'historical', 'nonfiction']"
21094993,"['fiction', 'nonfiction', 'horror']"
21104828,"['fiction', 'mystery', 'historical']"
21219083,"['mystery', 'fiction', 'horror']"
21393526,"['fantasy', 'romance', 'fiction']"
21394850,"['philosophy', 'fiction', 'historical']"
21400356,"['romance', 'mystery', 'fiction']"
21411058,"['romance', 'fiction', 'nonfiction']"
21411887,"['romance', 'fiction', 'nonfiction']"
21412202,"['historical', 'fiction', 'nonfiction']"
21412360,"['fiction', 'nonfiction', 'historical']"
21412400,"['fiction', 'romance', 'nonfiction']"
21412673,"['horror', 'fantasy', 'fiction']"
21413662,"['fiction', 'nonfiction', 'sci-fi']"
21414439,"['fantasy', 'horror', 'romance']"
21416690,"['fantasy', 'fiction', 'mystery']"
21418013,"['fiction', 'sci-fi', 'mystery']"
21418017,"['fiction', 'fantasy', 'romance']"
21420473,"['romance', 'fiction', 'nonfiction']"
21423525,"['fiction', 'romance', 'children']"
21433251,"['graphic', 'historical', 'fiction']"
21437200,"['mystery', 'fiction', 'romance']"
21456940,"['historical', 'fiction', 'nonfiction']"
21457243,"['fantasy', 'horror', 'romance']"
21473305,"['romance', 'fiction', 'nonfiction']"
21480734,"['fiction', 'nonfiction', 'philosophy']"
21483760,"['fantasy', 'fiction', 'sci-fi']"
21489683,"['mystery', 'fiction', 'nonfiction']"
21518647,"['romance', 'nonfiction', 'mystery']"
21518679,"['romance', 'nonfiction', 'mystery']"
21530229,"['mystery', 'fiction', 'romance']"
21531503,"['fiction', 'historical', 'philosophy']"
21535019,"['children', 'fiction', 'graphic']"
21535271,"['fantasy', 'fiction', 'nonfiction']"
21535784,"['mystery', 'fiction', 'horror']"
21569527,"['fantasy', 'romance', 'fiction']"
21795430,"['romance', 'fiction', 'nonfiction']"
21843117,"['romance', 'nonfiction', 'fantasy']"
21844019,"['fiction', 'romance', 'children']"
21849362,"['horror', 'romance', 'fantasy']"
21853621,"['fiction', 'historical', 'romance']"
21853628,"['mystery', 'fiction', 'horror']"
21853633,"['fantasy', 'fiction', 'romance']"
21853645,"['fiction', 'mystery', 'historical']"
21856367,"['fiction', 'historical', 'nonfiction']"
21857294,"['romance', 'nonfiction', 'fiction']"
21873331,"['fiction', 'romance', 'fantasy']"
21874813,"['mystery', 'fiction', 'historical']"
21913812,"['fiction', 'nonfiction', 'historical']"
21936809,"['mystery', 'fiction', 'nonfiction']"
21943246,"['mystery', 'romance', 'horror']"
21956060,"['romance', 'mystery', 'fiction']"
21965107,"['fiction', 'philosophy', 'nonfiction']"
21969786,"['sci-fi', 'fiction', 'fantasy']"
21981841,"['romance', 'mystery', 'fiction']"
22009741,"['romance', 'fiction', 'nonfiction']"
22020052,"['romance', 'mystery', 'fiction']"
22021611,"['romance', 'nonfiction', 'fiction']"
22027055,"['romance', 'fiction', 'historical']"
22027459,"['fiction', 'sci-fi', 'mystery']"
22040598,"['graphic', 'fantasy', 'fiction']"
22054340,"['sci-fi', 'romance', 'nonfiction']"
22055262,"['fantasy', 'fiction', 'horror']"
22055280,"['fantasy', 'fiction', 'horror']"
22055283,"['fantasy', 'fiction', 'horror']"
22062202,"['fantasy', 'horror', 'romance']"
22131009,"['fiction', 'nonfiction', 'horror']"
22151696,"['poetry', 'romance', 'fiction']"
22237161,"['fiction', 'nonfiction', 'historical']"
22296542,"['romance', 'fiction', 'nonfiction']"
22299763,"['fantasy', 'romance', 'horror']"
22318578,"['fiction', 'philosophy', 'nonfiction']"
22319275,"['fiction', 'historical', 'romance']"
22341276,"['fantasy', 'fiction', 'romance']"
22367526,"['fiction', 'mystery', 'children']"
22381326,"['fantasy', 'fiction', 'horror']"
22381892,"['historical', 'fiction', 'nonfiction']"
22402972,"['children', 'fiction', 'fantasy']"
22428828,"['fantasy', 'horror', 'nonfiction']"
22431039,"['romance', 'fiction', 'nonfiction']"
22443261,"['fantasy', 'fiction', 'mystery']"
22450859,"['fiction', 'historical', 'romance']"
22453035,"['mystery', 'nonfiction', 'fiction']"
22454958,"['romance', 'fiction', 'nonfiction']"
22457201,"['romance', 'fiction', 'nonfiction']"
22465597,"['mystery', 'fiction', 'romance']"
22471294,"['romance', 'mystery', 'fiction']"
22474626,"['romance', 'fiction', 'nonfiction']"
22489107,"['fantasy', 'sci-fi', 'fiction']"
22501028,"['fiction', 'children', 'romance']"
22504701,"['children', 'fiction', 'graphic']"
22510983,"['romance', 'fiction', 'fantasy']"
22522202,"['romance', 'fiction', 'horror']"
22522805,"['fiction', 'fantasy', 'historical']"
22522808,"['fantasy', 'nonfiction', 'fiction']"
22535533,"['mystery', 'fiction', 'historical']"
22540125,"['romance', 'fiction', 'nonfiction']"
22543496,"['historical', 'fiction', 'nonfiction']"
22544024,"['fiction', 'historical', 'romance']"
22544764,"['fantasy', 'fiction', 'romance']"
22551730,"['fiction', 'historical', 'nonfiction']"
22551743,"['fiction', 'historical', 'romance']"
22551809,"['fiction', 'philosophy', 'historical']"
22554204,"['graphic', 'fantasy', 'horror']"
22557272,"['mystery', 'fiction', 'nonfiction']"
22557520,"['romance', 'fiction', 'nonfiction']"
22571275,"['mystery', 'fiction', 'nonfiction']"
22571540,"['mystery', 'fiction', 'horror']"
22571552,"['fiction', 'philosophy', 'nonfiction']"
22571612,"['mystery', 'fiction', 'nonfiction']"
22571696,"['mystery', 'romance', 'fiction']"
22571699,"['fantasy', 'horror', 'romance']"
22600903,"['romance', 'fiction', 'nonfiction']"
22608582,"['fiction', 'historical', 'nonfiction']"
22609080,"['romance', 'fiction', 'nonfiction']"
22609310,"['romance', 'fiction', 'nonfiction']"
22609317,"['mystery', 'fiction', 'romance']"
22609391,"['historical', 'fiction', 'nonfiction']"
22609522,"['fiction', 'historical', 'nonfiction']"
22611920,"['romance', 'nonfiction', 'fantasy']"
22635858,"['fiction', 'fantasy', 'romance']"
22642472,"['nonfiction', 'fiction', 'fantasy']"
22669832,"['romance', 'fiction', 'nonfiction']"
22674105,"['fiction', 'romance', 'children']"
22674493,"['mystery', 'fiction', 'horror']"
22693182,"['mystery', 'fiction', 'horror']"
22693211,"['historical', 'fiction', 'poetry']"
22693222,"['fiction', 'historical', 'nonfiction']"
22693231,"['mystery', 'fiction', 'historical']"
22698568,"['fantasy', 'sci-fi', 'fiction']"
22716194,"['fiction', 'children', 'nonfiction']"
22716447,"['fiction', 'historical', 'nonfiction']"
22717015,"['romance', 'fiction', 'nonfiction']"
22725443,"['fiction', 'romance', 'nonfiction']"
22733729,"['sci-fi', 'fiction', 'fantasy']"
22738563,"['fiction', 'nonfiction', 'romance']"
22744701,"['mystery', 'fiction', 'romance']"
22749539,"['fiction', 'children', 'fantasy']"
22749750,"['fiction', 'children', 'nonfiction']"
22749994,"['fiction', 'romance', 'historical']"
22816087,"['fiction', 'sci-fi', 'fantasy']"
22822858,"['fiction', 'romance', 'poetry']"
22836957,"['fiction', 'historical', 'horror']"
22840421,"['fiction', 'fantasy', 'historical']"
22843341,"['romance', 'nonfiction', 'fiction']"
22857396,"['romance', 'nonfiction', 'fiction']"
22874559,"['romance', 'fiction']"
22875451,"['romance', 'fiction', 'nonfiction']"
22886113,"['fiction', 'historical', 'nonfiction']"
22886612,"['sci-fi', 'fiction', 'fantasy']"
22886868,"['fantasy', 'fiction', 'children']"
22889767,"['fiction', 'philosophy', 'historical']"
22892122,"['romance', 'fiction', 'nonfiction']"
22895264,"['fantasy', 'horror', 'romance']"
22910900,"['fantasy', 'fiction', 'horror']"
22914448,"['mystery', 'fiction', 'nonfiction']"
22915460,"['fiction', 'romance', 'historical']"
22918050,"['romance', 'sci-fi', 'fantasy']"
22923997,"['romance', 'fiction', 'nonfiction']"
22929741,"['fiction', 'historical', 'romance']"
22931009,"['fiction', 'nonfiction']"
22934446,"['historical', 'fiction', 'nonfiction']"
23009402,"['romance', 'fiction', 'children']"
23012475,"['fiction', 'romance', 'sci-fi']"
23013953,"['fiction', 'nonfiction', 'sci-fi']"
23014603,"['mystery', 'fiction', 'horror']"
23014670,"['fiction', 'fantasy', 'mystery']"
23017947,"['graphic', 'fantasy', 'fiction']"
23019294,"['horror', 'mystery', 'fiction']"
23093359,"['graphic', 'fantasy', 'fiction']"
23093367,"['graphic', 'fantasy', 'fiction']"
23122175,"['romance', 'nonfiction', 'fantasy']"
23125266,"['mystery', 'fiction', 'nonfiction']"
23128304,"['fiction', 'fantasy', 'nonfiction']"
23129410,"['fantasy', 'fiction', 'horror']"
23153154,"['mystery', 'fiction', 'horror']"
23156040,"['fiction', 'romance', 'nonfiction']"
23157777,"['fantasy', 'fiction', 'horror']"
23158207,"['fiction', 'sci-fi', 'nonfiction']"
23164927,"['fiction', 'sci-fi', 'mystery']"
23164983,"['fiction', 'horror', 'fantasy']"
23168277,"['fiction', 'historical', 'nonfiction']"
23168817,"['fiction', 'sci-fi', 'fantasy']"
23174274,"['fantasy', 'sci-fi', 'fiction']"
23197269,"['fiction', 'sci-fi', 'fantasy']"
23197346,"['mystery', 'fiction', 'nonfiction']"
23207027,"['fantasy', 'romance', 'fiction']"
23208397,"['fiction', 'sci-fi', 'historical']"
23209924,"['fiction', 'sci-fi', 'mystery']"
23209927,"['fiction', 'romance', 'historical']"
23209971,"['fiction', 'historical', 'nonfiction']"
23212667,"['mystery', 'fiction', 'nonfiction']"
23214408,"['romance', 'fiction', 'nonfiction']"
23215469,"['historical', 'fiction', 'nonfiction']"
23245587,"['fiction', 'romance', 'children']"
23245594,"['romance', 'fiction', 'nonfiction']"
23252517,"['romance', 'horror', 'mystery']"
23278537,"['fiction', 'romance', 'nonfiction']"
23281640,"['mystery', 'fiction', 'nonfiction']"
23281906,"['mystery', 'romance', 'fiction']"
23287179,"['fiction', 'historical', 'children']"
23289469,"['mystery', 'fiction', 'children']"
23299512,"['fantasy', 'horror', 'sci-fi']"
23301545,"['fantasy', 'children', 'fiction']"
23305614,"['romance', 'fiction', 'children']"
23308084,"['fantasy', 'romance', 'fiction']"
23317538,"['fiction', 'philosophy', 'poetry']"
23341607,"['fiction', 'romance', 'children']"
23341855,"['romance', 'nonfiction', 'fiction']"
23341862,"['historical', 'fiction', 'nonfiction']"
23341894,"['fiction', 'romance', 'poetry']"
23346377,"['mystery', 'fiction', 'horror']"
23346719,"['mystery', 'fiction', 'children']"
23346918,"['mystery', 'fiction', 'horror']"
23355069,"['romance', 'fiction', 'nonfiction']"
23355896,"['romance', 'historical', 'fiction']"
23357188,"['romance', 'mystery', 'fiction']"
23363874,"['fiction', 'historical', 'philosophy']"
23363928,"['fantasy', 'fiction', 'horror']"
23395680,"['sci-fi', 'fiction', 'fantasy']"
23398625,"['fiction', 'romance', 'children']"
23398806,"['mystery', 'fiction', 'horror']"
23398961,"['fiction', 'mystery', 'romance']"
23399022,"['historical', 'fiction', 'mystery']"
23437156,"['fantasy', 'fiction', 'romance']"
23453099,"['fiction', 'mystery', 'nonfiction']"
23453112,"['fiction', 'philosophy', 'historical']"
23460830,"['fiction', 'fantasy', 'horror']"
23481669,"['fiction', 'historical', 'nonfiction']"
23485372,"['fantasy', 'fiction', 'romance']"
23492288,"['mystery', 'fiction', 'horror']"
23492613,"['fiction', 'romance', 'children']"
23492661,"['romance', 'fiction', 'nonfiction']"
23492673,"['fiction', 'historical', 'romance']"
23492741,"['fiction', 'historical', 'romance']"
23503361,"['fiction', 'romance', 'children']"
23507745,"['children', 'fantasy', 'fiction']"
23512999,"['nonfiction', 'horror', 'fiction']"
23513349,"['fiction', 'poetry', 'romance']"
23533039,"['fiction', 'sci-fi', 'fantasy']"
23545800,"['romance', 'nonfiction', 'fiction']"
23553419,"['mystery', 'fiction', 'horror']"
23566909,"['children', 'fiction', 'mystery']"
23569783,"['fiction', 'romance', 'children']"
23587984,"['romance', 'nonfiction', 'fiction']"
23602473,"['fiction', 'poetry', 'nonfiction']"
23602504,"['mystery', 'fiction', 'nonfiction']"
23602561,"['fiction', 'mystery', 'historical']"
23602562,"['fiction', 'romance', 'children']"
23604559,"['fiction', 'fantasy', 'children']"
23638955,"['mystery', 'fiction', 'children']"
23647129,"['fiction', 'philosophy', 'historical']"
23664710,"['mystery', 'fiction', 'children']"
23675858,"['sci-fi', 'fiction', 'mystery']"
23692271,"['fiction', 'philosophy', 'nonfiction']"
23705512,"['fiction', 'historical', 'nonfiction']"
23714532,"['romance', 'fiction', 'nonfiction']"
23714544,"['romance', 'fiction', 'nonfiction']"
23717678,"['mystery', 'fiction', 'horror']"
23719378,"['fiction', 'mystery', 'historical']"
23719479,"['historical', 'fiction', 'nonfiction']"
23731881,"['fiction', 'nonfiction', 'poetry']"
23734628,"['fantasy', 'romance', 'horror']"
23743603,"['fiction', 'horror', 'mystery']"
23745132,"['fiction', 'mystery', 'romance']"
23745189,"['fantasy', 'fiction', 'romance']"
23746004,"['mystery', 'fiction', 'horror']"
23751850,"['fiction', 'romance', 'nonfiction']"
23754479,"['fiction', 'poetry', 'nonfiction']"
23766634,"['fantasy', 'romance', 'horror']"
23844390,"['romance', 'fiction', 'nonfiction']"
23846013,"['fantasy', 'sci-fi', 'romance']"
23848559,"['historical', 'fiction', 'nonfiction']"
23899174,"['fiction', 'historical', 'romance']"
23929479,"['fiction', 'nonfiction', 'philosophy']"
23995231,"['fiction', 'historical', 'romance']"
24019187,"['fiction', 'graphic', 'historical']"
24040551,"['mystery', 'horror', 'fiction']"
24041443,"['fiction', 'romance', 'children']"
24044596,"['romance', 'fantasy', 'nonfiction']"
24120519,"['fantasy', 'fiction', 'horror']"
24189224,"['fiction', 'historical', 'mystery']"
24228353,"['fiction', 'children', 'nonfiction']"
24378015,"['romance', 'mystery', 'horror']"
24388326,"['fiction', 'sci-fi', 'fantasy']"
24396884,"['mystery', 'fiction', 'horror']"
24422492,"['romance', 'mystery', 'horror']"
24429934,"['fiction', 'mystery', 'fantasy']"
24445517,"['romance', 'fiction', 'nonfiction']"
24452249,"['fiction', 'children', 'horror']"
24453082,"['fiction', 'poetry', 'philosophy']"
24465724,"['sci-fi', 'romance', 'fiction']"
24473465,"['mystery', 'fiction', 'horror']"
24473763,"['fantasy', 'romance', 'horror']"
24480276,"['fiction', 'romance', 'children']"
24488476,"['sci-fi', 'fiction', 'fantasy']"
24499258,"['horror', 'fiction', 'fantasy']"
24504274,"['romance', 'fantasy', 'nonfiction']"
24529123,"['fiction', 'mystery', 'horror']"
24586590,"['mystery', 'fiction', 'horror']"
24611425,"['fiction', 'historical', 'philosophy']"
24611454,"['romance', 'fantasy', 'horror']"
24612118,"['fiction', 'romance', 'nonfiction']"
24612624,"['children', 'fiction', 'romance']"
24631990,"['mystery', 'fiction', 'nonfiction']"
24709327,"['fiction', 'fantasy', 'philosophy']"
24728470,"['historical', 'fiction', 'poetry']"
24817626,"['fiction', 'historical', 'nonfiction']"
24819476,"['fiction', 'romance', 'children']"
24820165,"['fiction', 'romance', 'mystery']"
24859245,"['mystery', 'fiction', 'children']"
24876258,"['fantasy', 'fiction', 'sci-fi']"
24902492,"['fiction', 'historical', 'romance']"
24903031,"['horror', 'romance', 'historical']"
24903919,"['mystery', 'fiction', 'horror']"
24911006,"['fiction', 'mystery', 'romance']"
24920901,"['romance', 'nonfiction', 'fiction']"
24934065,"['fantasy', 'romance', 'fiction']"
24937499,"['mystery', 'fiction', 'horror']"
24940998,"['mystery', 'fiction', 'romance']"
24950845,"['mystery', 'fiction', 'romance']"
24961498,"['fiction', 'historical', 'romance']"
24961531,"['fiction', 'romance', 'historical']"
25005214,"['fantasy', 'sci-fi', 'nonfiction']"
25010281,"['mystery', 'fiction', 'horror']"
25041504,"['fiction', 'romance', 'children']"
25056528,"['romance', 'nonfiction', 'fiction']"
25065522,"['historical', 'fiction', 'nonfiction']"
25065629,"['historical', 'fiction', 'poetry']"
25066591,"['mystery', 'fiction', 'nonfiction']"
25066991,"['mystery', 'fiction', 'horror']"
25067046,"['historical', 'fiction', 'sci-fi']"
25074850,"['mystery', 'fiction', 'nonfiction']"
25104491,"['mystery', 'fiction', 'horror']"
25106926,"['fiction', 'historical', 'romance']"
25111004,"['romance', 'fiction', 'nonfiction']"
25114548,"['mystery', 'romance', 'fiction']"
25131600,"['historical', 'fiction', 'sci-fi']"
25142924,"['fiction', 'poetry', 'fantasy']"
25152052,"['fiction', 'romance', 'historical']"
25153134,"['mystery', 'fiction', 'horror']"
25205422,"['romance', 'fiction', 'nonfiction']"
25222064,"['children', 'fiction', 'graphic']"
25228579,"['fiction', 'romance', 'children']"
25241477,"['mystery', 'horror', 'fantasy']"
25242224,"['fiction', 'romance', 'nonfiction']"
25251757,"['mystery', 'fiction', 'nonfiction']"
25279165,"['fiction', 'historical', 'romance']"
25293695,"['horror', 'romance', 'fantasy']"
25316313,"['mystery', 'romance', 'fiction']"
25332115,"['historical', 'fiction', 'philosophy']"
25337081,"['mystery', 'romance', 'fiction']"
25372801,"['fantasy', 'fiction', 'sci-fi']"
25387202,"['historical', 'fiction', 'sci-fi']"
25387351,"['mystery', 'fiction', 'nonfiction']"
25422234,"['fiction', 'historical', 'nonfiction']"
25430584,"['fiction', 'mystery', 'children']"
25451555,"['fantasy', 'graphic', 'fiction']"
25451852,"['fantasy', 'fiction', 'horror']"
25454883,"['romance', 'mystery', 'horror']"
25489012,"['fiction', 'historical', 'nonfiction']"
25489025,"['fiction', 'nonfiction', 'horror']"
25489625,"['fiction', 'historical', 'nonfiction']"
25494343,"['horror', 'romance', 'fantasy']"
25507925,"['fiction', 'historical', 'nonfiction']"
25526965,"['mystery', 'horror', 'nonfiction']"
25527908,"['fiction', 'mystery', 'horror']"
25558608,"['fantasy', 'romance', 'sci-fi']"
25564446,"['romance', 'fiction', 'nonfiction']"
25564665,"['romance', 'nonfiction', 'fiction']"
25573977,"['fiction', 'romance', 'nonfiction']"
25574782,"['mystery', 'fiction', 'horror']"
25613617,"['mystery', 'fiction', 'romance']"
25614492,"['fiction', 'historical', 'romance']"
25614598,"['mystery', 'horror', 'fiction']"
25614984,"['fiction', 'philosophy', 'nonfiction']"
25624089,"['historical', 'fiction', 'nonfiction']"
25644437,"['mystery', 'fiction', 'horror']"
25644601,"['romance', 'fiction', 'nonfiction']"
25663717,"['fiction', 'historical', 'children']"
25663888,"['mystery', 'fiction', 'horror']"
25664459,"['fiction', 'historical', 'nonfiction']"
25666046,"['fiction', 'mystery', 'historical']"
25671827,"['romance', 'poetry', 'fiction']"
25671861,"['fiction', 'historical', 'mystery']"
25689074,"['sci-fi', 'children', 'romance']"
25690958,"['fiction', 'historical', 'romance']"
25693079,"['mystery', 'fiction', 'romance']"
25711641,"['romance', 'mystery', 'fiction']"
25733983,"['fiction', 'historical', 'nonfiction']"
25733990,"['fiction', 'sci-fi', 'fantasy']"
25734248,"['mystery', 'fiction', 'nonfiction']"
25735012,"['mystery', 'fiction', 'nonfiction']"
25772000,"['romance', 'nonfiction', 'fiction']"
25773504,"['mystery', 'fiction', 'romance']"
25776122,"['fiction', 'historical', 'romance']"
25776210,"['fantasy', 'horror', 'romance']"
25781157,"['fiction', 'children', 'nonfiction']"
25801299,"['mystery', 'fiction', 'horror']"
25802884,"['romance', 'fiction', 'nonfiction']"
25809756,"['romance', 'fiction', 'mystery']"
25813921,"['fiction', 'philosophy', 'nonfiction']"
25813937,"['fiction', 'historical', 'nonfiction']"
25814512,"['fiction', 'historical', 'romance']"
25816688,"['horror', 'fiction', 'sci-fi']"
25817162,"['fiction', 'historical', 'romance']"
25817493,"['fiction', 'historical', 'horror']"
25817528,"['fiction', 'romance', 'nonfiction']"
25817531,"['mystery', 'fiction', 'nonfiction']"
25828204,"['romance', 'fiction', 'nonfiction']"
25837338,"['fiction', 'historical', 'nonfiction']"
25837341,"['mystery', 'fiction', 'romance']"
25852784,"['fiction', 'nonfiction', 'historical']"
25852870,"['fiction', 'romance', 'historical']"
25855506,"['graphic', 'fiction', 'nonfiction']"
25866725,"['mystery', 'fiction', 'horror']"
25877663,"['sci-fi', 'fiction', 'fantasy']"
25883848,"['romance', 'fiction', 'nonfiction']"
25893582,"['romance', 'fiction', 'children']"
25893693,"['fiction', 'historical', 'nonfiction']"
25893709,"['fiction', 'children', 'nonfiction']"
25899336,"['fiction', 'historical', 'nonfiction']"
25912358,"['romance', 'nonfiction', 'fiction']"
25937671,"['historical', 'fiction', 'children']"
25953369,"['fiction', 'historical', 'nonfiction']"
26025580,"['mystery', 'fiction', 'nonfiction']"
26025989,"['historical', 'fiction', 'nonfiction']"
26061591,"['mystery', 'fiction', 'horror']"
26072609,"['historical', 'fiction', 'nonfiction']"
26074181,"['sci-fi', 'romance', 'fantasy']"
26109394,"['mystery', 'fiction', 'horror']"
26114135,"['fiction', 'romance', 'nonfiction']"
26114516,"['fiction', 'romance', 'mystery']"
26116430,"['fiction', 'children', 'poetry']"
26131641,"['fiction', 'children', 'romance']"
26154406,"['mystery', 'fiction', 'nonfiction']"
26158341,"['mystery', 'fiction', 'nonfiction']"
26192467,"['fiction', 'romance', 'children']"
26192646,"['fiction', 'romance', 'fantasy']"
26200563,"['fiction', 'historical', 'poetry']"
26214866,"['mystery', 'fiction', 'nonfiction']"
26224667,"['romance', 'fiction', 'nonfiction']"
26228034,"['fantasy', 'fiction', 'sci-fi']"
26236956,"['romance', 'mystery', 'fiction']"
26245850,"['mystery', 'fiction', 'nonfiction']"
26245853,"['mystery', 'fiction', 'horror']"
26247008,"['fiction', 'romance', 'mystery']"
26252659,"['romance', 'nonfiction', 'fiction']"
26252859,"['fantasy', 'children', 'horror']"
26583370,"['fiction', 'romance', 'nonfiction']"
26721568,"['romance', 'fiction', 'nonfiction']"
26722820,"['fiction', 'romance', 'horror']"
26771521,"['fiction', 'sci-fi', 'fantasy']"
26827675,"['historical', 'fiction', 'philosophy']"
26891429,"['horror', 'fiction', 'sci-fi']"
26893819,"['fiction', 'mystery', 'historical']"
27070127,"['fiction', 'romance', 'poetry']"
27071490,"['fiction', 'historical', 'nonfiction']"
27083865,"['romance', 'nonfiction', 'poetry']"
27152124,"['romance', 'fiction', 'nonfiction']"
27161156,"['fiction', 'historical', 'nonfiction']"
27161845,"['fiction', 'romance', 'children']"
27170141,"['historical', 'fiction', 'nonfiction']"
27207654,"['mystery', 'fiction', 'nonfiction']"
27209407,"['romance', 'fantasy', 'horror']"
27209486,"['fiction', 'romance', 'nonfiction']"
27213121,"['mystery', 'fiction', 'nonfiction']"
27213163,"['fiction', 'historical', 'nonfiction']"
27220736,"['historical', 'fiction', 'nonfiction']"
27239265,"['mystery', 'fiction', 'nonfiction']"
27252717,"['romance', 'nonfiction', 'fiction']"
27276262,"['fiction', 'fantasy', 'horror']"
27362503,"['romance', 'fiction', 'nonfiction']"
27401883,"['fiction', 'romance', 'mystery']"
27406436,"['romance', 'fantasy', 'nonfiction']"
27406704,"['fiction', 'fantasy', 'romance']"
27419654,"['sci-fi', 'fiction', 'mystery']"
27423283,"['fiction', 'mystery', 'romance']"
27810589,"['mystery', 'fiction', 'nonfiction']"
27821486,"['mystery', 'fiction', 'nonfiction']"
27824826,"['mystery', 'fiction', 'nonfiction']"
27833670,"['fiction', 'sci-fi', 'mystery']"
27864391,"['fiction', 'historical', 'romance']"
27868677,"['fiction', 'historical', 'romance']"
27883214,"['fantasy', 'romance', 'fiction']"
27904311,"['fantasy', 'children', 'horror']"
28016509,"['mystery', 'fiction', 'nonfiction']"
28077464,"['mystery', 'fiction', 'children']"
28187230,"['mystery', 'fiction', 'horror']"
28204534,"['graphic', 'fiction', 'sci-fi']"
28214365,"['fiction', 'children', 'nonfiction']"
28220985,"['mystery', 'fiction', 'horror']"
28233082,"['mystery', 'fiction', 'nonfiction']"
28240855,"['mystery', 'fiction', 'horror']"
28251002,"['fiction', 'historical', 'nonfiction']"
28257707,"['fiction', 'philosophy', 'romance']"
28260587,"['fantasy', 'romance', 'horror']"
28262024,"['romance', 'nonfiction', 'fantasy']"
28374062,"['mystery', 'fiction', 'horror']"
28390369,"['fiction', 'nonfiction', 'poetry']"
28449257,"['fiction', 'mystery', 'historical']"
28449270,"['fiction', 'romance', 'children']"
28477789,"['romance', 'fiction', 'nonfiction']"
28587957,"['fiction', 'romance', 'children']"
28678119,"['romance', 'fiction', 'nonfiction']"
28686830,"['mystery', 'fiction', 'romance']"
28686840,"['romance', 'fiction', 'children']"
28698036,"['fantasy', 'nonfiction', 'fiction']"
28763485,"['romance', 'fiction', 'nonfiction']"
28802599,"['mystery', 'fiction', 'horror']"
28815371,"['fiction', 'nonfiction', 'romance']"
28815474,"['mystery', 'fiction', 'nonfiction']"
28862528,"['graphic', 'fantasy', 'fiction']"
28959148,"['fiction', 'romance', 'nonfiction']"
28965131,"['mystery', 'fiction', 'nonfiction']"
29008738,"['fantasy', 'romance', 'horror']"
29056083,"['fantasy', 'fiction', 'children']"
29072594,"['historical', 'fiction', 'poetry']"
29103028,"['fantasy', 'fiction', 'nonfiction']"
29104680,"['romance', 'nonfiction', 'fiction']"
29154543,"['mystery', 'fiction', 'horror']"
29236299,"['sci-fi', 'fiction', 'romance']"
29340182,"['fiction', 'historical', 'romance']"
29354916,"['mystery', 'fiction', 'nonfiction']"
29367958,"['romance', 'fiction', 'fantasy']"
29405093,"['fiction', 'historical', 'nonfiction']"
29430007,"['mystery', 'fiction', 'nonfiction']"
29430012,"['fiction', 'historical', 'nonfiction']"
29430013,"['mystery', 'fiction', 'nonfiction']"
29430788,"['fiction', 'fantasy', 'romance']"
29437949,"['mystery', 'fiction', 'horror']"
29519514,"['romance', 'fiction', 'nonfiction']"
29519517,"['romance', 'mystery', 'fiction']"
29610595,"['romance', 'mystery', 'fiction']"
29632984,"['fiction', 'mystery', 'romance']"
29639736,"['fiction', 'mystery', 'romance']"
29780253,"['historical', 'fiction', 'nonfiction']"
29868610,"['fiction', 'historical', 'nonfiction']"
29906980,"['fiction', 'historical', 'fantasy']"
29925715,"['mystery', 'fiction', 'nonfiction']"
29975458,"['mystery', 'fiction', 'nonfiction']"
29981261,"['mystery', 'horror', 'fiction']"
29991719,"['romance', 'nonfiction', 'fiction']"
30002998,"['fiction', 'romance', 'children']"
30008702,"['fiction', 'mystery', 'poetry']"
30065028,"['fantasy', 'fiction', 'horror']"
30226723,"['fantasy', 'sci-fi', 'fiction']"
30253700,"['romance', 'nonfiction', 'fiction']"
30253864,"['fiction', 'historical', 'nonfiction']"
30314465,"['mystery', 'fiction', 'horror']"
30364931,"['romance', 'nonfiction', 'fiction']"
30555488,"['fiction', 'historical', 'fantasy']"
30831912,"['fantasy', 'fiction', 'nonfiction']"
30839185,"['romance', 'fiction', 'nonfiction']"
31140847,"['romance', 'nonfiction', 'fiction']"
31176886,"['mystery', 'fiction', 'romance']"
31194270,"['mystery', 'fiction', 'romance']"
31538614,"['fantasy', 'nonfiction', 'fiction']"
31538635,"['fantasy', 'nonfiction', 'fiction']"
31538647,"['fantasy', 'nonfiction', 'fiction']"
31845516,"['historical', 'fiction', 'philosophy']"
32075671,"['fiction', 'children', 'poetry']"
32848471,"['romance', 'nonfiction', 'fiction']"
33288638,"['romance', 'fiction', 'nonfiction']"
